1,1,1,0,1,1,1,0,1,1,mi
0,0,0,1,0,0,0,0,0,0,mic̷ičana
1,1,0,0,1,1,0,1,1,0,poeti
0,0,0,0,0,0,1,0,1,0,haipiwe
0,0,0,0,0,0,0,0,0,0,šamakana
0,0,0,1,0,0,1,0,0,1,hašatana
0,0,0,0,0,0,0,0,0,0,-c̷ane
1,1,0,0,1,1,0,0,1,0,-poda
0,1,0,0,0,0,0,0,1,0,zei
0,0,0,0,0,0,0,0,0,0,bepoa
0,0,0,0,0,0,0,0,0,0,dec̷e
1,0,0,0,0,0,1,0,0,1,lihi-we
0,0,0,0,0,0,0,0,0,0,pezo
0,0,0,0,0,0,0,0,0,0,topo
0,0,0,0,0,0,0,0,0,0,šowaene
1,1,0,0,0,1,1,0,0,0,peati
0,0,0,0,0,0,0,0,0,0,talale
0,0,0,0,0,0,0,0,0,0,haha-haha
0,0,0,0,0,0,0,0,0,0,pelolo
0,0,0,0,0,0,0,0,0,0,kʷalolo
0,0,0,0,0,0,0,0,0,0,sokaha
0,0,0,0,0,0,0,0,0,0,tašoi
0,0,0,0,0,0,1,1,1,1,c̷ewe
1,1,0,1,1,0,1,1,1,0,hewa
0,0,0,0,0,0,0,1,0,0,esi
0,0,0,0,0,0,0,0,0,0,mata-bene
0,0,0,0,0,0,0,0,1,0,mioso
0,0,0,1,0,0,1,0,1,0,bene
0,0,0,0,0,0,0,0,0,0,pehe
1,0,0,0,0,0,1,0,0,1,ebeiye
1,0,0,0,0,0,1,0,0,0,laihihiye
0,1,1,1,1,1,1,1,1,1,pa
0,0,0,0,0,0,0,0,0,0,pa-ezae
0,0,0,0,0,0,0,0,0,0,babataso
0,0,0,0,0,0,0,0,0,0,tipao
0,1,1,1,1,0,0,0,1,0,bi(y)o
0,1,0,0,1,1,1,1,0,0,wizaboto
1,1,1,1,0,1,1,1,0,1,lobo-ti
0,1,0,0,0,0,0,1,1,0,sipa
0,1,1,1,1,0,0,0,0,0,teli
1,1,1,0,1,1,0,1,0,1,dilo-ti
1,1,1,1,0,1,0,0,1,1,dilo
0,0,0,0,0,0,0,0,0,0,tomo
1,1,0,1,1,1,1,1,1,1,eotata
0,0,0,0,0,0,1,0,0,0,silo
0,0,1,0,0,0,0,1,0,0,zilo
1,1,0,1,1,1,1,1,1,1,meiya
0,0,0,0,1,0,1,0,0,0,tabo
0,0,0,0,0,0,0,0,0,0,pele
1,1,1,0,0,0,0,0,0,0,ada
1,0,0,1,0,1,0,0,0,0,lada
1,1,1,1,1,0,1,1,1,1,lolo-a
0,0,0,0,0,0,0,1,0,0,šodo
0,0,0,0,0,0,0,0,1,0,bele
1,0,0,0,1,0,1,0,0,0,zaboboa
1,0,1,0,1,0,0,1,1,0,bodoa
0,0,0,0,0,0,0,0,0,0,hepe
0,0,0,1,0,0,1,0,0,0,ani
1,1,0,0,0,1,0,1,0,1,neti
0,0,0,0,0,0,0,0,0,0,ha-sisa
0,0,1,1,0,0,1,0,0,1,ha-wana
0,1,0,0,0,1,0,1,0,0,iša
1,0,0,0,1,1,0,1,0,0,iša-bote-a
1,1,1,0,1,0,0,1,1,0,lele
0,0,0,0,0,0,0,0,0,0,abikʷe
0,0,0,0,0,0,0,0,0,0,kʷaebaha
0,0,0,0,0,0,0,0,0,0,šowae-hi
1,1,1,1,1,1,1,1,0,1,woya
0,1,1,1,1,1,1,1,1,1,hoya
0,0,0,0,0,0,0,0,1,1,c̷o
0,0,0,0,1,0,0,1,1,0,c̷a
1,0,1,0,0,1,1,1,0,1,c̷anati
0,0,0,0,0,0,0,0,0,0,tibone
1,1,0,0,0,1,1,0,0,0,baleweti
1,1,1,0,1,1,1,1,1,1,ti
0,1,0,0,0,1,0,0,0,0,sihi
0,1,0,0,0,0,0,0,0,1,ai-kana
0,0,0,1,0,0,0,0,1,1,isea
1,1,0,0,1,1,1,0,0,0,toaba
0,0,0,0,0,1,0,0,0,1,hemi
0,0,0,0,0,0,0,0,0,0,mec̷e
0,0,0,0,1,0,0,0,0,0,walo
0,0,0,0,1,0,0,0,0,0,walo-walo
0,0,0,0,0,0,0,0,0,0,walo-i
0,0,0,0,0,0,0,0,1,0,pele-i
1,1,1,1,1,1,1,1,1,1,kanawa
0,0,1,0,0,0,0,1,0,0,lokʷikʷihi
0,0,0,0,0,0,0,0,0,0,loene
0,0,0,0,0,0,0,0,0,0,wele
0,0,1,0,0,1,0,0,0,1,dizi
0,0,0,0,0,0,0,0,0,0,he-anawiki
0,0,0,0,0,0,0,0,0,0,doho-i
0,0,0,0,0,0,0,0,0,0,beičowiki
0,1,1,1,1,1,1,1,1,0,ilo
1,1,0,0,1,1,1,1,0,1,heti
1,1,1,0,0,0,0,1,1,1,dobe-a
1,0,1,0,1,0,0,0,1,1,šola
0,0,0,0,0,0,0,0,0,0,mapa
0,0,0,0,0,0,0,0,0,0,doho
0,0,0,0,0,0,1,0,0,0,dohaena
0,1,1,1,0,1,0,1,1,1,nobi
0,0,0,0,0,0,0,0,0,0,kʷaiɲati
0,0,0,0,0,0,0,0,0,0,kʷade
1,0,1,1,1,1,1,1,1,0,ti-ana
1,0,0,1,1,1,1,1,0,1,ana
0,0,0,1,0,0,0,0,1,0,wei
0,0,0,0,0,0,0,0,0,0,beo
1,0,0,0,0,1,0,1,1,0,pobe-a
1,0,0,0,0,0,0,0,0,0,po-haena
0,0,0,0,0,0,1,0,0,0,tenaikana
0,0,0,0,0,0,0,0,1,1,po
0,0,1,1,1,1,0,1,1,1,po-na
1,0,0,0,0,0,0,0,0,0,po-c̷oa
0,0,0,0,0,0,0,0,0,0,hododo
0,0,0,0,0,0,0,0,0,0,ahe
0,0,0,1,0,1,1,1,0,1,bičena
0,0,1,0,0,1,0,1,0,0,bisa
0,0,0,0,1,0,0,0,1,1,hewi-šana
0,0,0,0,0,0,0,0,0,0,šepeha
0,0,0,1,0,0,1,0,0,0,toloanini
1,1,1,1,1,1,1,1,0,1,toloneti
0,1,0,0,0,0,0,0,0,1,lelo
0,0,1,0,1,0,0,0,1,1,wo
0,0,0,0,0,0,0,0,0,0,lepe
0,0,0,0,0,0,0,0,0,0,kʷabec̷a
1,1,1,0,1,0,0,0,0,0,waoti
0,0,0,0,0,1,0,0,0,0,beza
0,1,0,1,1,1,1,1,1,1,zata
1,0,1,1,1,1,1,1,1,0,biǰiloa
0,0,0,0,0,0,0,0,0,0,mawe-anai
0,0,1,1,1,1,1,1,1,1,lia
0,1,1,0,1,0,0,0,1,0,toka
0,0,0,0,0,1,0,0,1,0,iɲa
1,0,0,0,0,0,0,1,1,1,wanabotea
1,1,0,0,1,1,0,1,1,0,ha
0,0,0,0,0,0,0,0,0,0,pai
1,0,0,0,0,0,0,0,0,0,doc̷oa
0,0,0,0,0,0,0,0,0,0,ani-c̷oa
0,0,1,0,0,1,0,0,0,0,doc̷oa-ti
0,0,0,0,0,0,0,0,0,0,podo
0,0,0,0,0,0,0,0,0,0,haha
1,1,0,1,1,1,0,1,1,1,pana
0,0,0,1,0,1,0,0,0,0,dono
1,0,0,0,0,0,0,0,0,0,balele-a
1,0,1,1,1,1,0,1,0,1,liya-liya
0,0,0,0,0,0,0,0,0,0,ewai
0,0,0,0,0,0,0,0,0,0,lobiahi
0,0,0,0,0,0,0,0,0,0,zipe-i
1,1,1,0,1,1,1,0,1,0,kʷaba
1,1,0,1,1,1,1,1,1,1,c̷ota
0,0,0,0,0,0,0,0,0,0,ziki
0,0,0,0,0,0,0,0,0,0,kʷai
0,0,1,0,1,1,0,1,0,1,loto
0,0,0,0,0,0,0,0,0,0,mahi
1,1,1,1,1,1,1,1,1,1,aliba
1,0,0,0,0,0,0,0,0,0,tata-i
0,0,0,0,0,1,1,1,0,1,tomo
0,0,0,0,0,0,0,0,0,0,keločo
0,0,0,0,0,0,0,0,0,0,mewe
0,0,0,0,0,1,1,0,1,0,mewe-ana
1,0,0,0,0,0,0,0,1,0,imea
0,0,0,0,0,0,0,0,1,1,me
0,1,0,0,0,0,0,1,1,1,bobo-i
0,1,1,0,1,1,0,1,0,0,lokʷa
0,0,1,0,0,0,0,0,0,0,c̷ic̷i
1,1,1,1,1,1,1,1,1,0,zoya
1,0,0,1,0,0,0,0,0,0,tedi
1,0,0,0,0,0,0,0,1,0,solo
1,0,0,1,0,0,0,0,0,0,bade-a
0,0,0,0,0,0,0,0,0,0,lekʷekʷe-a
1,0,1,1,0,1,1,1,1,0,dela
0,1,0,1,0,0,0,0,0,0,kʷihi
0,0,0,0,0,0,0,1,0,0,zio
1,0,0,1,1,1,0,1,1,1,lema
0,0,0,0,0,0,0,0,0,0,lao
0,0,0,0,0,0,0,0,0,0,noi
0,0,0,0,0,0,0,0,0,0,tozo
0,0,0,0,0,1,0,0,1,0,sala
0,0,0,0,0,0,0,0,0,0,lae
0,0,0,0,0,0,0,0,0,0,baha
1,0,1,1,1,0,0,1,0,1,[tišila]
1,1,0,1,1,0,0,1,0,0,[kʷišilo]
1,1,1,0,1,1,0,1,0,0,šoto
0,1,0,0,0,0,1,0,1,1,kʷe
0,0,0,0,0,0,0,0,1,0,hikʷi
0,1,0,0,0,0,0,0,0,0,sasa
0,1,0,1,0,0,1,0,0,0,hala/laha
0,0,0,0,0,0,0,0,1,0,kʷelihi
0,0,1,0,0,0,0,0,0,1,lopo
0,0,0,0,0,0,0,0,0,0,pec̷e
0,0,0,0,0,0,0,0,0,0,bado
0,1,0,0,0,1,0,1,0,1,misa
0,0,0,0,0,0,0,0,0,0,sičo (?)
0,0,0,0,0,0,0,0,0,0,piso
0,0,0,0,0,0,0,0,0,0,a-laka-laka
0,0,1,1,0,1,1,1,0,1,c̷ona
0,0,1,0,0,0,1,1,1,1,ihi
0,0,0,0,0,0,0,0,0,0,honenea
0,0,0,0,0,0,0,0,0,0,tahaha
0,0,1,0,0,0,0,1,0,0,modo
0,0,0,0,0,0,0,0,0,0,taze
0,0,0,0,0,0,0,0,0,0,ac̷a
0,0,0,0,0,0,0,0,0,0,masa-masa-iɲa
0,0,0,0,0,0,0,0,0,1,oši
0,0,0,0,0,0,0,0,0,1,hemi
1,1,1,1,1,0,0,0,1,0,kʷawe-a
1,0,0,1,0,0,0,0,0,0,halili
0,0,0,0,0,0,0,0,0,0,naha
1,0,0,0,0,0,0,0,0,1,madi
0,0,1,1,0,0,0,0,0,1,wiɲi
0,0,0,0,0,0,0,0,0,0,ehi
0,0,0,0,0,0,0,0,0,0,akʷi-šokʷe
0,1,1,0,0,1,0,0,0,1,hono
0,0,0,0,0,0,0,0,0,0,akʷi
0,1,0,0,0,0,0,1,0,0,ec̷a
0,0,0,0,0,0,0,0,0,0,akʷi-iɲa
0,0,0,0,0,0,0,0,0,0,akʷi-ša
1,0,0,1,1,0,0,1,0,0,eša
0,0,0,0,0,0,0,0,0,0,akʷi-c̷aha
0,0,0,0,0,0,0,0,0,0,c̷aha
1,1,0,1,1,1,1,1,0,0,bana
0,0,0,0,0,0,1,0,0,0,zaza
0,0,0,0,1,1,0,0,0,0,noc̷a
0,0,0,0,0,0,0,0,0,0,[aloso]
1,1,0,1,0,1,1,1,1,0,zia
0,0,0,0,0,0,0,0,0,0,ec̷e
0,0,0,0,0,0,0,0,0,0,lalo
0,0,0,0,0,0,0,0,0,0,hiho
0,0,0,0,0,0,0,0,0,0,haha
1,0,0,0,0,0,0,0,1,0,bele
0,1,1,0,0,0,0,0,0,1,loe
1,1,0,1,1,1,1,1,0,1,hana
0,0,0,0,0,0,0,0,0,0,tehe
0,0,0,0,0,0,0,0,0,0,hec̷itone
0,0,0,0,0,0,0,0,0,0,tizazai
1,0,1,1,1,1,1,1,1,1,wana
0,0,0,0,0,1,0,0,0,0,aničada
0,0,0,0,0,0,0,0,0,0,e-ani-hi
0,1,1,0,0,0,0,0,0,0,donoi
0,0,1,0,0,0,0,0,0,0,šoa-wana-i
0,0,0,0,0,0,0,0,0,0,e-hai
1,0,0,0,0,0,1,0,0,1,pene
1,1,0,1,0,0,1,0,0,1,lala
0,0,0,0,0,0,0,0,0,0,c̷ekʷe
1,0,0,0,0,0,0,0,0,0,e-tawi-ke
0,0,0,0,0,0,0,0,0,0,e-tae
0,0,1,0,0,1,0,0,0,0,izi
1,0,0,1,0,0,0,0,0,0,c̷eiɲeba
1,0,0,0,0,0,0,0,0,0,šama-bai
0,0,0,0,0,0,0,0,1,0,zakʷai (?)
0,1,0,0,1,0,0,0,1,0,sopa
0,0,0,0,0,0,0,0,0,0,iɲe
0,0,0,0,0,0,0,0,0,0,kʷaloloihi
0,0,0,0,0,0,0,0,0,0,tasasa
0,0,0,0,0,0,0,0,0,0,noloi
0,0,0,0,0,0,0,0,0,0,telihi
0,0,0,0,0,0,0,0,0,0,timaihi
0,0,0,0,0,0,0,0,0,0,wac̷i-hozoi
0,0,0,0,0,0,0,0,0,0,maaposa
0,1,1,1,0,1,0,1,1,0,noka
0,0,0,1,0,0,0,0,0,0,šopili
0,0,1,1,0,0,0,1,1,1,likʷi
1,0,1,1,1,1,1,1,1,1,lewa
0,0,0,0,0,0,0,0,0,0,tahaha
0,1,1,1,1,0,0,0,0,0,biki
0,0,0,0,0,0,0,0,0,0,wapehe
0,0,0,0,0,0,0,0,0,0,maša
0,0,0,0,0,0,0,0,0,0,maha
1,0,0,0,0,0,0,0,0,0,haiba-i
1,1,0,1,1,1,1,1,0,1,haiba
0,0,0,0,1,0,0,1,1,0,eha
0,0,0,0,0,0,0,0,0,0,walipa-ha
1,1,0,1,1,1,1,0,0,0,hahotana
0,0,1,1,1,1,1,1,1,1,ena
0,0,0,0,0,0,0,0,0,0,namia-izi
1,1,0,0,1,0,0,0,0,1,soso-na
0,0,0,0,0,0,0,0,0,0,waha
0,0,1,0,0,0,0,0,0,0,bizo
0,0,0,0,0,0,0,0,0,0,e-c̷ei
0,0,0,0,0,0,0,0,0,1,c̷ae
0,0,0,0,1,0,0,1,0,0,ešoa
0,0,0,0,0,0,0,0,0,0,kʷae-sapa
0,0,0,0,0,0,0,0,0,0,c̷owaha
0,0,0,0,0,0,0,0,0,0,e-ami
0,0,0,0,0,0,0,0,0,0,mawic̷aha (?)
0,1,1,0,0,0,0,0,0,1,dodo-i
0,0,1,0,0,0,0,0,0,0,dodo
0,0,0,0,0,0,0,0,0,0,semi-semi-a
0,0,0,0,0,0,0,0,0,0,awoc̷a
0,0,0,0,0,0,0,0,0,0,poši
0,1,1,0,0,0,0,0,0,0,dede
0,0,0,0,0,0,0,0,0,0,zeo
0,0,0,0,0,0,0,0,0,0,dakʷa
0,0,1,0,0,0,0,1,1,1,ic̷a
0,1,0,0,1,0,0,0,1,0,oha
0,0,0,0,0,0,0,0,0,0,medihi
0,0,1,0,0,0,0,0,0,0,pičiloe
0,0,0,0,0,0,0,0,0,0,c̷ewai
0,0,0,0,0,0,0,0,0,0,e-mei
0,0,0,0,1,0,1,1,1,0,mato
0,0,0,0,0,0,0,0,0,0,sepe
0,0,0,0,0,0,0,0,0,0,ho-towaha
0,0,0,0,0,0,0,0,0,0,towaha
0,0,0,0,0,0,0,0,0,0,lokʷakʷa
0,0,0,0,0,0,0,0,0,1,hiɲa
0,0,0,0,0,0,0,0,1,0,sapa
1,0,1,0,0,1,0,1,1,0,wiǰi
0,0,0,1,0,0,0,0,0,0,laka
1,1,1,1,1,1,1,1,1,1,mia
1,0,1,0,0,1,1,0,0,0,bibi
0,0,0,0,0,0,0,0,0,0,haizikihae
0,0,0,0,0,0,0,0,0,0,a-dia-lili
0,0,0,0,0,0,0,0,0,0,aiǰihae
0,0,0,0,0,0,0,0,0,0,amahoho
1,1,0,1,1,1,0,0,1,1,hana
1,1,1,0,0,1,1,1,1,1,di
1,1,1,1,0,1,1,1,1,0,didia
1,1,1,0,1,1,1,0,1,0,hanawa
0,0,0,1,0,0,1,0,0,0,apoakata
0,0,0,0,0,0,0,1,0,0,piwiwihi
0,0,1,1,0,0,0,1,1,1,c̷ihi
0,0,0,0,0,0,0,0,0,0,boho
0,0,0,1,0,0,0,0,0,0,lokʷakʷa
1,0,0,0,0,0,1,0,0,1,pololoa
1,1,1,1,1,1,0,1,1,1,toti
1,0,0,0,0,0,0,0,0,0,atai
0,0,0,0,0,0,0,0,0,0,c̷ope
0,0,0,0,0,0,0,0,0,0,c̷opolo
0,0,0,0,0,0,0,0,0,0,mec̷i
0,0,0,0,0,0,0,0,0,0,papa
0,0,0,0,0,0,0,0,0,0,iše
0,0,0,0,1,0,0,0,0,0,mano
0,0,0,0,0,0,0,0,0,0,ize
0,0,0,0,0,0,0,0,0,0,haiǰa-owe
0,0,1,1,0,0,1,1,1,0,nawi
1,1,0,1,0,0,0,0,1,1,liati
1,1,1,0,1,1,0,1,0,0,loleti
1,1,0,0,1,1,0,0,1,0,domi
0,1,1,1,1,1,1,1,1,1,wi
1,1,0,0,1,1,1,1,1,0,tawi-ba
0,0,1,0,0,1,1,1,1,0,tawi
0,0,0,0,0,0,0,0,0,0,c̷eo
0,0,0,0,0,0,0,0,0,0,c̷oi
0,0,0,0,0,1,1,0,0,0,bataiyo
0,0,0,0,0,0,0,1,0,0,kʷedi
1,0,0,0,0,0,0,0,0,0,welolo
0,0,0,0,0,0,0,0,0,0,tizo
1,0,0,0,1,0,0,0,0,0,oto
0,0,0,0,0,0,0,0,1,0,c̷odo
0,0,0,0,0,1,0,0,1,0,kʷac̷a-wati
0,0,0,0,0,0,0,0,0,0,hana-miki
1,1,1,1,1,1,0,1,1,1,eti
1,0,0,0,0,0,0,0,0,0,hanana-me-i
0,0,1,0,0,1,0,1,0,0,mani
1,0,0,0,1,0,1,1,0,0,moto
1,1,0,1,0,0,0,1,1,1,c̷ama
0,1,0,0,0,0,0,0,0,0,ese
0,0,0,0,0,0,0,0,0,0,hememe-i
0,0,0,0,0,0,0,0,0,0,pehaha
0,0,0,1,0,0,0,0,0,0,takʷa
1,1,0,0,0,1,0,1,1,0,mosozata
0,0,0,0,0,0,0,0,0,0,mosoho
0,0,1,0,1,0,1,0,1,0,c̷omoto
0,0,0,0,0,0,0,0,0,0,ac̷o
1,1,0,0,1,1,0,1,1,1,emi
0,0,1,0,0,0,0,0,0,0,c̷edo
0,1,0,0,1,1,0,0,0,0,e-iɲa
0,0,0,0,0,0,0,0,0,0,naba-i
0,0,0,0,0,0,0,0,0,0,wac̷i-ac̷a
0,0,0,0,0,0,0,0,0,0,padi
0,0,0,0,0,0,0,0,0,0,tomihaha
0,0,0,0,0,0,0,0,0,0,wac̷i
1,0,0,0,0,0,0,0,0,0,eadai
0,0,0,0,0,0,0,0,0,0,madaha
0,0,1,0,0,0,0,0,0,0,wisoi-ono
0,0,0,0,0,0,0,0,0,0,hec̷i
0,0,0,1,0,1,0,1,0,1,tiǰada
1,1,0,1,1,1,1,1,1,1,eta
0,0,0,0,0,0,0,0,0,0,me-tezi
0,0,0,0,0,0,0,0,0,0,me-šokʷe
0,0,0,0,0,0,0,0,0,0,me-ac̷a
0,0,0,1,1,0,0,0,0,0,me-takʷa
0,0,0,0,0,0,0,0,0,1,e-me
1,1,1,0,1,1,1,1,1,0,me-bahatibo
0,0,0,0,0,0,0,0,0,0,bac̷o
0,0,0,0,0,0,0,0,0,0,nokʷizi
0,0,0,0,0,0,0,0,0,0,ebai
0,0,0,0,0,0,0,0,0,0,bata-sepe
0,1,1,1,1,1,1,1,1,1,bata
0,0,0,0,1,0,0,0,1,1,ebe-
0,0,1,0,0,0,0,0,0,0,tiado
1,0,0,1,1,1,0,1,1,0,nala
0,0,0,0,0,0,0,0,0,0,e-amaha
0,1,0,0,0,1,0,0,0,0,kʷe-ono
1,1,0,1,1,1,1,1,0,1,e-ana
0,0,0,0,0,0,0,0,0,0,kʷekʷe
0,0,0,0,0,0,0,0,0,0,e-kʷe
0,0,0,0,0,0,0,0,0,0,kʷac̷a
0,0,0,0,0,0,0,0,0,0,wizi
1,0,0,1,1,1,1,1,1,0,ewi
0,0,0,0,0,0,0,0,0,0,e-iza-ha
1,0,0,0,0,1,1,0,1,0,labi
0,0,0,0,0,0,0,1,0,0,toa-bei
1,0,0,1,1,1,1,1,0,0,e-toa
1,0,0,1,0,0,0,0,0,0,maedada
0,0,1,0,0,0,1,1,1,0,zawi
0,0,0,1,1,1,1,1,1,0,e-bo
0,0,0,0,0,0,0,0,0,0,doboso
0,0,0,0,0,0,0,0,0,0,besese
0,0,1,0,0,1,0,0,0,0,pihono
0,0,0,0,1,0,0,0,0,0,be-bakʷa
0,1,0,1,0,0,0,0,0,0,siča
1,1,1,1,1,1,1,1,1,0,dana
0,0,0,0,0,0,0,0,0,0,pe-ac̷a
0,0,0,0,0,0,0,0,0,0,e-c̷oa
0,0,0,0,0,0,1,0,0,0,haona
0,0,0,0,0,0,0,1,0,0,ami
0,0,0,0,0,0,0,0,0,0,noho-noho
0,1,0,0,0,0,0,1,0,0,kʷesa
1,0,0,0,0,0,0,0,0,0,šoa-iɲa
1,0,0,0,1,0,0,1,0,0,kʷiča
0,1,1,1,0,1,1,1,1,1,dati
1,1,1,1,1,1,1,0,0,0,matoa
0,0,0,1,0,0,0,0,0,0,banakʷa
0,0,0,0,0,0,0,1,0,0,pisoso
0,1,0,0,0,0,0,0,0,0,ano-bololo
0,0,0,0,0,0,0,1,0,0,zemo
0,0,0,0,0,0,0,0,0,0,c̷a-i
0,0,0,0,0,0,0,0,0,0,c̷ekele
1,0,0,0,0,0,0,0,0,0,hababa-i
0,0,0,0,0,0,0,0,0,0,hapo-i
0,0,0,0,0,0,0,0,0,0,kʷiɲa-hola-hola-i
0,0,0,0,0,0,0,0,0,0,kʷiɲa-boze
0,0,0,1,1,0,0,0,0,0,ba'kʷa
1,0,1,0,1,0,0,1,1,1,hoto
1,1,0,1,0,1,1,1,1,1,c̷ena
0,1,1,1,1,1,0,0,1,1,dihi
0,1,0,1,0,0,0,0,1,0,c̷ani
0,0,0,0,0,0,0,0,0,0,pehihi
0,0,0,0,0,0,0,0,1,0,wele-wele-i
1,1,1,1,1,1,1,1,1,1,bia
0,0,0,0,0,0,0,0,0,0,a-ize
0,0,0,0,0,0,0,0,0,0,lewa-lewa-i
0,0,0,0,0,0,0,0,0,0,kaleši
0,1,0,0,1,0,1,1,1,0,bototo
0,0,0,0,0,0,0,1,0,0,loso
1,0,1,0,0,1,0,1,0,0,boatiki
1,0,0,1,1,0,0,1,0,0,zomama
0,0,0,0,0,0,0,0,0,0,ahi
0,0,0,0,0,0,0,0,0,0,bakʷa-piɲoli
0,0,0,0,0,0,0,0,0,0,iɲakʷa
0,0,0,0,0,0,0,0,0,0,dokʷe-i
0,0,0,0,0,0,0,0,0,0,šaha
0,0,0,0,0,0,0,0,0,0,c̷amao
0,0,0,0,0,0,0,1,0,0,ešoli
1,1,1,0,0,1,1,0,0,0,babi
0,0,0,0,0,0,0,0,0,0,bewe
0,0,0,0,1,0,1,0,0,0,tamo
0,0,0,0,0,0,0,0,1,0,wahei
0,0,0,0,0,0,0,0,0,1,hae
0,1,0,1,1,0,1,0,0,0,misi
0,0,1,0,0,0,0,0,0,0,wai
0,0,0,0,0,0,0,0,0,0,wodoho
1,0,0,0,0,0,1,0,0,0,popo
0,1,0,0,0,0,0,0,0,1,leo
0,0,0,0,0,0,0,0,0,0,holakʷa
0,1,0,0,0,0,1,0,1,0,pawi-pawi
0,0,0,0,0,1,0,0,0,0,biɲa
1,0,0,0,0,1,0,0,0,1,hamani
0,0,0,0,0,0,0,0,0,0,šoatai
1,1,0,1,1,1,1,1,1,1,tawata
1,0,0,1,1,0,1,0,1,1,babasata
0,0,0,0,0,0,0,0,0,0,lao
1,0,1,1,0,1,1,1,1,1,boni
0,0,0,0,0,0,0,0,0,0,hahi
0,0,0,0,0,0,0,0,0,0,hohe
0,0,0,0,0,0,0,0,0,0,walipa
1,1,1,1,1,1,1,1,1,0,[čiba]
0,0,0,0,0,0,0,0,0,0,koc̷i
0,0,0,0,0,0,0,0,0,0,[waka]
0,0,0,0,0,0,0,0,0,0,doe-mec̷e
0,0,0,0,0,0,0,0,0,0,kʷala-doe
1,1,1,0,1,1,1,1,1,0,wawa
0,0,0,1,0,0,0,0,0,0,nene
0,0,0,0,0,0,0,0,0,0,oc̷e
0,0,1,1,0,0,0,1,0,0,ano
0,1,0,1,0,0,0,0,0,0,esi
0,0,0,1,1,0,0,0,0,0,poisa
0,0,0,0,0,0,0,0,0,0,baba-šodi
0,0,0,0,0,0,0,0,0,0,e-doe
1,1,0,1,1,1,1,0,0,0,zana
0,0,1,0,0,0,0,1,0,1,dodo
0,0,0,0,0,0,0,0,0,0,mama-zao
0,0,1,1,0,1,0,0,0,0,no-lipi
0,0,0,0,1,0,0,0,1,0,mama
1,0,1,1,1,0,0,0,1,0,no
0,0,0,0,0,0,0,0,0,0,zao
0,0,1,0,0,0,0,0,0,0,anodi
1,0,0,1,0,0,0,0,0,0,bakʷe-dea
1,1,1,0,1,1,0,0,0,0,todi
0,0,0,0,0,0,0,0,0,0,wane-i
0,0,0,1,0,1,0,0,0,0,kʷala
1,0,0,0,0,0,0,0,0,1,wadi
0,0,0,0,0,0,0,0,0,0,kʷiča-po
0,0,0,0,0,0,0,0,0,1,tadi
1,0,0,0,0,0,0,0,0,0,wane-i
0,0,0,0,0,0,0,0,0,0,wane
0,0,0,0,0,0,0,0,1,0,e-awe
0,0,0,0,0,0,0,0,0,0,ezoe
0,0,0,0,0,0,0,0,0,0,noehaha
0,0,0,0,0,0,0,0,0,0,bakʷe-pona
0,0,0,0,0,0,0,0,0,0,waezakʷa
0,0,0,0,0,0,0,0,0,0,šakʷa
0,0,0,0,0,0,0,0,0,0,tadada
0,0,0,0,1,0,0,0,1,0,tolo
1,1,1,1,1,1,0,1,1,1,pona
0,0,1,1,1,1,0,1,1,0,dea
0,0,0,0,1,0,0,0,0,0,e-kʷiča
0,0,0,0,0,0,0,0,1,0,c̷edapo
0,0,0,0,0,0,0,0,0,0,tezi
0,1,1,0,1,1,1,1,1,0,kʷa-ti
0,0,0,0,0,0,0,0,0,0,[fosforo]
1,0,0,0,0,0,0,0,1,0,sami
0,0,1,1,0,0,0,0,0,0,šenono
1,1,0,1,1,1,1,1,1,1,weta
0,0,0,0,0,0,0,0,0,0,oc̷o
1,0,0,0,0,0,0,0,0,0,oc̷o-a
0,0,0,0,1,1,1,0,1,0,timo
0,0,0,0,0,0,0,0,0,0,hodo
1,0,0,0,0,0,0,0,1,0,aweo
1,0,0,0,1,1,0,0,1,0,mala
1,0,1,0,0,0,0,0,0,0,nai
1,0,1,1,1,1,1,0,1,1,beni
0,0,0,0,0,0,0,0,0,0,boso
0,0,0,0,0,0,0,0,0,0,mozizi-bade
1,0,0,1,0,0,1,0,0,0,šalada
0,0,0,0,0,0,0,0,0,0,a-apo
1,1,0,0,0,0,0,0,1,1,hamomoneti
0,0,0,0,0,0,0,0,0,1,ode
0,0,0,0,0,0,0,0,0,0,walibao
0,1,0,0,1,1,1,1,1,1,tili-tili
0,0,0,0,1,0,1,0,1,0,popa
1,0,0,0,0,0,0,0,0,0,badi
1,1,1,0,1,1,0,1,0,1,zeti
0,0,0,0,0,0,0,0,0,0,baepa
0,0,0,0,0,0,0,0,0,0,amaha
1,0,0,0,0,0,1,1,1,0,eiye
0,0,0,0,0,0,0,0,0,0,waza-waza
0,0,0,0,0,0,0,0,0,0,šašo-kʷe
0,0,0,0,0,0,0,0,0,0,mano
0,0,0,0,0,0,0,0,0,0,wac̷a
0,0,0,0,0,0,0,0,0,0,bai
1,1,0,1,1,1,1,1,1,1,moba
1,0,0,0,0,0,0,1,0,1,c̷eiɲena
0,1,1,0,0,1,0,0,0,1,eowi
0,0,0,0,0,0,0,0,0,0,patatahapo
1,0,0,1,0,1,1,1,1,0,piwiwineti
0,0,0,0,0,0,0,0,0,0,paša
1,0,1,0,0,1,1,0,0,0,pilika
1,0,1,1,1,1,0,1,1,0,a-bela-bela
0,0,0,0,0,0,0,0,0,0,mezizo
0,0,0,0,0,0,0,0,1,0,poc̷ac̷a-i
1,1,0,1,1,1,1,1,1,1,ewa
0,0,0,1,1,1,1,1,1,0,eowa
0,0,0,0,0,0,0,0,0,0,c̷eiɲe
0,1,1,1,1,0,0,0,1,0,sisa
0,1,0,1,1,1,1,1,1,1,-wena
1,0,0,0,0,0,0,0,0,0,maheheti
0,0,0,0,0,0,0,0,0,0,sisa-ewe
0,0,0,0,0,0,0,0,0,0,mawaokatac̷io
0,0,0,0,0,0,0,0,0,0,ec̷iawe
1,1,1,0,0,1,0,0,1,1,apo-na
1,1,0,1,1,1,1,1,1,0,[ola]
1,0,0,0,1,0,0,0,0,1,malakata
0,0,0,0,0,0,0,1,0,1,hebe
1,1,0,0,0,1,1,1,1,1,-wanikata
1,1,1,1,1,1,1,1,1,0,diba
0,0,0,0,0,0,0,0,0,0,c̷abaha
0,0,0,0,0,0,0,0,0,0,hiɲebaha
0,0,0,0,0,0,0,0,0,0,apaza
1,1,0,0,1,1,1,1,1,1,poc̷otana
1,1,1,1,1,1,1,1,1,1,ba
0,0,0,0,0,0,0,0,0,0,kʷasi
0,0,0,0,0,0,0,0,0,0,kʷae
0,0,0,0,0,0,0,0,0,0,kʷele-kʷele
1,0,0,1,1,1,1,1,1,1,ic̷oba
0,0,1,0,1,0,0,0,1,0,poli
0,0,0,1,0,0,0,0,0,0,noli
0,0,0,0,0,0,0,0,0,1,habatime
0,0,0,0,0,0,0,1,1,0,nime
0,0,0,0,0,0,0,1,0,1,šodi
0,0,0,0,0,0,0,1,1,0,nime
1,1,1,1,0,1,1,1,1,1,di
0,0,0,0,0,0,0,0,0,0,mapisi
1,1,1,0,1,1,1,1,0,0,izibati
0,1,1,0,1,0,0,0,1,0,boli
0,1,0,0,0,1,0,1,1,0,topa
1,0,0,0,0,0,1,0,0,0,ha-topa-ti
1,1,0,0,0,1,1,1,0,0,a-aba
0,0,0,1,0,1,0,0,0,0,-lipi
0,0,0,0,0,0,0,0,0,0,izami
0,0,0,0,0,0,0,0,0,0,zamoho-ti
0,0,0,0,0,0,0,0,0,0,ane
1,0,1,1,1,0,1,1,1,0,neda
0,0,0,0,0,0,0,0,0,0,amosone
1,0,0,0,1,0,0,0,1,1,pahakata
0,0,1,0,0,0,0,0,1,0,ali
0,0,0,0,0,0,0,0,0,0,anime-bataisi
0,0,0,0,0,1,1,0,1,0,ha-oliba-ti
1,1,0,1,1,1,0,1,1,1,pa
1,1,1,1,1,1,1,1,1,1,toa-na
0,0,0,0,0,0,0,0,0,0,zaiki
0,0,0,1,0,0,1,0,0,0,dohoda
1,0,1,1,1,1,1,1,1,0,toma
0,0,0,0,0,0,0,0,0,0,iɲakʷe
0,0,0,0,0,0,0,0,0,0,akeoli
0,0,0,0,0,0,0,0,0,0,aheni
0,0,0,0,0,0,0,0,0,0,amohihi
1,0,0,1,1,1,1,1,1,1,dewa
1,1,0,0,1,1,1,1,1,1,toma
0,0,0,0,0,0,1,0,0,0,iǰada
0,0,0,0,0,0,0,0,0,0,moho
0,1,0,0,1,0,0,0,0,0,izoa
0,0,0,0,0,0,0,0,0,0,dipanoši
0,0,0,0,0,0,1,1,0,0,aiwe
0,1,0,0,0,1,0,0,1,0,nime-(h)ono
1,1,0,0,0,1,0,0,0,1,nime-a
0,0,0,0,0,0,0,0,0,0,c̷ic̷abaha
0,0,0,0,0,0,0,0,0,0,ba-mewe
0,1,1,0,0,1,0,0,0,0,hiɲobi
1,1,0,0,1,1,1,0,1,0,boana
0,0,0,0,0,0,0,0,0,0,dali
1,1,0,1,1,1,1,1,1,1,ihana
0,0,0,0,0,0,0,1,0,0,batame
0,0,0,0,0,0,0,0,0,0,tehe
1,0,0,0,0,0,0,0,0,0,izedea
1,1,0,0,1,1,1,1,1,0,iboeta
0,0,0,0,0,0,0,0,0,0,ezae
0,0,0,0,0,0,0,0,1,0,me
1,1,0,0,0,1,1,1,1,1,ha
1,0,1,1,0,1,1,1,1,1,dia
0,0,1,1,1,1,1,1,1,0,dipa
0,0,0,0,0,0,0,0,0,0,e-c̷oi
0,0,0,0,0,0,0,0,0,0,hehe
1,0,1,1,1,1,1,1,0,1,c̷aiya
1,0,1,0,0,1,0,0,0,1,c̷i-mimi
0,1,0,0,0,0,0,0,0,0,woi
1,1,1,0,0,1,1,1,0,1,mimi
0,0,0,0,0,0,0,0,0,0,mimi-kʷae
0,0,0,0,0,0,0,0,0,0,heheme
0,0,0,1,0,0,0,0,0,0,bani
0,0,0,0,0,0,0,0,0,0,bi-kʷae-baha
1,1,1,1,1,1,1,1,1,1,iwa
0,0,0,1,0,0,0,1,0,0,bani
0,1,0,0,0,0,0,1,0,0,zewi
1,0,0,1,1,1,1,1,1,1,hilika
0,0,0,0,0,1,0,0,0,0,zewi-hi
0,1,0,0,0,0,0,1,1,0,moi
0,0,0,0,1,0,0,0,0,0,babatolo
0,1,0,0,1,0,0,0,1,0,bakʷetolo
0,0,0,0,0,0,0,0,0,0,zaka
0,0,0,0,0,0,0,0,0,0,hode
0,0,0,0,0,0,0,0,1,0,e-kʷiča-kana
0,0,0,0,0,0,0,0,0,0,atapea
0,0,0,0,0,0,0,0,0,1,dohoi
0,0,0,0,0,0,0,0,0,0,eičoi
0,1,0,0,0,0,0,1,1,0,e-iloi
0,0,0,0,0,0,0,0,0,0,ailotahai
1,1,1,0,1,1,1,1,1,0,a-aba
0,0,0,0,0,1,1,1,0,1,c̷ihabati
0,0,0,0,0,0,0,0,0,0,wec̷iowepo
0,0,0,0,0,0,0,0,0,0,c̷ehonopea
1,1,1,0,1,1,1,1,1,1,c̷awa
1,1,0,1,1,1,1,1,1,1,oliba
0,0,0,0,0,0,0,0,0,0,kʷeneloe
1,1,0,0,1,1,0,0,0,0,šewi
0,0,0,0,0,0,0,0,0,0,-mane
0,0,0,0,0,0,0,0,1,0,-lelahai
0,1,1,1,0,1,1,0,1,1,kʷenewana
0,0,0,0,0,0,0,0,1,0,c̷opawa
0,0,1,0,1,0,0,0,0,0,c̷i-
0,0,0,0,0,0,0,0,0,1,soe
0,0,0,0,0,0,0,0,0,0,pic̷oe
0,1,1,1,1,1,0,1,1,1,pia
1,0,1,0,1,1,0,0,0,0,piša
1,0,0,1,1,1,1,1,1,0,bala
0,0,0,0,0,0,0,0,0,0,pisa-pisa
1,0,1,0,1,1,0,1,1,0,peyo
0,1,0,0,1,1,0,1,1,1,isea
1,1,1,1,1,1,1,1,1,0,toa-ba
0,0,0,0,1,0,0,0,1,1,so(w)a
0,0,0,0,0,0,0,0,0,0,sowa-i
0,1,1,1,1,0,0,0,0,1,dada
0,0,0,0,0,0,0,0,0,0,emekʷasa
0,0,0,0,0,0,0,0,0,1,pisa
0,1,1,1,1,1,1,1,1,0,pi
1,0,0,0,0,1,1,1,1,1,hia
1,0,0,0,0,0,0,0,1,0,akʷaiya
0,1,0,0,0,1,0,0,0,0,mailia (?)
0,0,0,0,0,0,0,0,0,0,toho
1,1,1,1,1,1,1,1,1,1,iboba
0,0,0,0,1,0,0,0,0,0,iše
0,0,0,0,0,0,0,0,0,0,c̷ihi
1,1,1,1,1,1,1,1,1,1,baba
0,0,0,0,0,0,0,0,0,0,baba-tae
0,0,0,0,1,1,0,0,1,0,mimi-isi
1,1,0,0,0,1,1,0,0,0,isawa
