1,1,1,1,1,1,1,1,1,1,tere-ya
1,1,1,1,1,1,1,1,1,1,ido-ya
1,1,1,1,1,1,1,1,1,1,ka-tibo-ti-ya
0,0,0,0,0,0,0,0,0,0,ebaharara-kʷita
0,0,0,0,0,0,0,0,0,0,wekaka
0,0,0,0,0,0,0,0,0,0,kareki
0,0,0,0,0,0,0,0,0,0,tac̷e
0,0,0,0,0,0,0,0,0,0,patʸa-ha-ke
0,0,0,0,0,0,0,0,0,0,ekʷesi
1,1,1,1,1,1,1,1,1,1,pieba-ya
1,1,1,1,1,1,1,1,1,1,kʷare-ya
0,0,0,0,0,0,0,0,0,0,wikaoho
0,0,0,0,0,0,0,0,0,0,kani
0,0,1,1,1,0,1,1,0,1,pokaka-da
0,0,0,0,0,0,0,0,0,0,kʷarero-da
0,0,0,0,0,0,0,0,0,0,c̷oko-ki
0,0,0,0,0,0,0,0,0,0,[koroso]
0,0,0,0,0,0,0,0,0,0,e-c̷oko
0,0,0,0,0,0,0,0,0,0,čewe
1,1,1,1,1,1,1,1,1,1,topo-ya
1,1,1,1,1,1,1,1,1,1,baro-na-ya
0,0,0,0,0,0,0,0,0,0,beni-keha
0,0,0,0,0,0,0,0,0,0,iheti-keha
0,0,0,0,0,0,0,0,0,0,patʸa
0,0,0,0,0,0,0,0,0,0,ekare
0,0,0,0,0,0,0,0,0,0,peke
0,0,0,0,0,0,0,0,0,0,hiroro
0,0,0,0,0,0,0,0,0,0,dʸa-ke
1,1,1,1,1,1,1,1,1,1,ka-tewa-ho-ya
1,1,1,1,1,1,1,1,1,1,teri-ya
0,0,0,0,0,0,0,0,0,0,tači-
1,1,1,1,1,1,1,1,1,1,rama-ya
1,1,1,1,1,1,1,1,1,1,pakaša-ya
1,1,1,1,1,1,1,1,1,1,tʸabare-ya
1,1,1,1,1,1,1,1,1,1,haka-ya
1,1,1,1,1,1,1,1,1,1,sita-ya
1,1,1,1,1,1,1,1,1,1,rada-ya
1,1,1,1,1,1,1,1,1,1,mepe-ya
1,1,1,1,1,1,1,1,1,1,dida-ya
0,0,0,0,0,0,0,0,0,0,e-ara-kana
1,1,1,1,1,1,1,1,1,1,neti-ya
1,1,1,1,1,1,1,1,1,1,ha-ra-ya
1,1,1,1,1,1,1,1,1,1,ani-bote-ya
1,1,1,1,1,1,1,1,1,1,iya-ya
0,0,0,0,0,0,0,0,0,0,e-c̷ohe-ki
0,0,0,0,0,0,0,0,0,0,katʸati-pohi
1,1,1,1,1,1,1,1,1,1,katʸatia-ya
1,1,1,1,1,1,1,1,1,1,kemi-ya
1,1,1,1,1,1,1,1,1,1,c̷ohete-a-ya
0,0,0,0,0,0,0,0,0,0,mano
0,0,0,0,0,0,0,0,0,0,mano-ki
0,0,0,0,0,0,0,0,0,0,tʸawahari
0,0,0,0,0,0,0,0,0,0,čipiro
1,1,1,1,1,1,1,1,1,1,iyati-ya
1,1,1,1,1,1,1,1,1,1,apota-ya
1,1,1,1,1,1,1,1,1,1,c̷oro-ya
1,1,1,1,1,1,1,1,1,1,sare-ya
0,0,0,0,0,0,0,0,0,0,hari-
1,1,1,1,1,1,1,1,1,1,pokokoša-ya
1,1,1,1,1,1,1,1,1,1,iya-hidaa-ya
0,0,0,0,0,0,0,0,0,0,tʸa-no-ka-
1,1,1,1,1,1,1,1,1,1,tʸa-ya
0,0,0,0,0,0,0,0,0,0,ai-kʷana
0,1,0,0,0,0,0,1,0,1,dadi-
1,1,1,1,1,1,1,1,1,1,doho-ya
1,1,1,1,1,1,1,1,1,1,mapa-ya
0,0,0,0,0,0,1,0,0,1,-ha
0,0,0,0,0,0,0,0,0,0,e-meči-ki
1,1,1,1,1,1,1,1,1,1,ani-ya
1,1,1,1,1,1,1,1,1,1,hona-ya
1,1,1,1,1,1,1,1,1,1,hoeti-ya
0,0,0,0,0,0,0,0,0,0,e-bote
0,0,0,0,0,0,0,0,0,0,e-bote-ho
1,1,1,1,1,1,1,1,1,1,taro-ya
0,0,0,0,0,0,0,0,0,0,e-taro-ki
0,0,0,0,0,0,0,0,0,0,bihi
0,0,0,0,0,0,0,0,0,0,pere
0,0,0,0,0,0,0,0,0,0,kʷaba
0,0,0,0,0,0,0,0,0,0,yobo
0,0,0,0,0,0,0,0,0,0,[kareto]
0,0,0,0,0,0,0,0,0,0,waraša
0,0,0,0,0,0,0,0,0,0,edihi
1,1,1,1,1,1,1,1,1,1,itoša-ya
1,1,1,1,1,1,1,1,1,1,isaʔani-ya
1,1,1,1,1,1,1,1,1,1,kʷadiša-ya
1,1,1,1,1,1,1,1,1,1,be-ya
1,1,1,1,1,1,1,1,1,1,keti-ya
1,1,1,1,1,1,1,1,1,1,nobi-ya
1,1,1,1,1,1,1,1,1,1,hipetana-ya
0,0,0,0,0,0,0,0,0,0,topo-hodʸa
0,0,0,0,0,0,0,0,0,0,wana-
1,1,1,1,1,1,1,1,1,1,kʷinana-ya
0,0,0,0,0,1,0,0,1,0,yodihidʸa
1,1,1,1,1,1,1,1,1,1,he-ya
1,1,1,1,1,1,1,1,1,1,heti-ya
1,1,1,1,1,1,1,1,1,1,kʷa-ya
1,1,1,1,1,1,1,1,1,1,diro-ya
1,1,1,1,1,1,1,1,1,1,c̷ora-ya
1,1,1,1,1,1,1,1,1,1,c̷ahaha-ya
1,1,1,1,1,1,1,1,1,1,rodo-ya
1,1,1,1,1,1,1,1,1,1,ahe-ya
1,1,1,1,1,1,1,1,1,1,ihawe-ho-ya
0,0,0,0,0,1,0,1,0,0,tapa-
0,0,0,0,0,0,0,0,0,0,potitana-
1,1,0,0,0,1,0,0,0,0,heri-da
0,0,0,0,0,0,0,0,0,0,pehi
1,1,1,1,1,1,1,1,1,1,nono-ya
1,1,1,1,1,1,1,1,1,1,reme-ya
1,1,1,1,1,1,1,1,1,1,hoha-ya
1,1,1,1,1,1,1,1,1,1,heta-ya
1,1,1,1,1,1,1,1,1,1,bec̷a-ya
1,1,1,1,1,1,1,1,1,1,itata-ya
1,1,1,1,1,1,1,1,1,1,ina-ya
1,1,1,1,1,1,1,1,1,1,mare-ya
1,1,1,1,1,1,1,1,1,1,ribi-ya
0,0,0,0,0,0,0,0,0,0,wesa-
1,1,1,1,1,1,1,1,1,1,neti-c̷ora-ya
1,1,1,1,1,1,1,1,1,1,tari-ya
0,0,0,0,0,0,0,0,0,0,patataya-ke
0,0,0,0,0,0,0,0,0,0,e-kaka-ke
1,1,1,1,1,1,1,1,1,1,dono-ya
1,1,1,1,1,1,1,1,1,1,tipirotana-ya
1,1,1,1,1,1,1,1,1,1,bokoko-ya
0,0,0,0,0,0,0,0,0,0,horo-horo
0,0,0,0,0,0,0,0,0,0,[yoso]kʷana
1,1,1,1,1,1,1,1,1,1,pei-ya
0,0,0,0,0,0,0,0,0,0,e-pi-ki
0,0,0,0,0,0,0,0,0,0,šoromai
0,0,0,0,0,0,0,0,0,0,hopi
0,0,0,0,0,0,0,0,0,0,kota
1,1,1,1,1,1,1,1,1,1,pika-ya
0,0,0,0,0,0,0,0,0,0,mei
1,0,0,0,0,0,1,0,0,1,oyo-oyo
0,0,0,0,0,0,0,0,0,0,[mode]
1,1,1,1,1,1,1,1,1,1,sipi-ta-ya
1,1,1,1,1,1,1,1,1,1,tata-ya
0,0,0,0,0,0,0,0,0,0,[seročo]
0,0,0,0,0,0,0,0,0,0,kani-ne-
1,1,1,1,1,1,1,1,1,1,kani-ne-ya
0,0,0,0,0,0,0,0,0,0,e-bobo-ki
1,1,1,1,1,1,1,1,1,1,oc̷a-ya
1,1,1,1,1,1,1,1,1,1,habo-ya
0,0,0,0,0,0,0,0,0,0,pake-
1,1,1,1,1,1,1,1,1,1,tisi-ya
1,1,1,1,1,1,1,1,1,1,hepe-ya
0,0,0,0,0,1,0,0,0,1,bade-
1,1,1,1,1,1,1,1,1,1,piha-ya
1,1,1,1,1,1,1,1,1,1,tino-ya
1,1,1,1,1,1,1,1,1,1,honona-ya
0,0,0,0,0,0,0,0,0,1,popi-
0,0,0,1,0,1,0,0,0,0,tedi-
1,1,1,1,1,1,1,1,1,1,čaha-ya
1,1,1,1,1,1,1,1,1,1,bori-ya
1,1,1,1,1,1,1,1,1,1,ra-ke-ya
0,0,0,0,0,0,0,0,0,0,[hača]
0,0,0,0,0,0,0,0,0,0,[tišira]
0,0,0,0,0,0,0,0,0,0,[kočiro]-kaka
1,1,1,1,1,1,1,1,1,1,sakʷa-ya
0,0,0,0,0,0,0,0,0,0,take-
1,1,1,1,1,1,1,1,1,1,kʷere-ya
1,1,1,1,1,1,1,1,1,1,hikʷi-ya
1,1,1,1,1,1,1,1,1,1,miri-ya
1,1,1,1,1,1,1,1,1,1,hari-ya
0,0,0,0,0,0,0,0,0,0,e-risi-ke
1,1,1,1,1,1,1,1,1,1,piso-ya
1,1,1,1,1,1,1,1,1,1,risi-ya
0,0,0,0,0,0,0,0,0,0,kaka-
1,1,1,1,1,1,1,1,1,1,no-ka-ya
1,1,1,1,1,1,1,1,1,1,mere-ya
0,0,0,0,0,1,0,0,0,0,hiʔi
0,0,0,0,0,0,0,0,0,0,bakec̷a
0,0,0,0,0,0,0,0,0,0,ac̷a
0,0,0,0,0,0,0,0,0,0,šita
0,0,0,0,0,0,0,0,0,0,kemi
0,0,0,0,0,0,0,0,0,0,tamaboko
0,0,0,0,0,0,0,0,0,0,kʷawe
0,0,0,0,0,0,0,0,0,0,kono-kahi
0,0,0,0,0,0,0,0,0,0,[rimo]
0,0,0,0,0,0,0,0,0,0,bi(ʔ)i
0,1,0,1,0,1,0,1,0,1,e-madi
0,0,0,0,0,0,0,0,0,0,e-biti
0,0,0,0,0,0,0,0,0,0,e-tibo
1,1,1,1,1,1,1,1,1,1,omaha-ho-ya
0,0,0,0,0,0,0,0,0,0,omaha
0,0,0,0,0,0,0,0,0,0,kono
0,0,0,0,0,0,0,0,0,0,akʷi
0,0,0,0,0,0,0,0,0,0,šaša
0,0,0,0,0,0,0,0,0,0,e-haki
1,1,0,0,1,0,1,1,1,1,ya(ʔ)a
0,0,0,0,0,0,0,0,0,0,e-tiri
1,1,1,1,1,1,1,1,1,1,poča-ya
0,0,0,0,0,0,0,0,0,0,noc̷a
0,0,0,0,0,0,0,0,0,0,[aroso]
0,0,0,0,0,0,0,0,0,0,ihike
0,0,0,0,0,0,0,0,0,0,e-c̷o-kaka
0,0,0,0,0,0,0,0,0,0,taka-
1,1,1,1,1,1,1,1,1,1,hikʷi-hikʷi-ya
0,0,0,0,0,0,0,0,0,0,e-kaka
0,0,0,0,0,0,0,0,0,0,čomo
0,0,0,0,0,0,0,0,0,0,[asuera]
0,0,0,0,0,0,0,0,0,0,wakaba
1,0,0,0,0,0,1,0,0,0,yara
1,1,1,1,1,1,1,1,1,1,poro-ya
0,0,0,0,0,0,0,0,0,0,e-taraka-ne-ke
1,1,1,1,1,1,1,1,1,1,peho-ya
0,0,0,0,0,1,0,0,0,0,te(ʔ)e
0,0,0,0,0,0,0,0,0,0,[taora]
0,0,0,0,0,0,0,0,0,0,dodo
0,0,0,0,0,0,0,0,0,0,e-kac̷e
0,0,0,0,0,0,0,0,0,0,e-kamawa
0,0,0,0,0,0,0,0,0,0,c̷ohi
0,0,0,0,0,0,0,0,0,0,saso
0,0,0,1,0,1,0,1,0,0,ode
0,0,0,0,0,0,0,0,0,0,wari
0,0,0,0,0,0,0,0,0,0,maša
0,0,0,0,0,0,0,0,0,0,i-yoki-yoki
0,0,0,0,0,0,0,0,0,0,e-tawi-ki
0,0,0,0,0,0,0,0,0,0,poro
0,0,0,0,0,0,0,0,0,0,e-sipi-ke
0,0,0,0,0,0,0,0,0,0,yawa
0,0,0,0,0,0,0,0,0,0,[wetana]
0,0,0,0,0,0,0,0,0,0,e-tači-ki
0,0,0,0,0,0,0,0,0,0,e-teri-ki
0,0,0,0,0,0,0,0,0,0,taraka
0,0,0,0,0,0,0,0,0,0,tawi-šo-ke
0,0,0,0,0,0,0,0,0,0,e-tare
0,0,0,0,0,0,0,0,0,0,yac̷eha(ʔ)ani
0,0,0,0,0,0,0,0,0,0,[habo]
0,0,0,0,0,0,0,0,0,0,e-pika-ke
0,0,0,0,0,0,0,0,0,0,yapere
0,0,0,0,0,0,0,0,0,0,šaporo
0,0,0,0,0,0,0,0,0,0,irine
0,0,0,0,0,0,0,0,0,0,meta-ra
0,0,0,0,0,0,0,0,0,0,ehoee
0,0,0,0,0,0,0,0,0,0,[sintoro]
0,0,0,0,0,0,0,0,0,0,[sapato]-ki
0,0,0,0,0,0,0,0,0,0,[karosone]
0,0,0,0,0,0,0,0,0,0,ona
1,1,1,1,1,1,1,1,1,1,sawa-ya
0,0,0,0,0,0,0,0,0,0,edoki
0,0,0,0,0,0,0,0,0,0,ec̷o-kʷiha
1,1,1,1,1,1,1,1,1,1,toc̷o-ya
0,0,0,0,0,0,0,0,0,0,tari-
0,0,0,0,0,0,0,0,0,0,tari-tari-išo-ke
0,0,0,0,0,0,0,0,0,0,[waka]-biti
0,0,0,0,0,0,0,0,0,0,wapehe
0,0,0,0,0,0,0,0,0,0,šaka-šaka
0,0,0,0,0,0,0,0,0,0,e-hoto-ki
1,1,1,1,1,1,1,1,1,1,hoto-ya
0,0,0,0,0,0,0,0,0,0,e-ka
0,0,0,0,0,0,0,0,0,0,topa-ri
0,0,0,0,0,0,0,0,0,0,ihi-išo-ke
0,0,0,0,0,0,0,0,0,0,[kiso]
1,1,1,1,1,1,1,1,1,1,[leče]-ho-ya
0,0,0,0,0,0,0,0,0,0,[asoka]
0,0,0,0,0,0,0,0,0,0,ac̷o-na
0,0,0,0,0,0,0,0,0,0,waha
0,0,0,0,0,0,0,0,0,0,biho
0,0,0,0,0,0,0,0,0,0,bano
0,0,0,1,0,1,1,1,1,1,hohi-da
0,0,0,0,0,0,0,0,0,0,e-c̷e-ri
0,0,0,0,0,0,0,0,0,0,esa
0,0,0,0,0,0,0,0,0,0,akʷiho
0,0,0,0,0,0,0,0,0,0,poroto
0,0,0,0,0,0,0,0,1,0,ename
0,0,0,0,0,0,0,0,1,0,e-rami
0,0,0,0,0,0,0,0,0,0,mano-tako
0,0,0,0,0,0,0,0,0,0,makana
0,0,0,0,0,0,0,0,0,0,tako
0,0,0,0,0,0,0,0,0,0,tarapiči
1,1,1,1,1,1,1,1,1,1,eri-ya
0,0,0,0,0,0,0,0,0,0,hemi-
1,1,1,1,1,1,1,1,1,1,sika-ya
0,0,0,0,0,0,0,0,0,0,e-podi-ke
0,0,0,0,0,0,0,0,0,0,misi
0,0,0,0,0,0,0,0,0,0,here-
0,0,0,0,0,0,0,0,0,0,haha-
1,1,1,1,1,1,1,1,1,1,pohi-ya
0,0,0,0,0,0,0,0,0,0,edoka
0,0,0,0,0,0,0,0,0,0,[perora]
0,0,0,0,0,0,0,0,0,0,sora
0,0,0,0,0,0,0,0,0,0,peha
0,0,0,0,0,0,0,0,0,0,seeta
0,0,0,0,0,0,0,0,0,0,emari-kaka
1,1,1,1,1,1,1,1,1,1,sapa-ya
1,1,1,1,1,1,1,1,1,1,hina-ya
1,1,1,1,1,1,1,1,1,1,widi-ya
1,1,1,1,1,1,1,1,1,1,boihi-ya
1,1,1,1,1,1,1,1,1,1,nako-ya
0,0,0,0,0,0,0,0,0,0,koro-
1,1,1,1,1,1,1,1,1,1,soso-ya
1,1,1,0,1,1,1,1,0,1,ihi-ma-dʸa
0,0,0,0,0,0,0,0,0,0,ihi-ra
0,0,0,0,0,1,0,0,0,0,ara-kara
1,1,1,1,1,1,1,1,1,1,ihi-ya
0,0,0,0,0,0,0,0,0,0,e-ara-ki
1,1,1,1,1,1,1,1,1,1,ara-ya
1,1,1,1,1,1,1,1,1,1,ara-ara-ya
1,1,1,1,1,1,1,1,1,1,kana-hara-ya
0,0,0,0,0,0,0,0,0,0,e-sama-ki
0,0,0,0,0,0,0,0,0,0,yanakona
1,1,1,1,1,1,1,1,1,1,čača-ne-ya
0,0,1,0,0,1,0,0,0,0,hipi
0,0,0,0,0,0,0,0,0,0,e-bohoc̷o
0,0,0,0,0,0,0,0,0,0,toc̷o
0,0,0,0,0,0,0,0,0,0,e-kohota
1,1,1,1,1,1,1,1,1,1,moha-ya
0,0,0,0,0,0,0,0,0,0,e-take-ke
0,0,0,1,1,1,0,1,0,0,čadi
0,0,0,0,0,0,0,0,0,0,e-romo
0,0,0,0,0,0,0,0,0,0,ba(ʔ)ara
0,0,0,0,0,0,0,0,0,0,e-maho-kani
1,0,0,0,0,0,0,0,0,0,papa-
0,0,0,0,0,0,0,0,0,0,e-maho
1,1,1,1,1,1,1,1,1,1,iye-ya
0,0,0,0,0,0,0,0,0,0,maho-ya-ke
1,1,1,1,1,1,1,1,1,1,kʷina-ya
1,1,1,1,1,1,1,1,1,1,nawi-ya
1,1,1,1,1,1,1,1,1,1,tadada-ya
1,1,1,1,1,1,1,1,1,1,sehi-ya
1,1,1,1,1,1,1,1,1,1,domi-ya
1,1,1,1,1,1,1,1,1,1,wira-ya
1,1,1,1,1,1,1,1,1,1,kʷihi-ya
1,1,1,1,1,1,1,1,1,1,kabati-ya
1,1,1,1,1,1,1,1,1,1,tawi-ho-ya
1,1,1,1,1,1,1,1,1,1,tarara-ya
1,1,1,1,1,1,1,1,1,1,tawi-ya
1,1,1,1,1,1,1,1,1,1,c̷e(ʔ)o-ya
1,1,1,1,1,1,1,1,1,1,karo-ya
1,1,1,1,1,1,1,1,1,1,ka-poša-ti-ya
1,1,1,1,1,1,1,1,1,1,e-kʷedi-ra-a-ya
1,1,1,1,1,1,1,1,1,1,weroro-ya
1,1,1,1,1,1,1,1,1,1,hači-oho-ya
1,1,1,1,1,1,1,1,1,1,oho-oho-ya
1,1,1,1,1,1,1,1,1,1,c̷odo-ya
1,1,1,1,1,1,1,1,1,1,ka(ʔ)ac̷anaka-ti-ya
1,1,1,1,1,1,1,1,1,1,kana-heti-ya
0,0,0,0,0,0,0,0,0,0,e-posi
0,0,0,0,0,1,0,0,0,0,e-bakʷa-tare
0,1,0,1,1,0,1,1,0,0,e-tada
0,0,0,0,0,0,0,0,1,0,e-tima
0,0,0,0,0,0,0,0,0,0,e-sere
0,0,0,0,0,0,0,0,0,0,e-domi-ti
0,0,0,0,0,0,0,0,0,0,dokoc̷o
0,0,0,0,0,0,0,0,0,0,e-pekaka
0,0,0,0,0,0,0,0,0,0,e-takʷa
0,0,0,0,0,0,0,0,0,0,e-hasa
0,0,0,0,0,0,0,0,0,0,e-niho
0,0,0,0,0,0,0,0,0,0,soʔo
0,0,0,0,0,0,0,0,0,0,ac̷o
0,0,0,0,0,0,0,0,0,0,yakʷa
0,0,0,0,0,0,0,0,0,0,e-kata
0,0,0,0,0,0,0,0,0,0,yahapa-ra
0,0,0,0,0,1,0,0,0,0,emekʷare
0,0,0,0,0,0,0,0,0,0,e-tibo-koro
0,0,0,0,0,0,0,0,0,0,e-wači-atoha-kaka
0,0,0,0,0,0,0,0,0,0,e-wači
0,0,0,0,0,0,0,0,0,0,e-dana-ka
0,0,0,0,0,0,0,0,0,0,e-tikone
0,0,0,0,0,0,0,0,0,0,e-c̷a-ka
0,0,0,0,0,0,0,0,0,0,e-me-šoro
0,0,0,0,0,0,0,0,0,0,e-me-yoka
0,0,0,0,0,0,0,0,0,0,e-me-toko-akʷa
0,0,0,0,0,0,0,0,0,0,e-me-toko
0,0,0,0,0,0,0,0,0,0,c̷oro
0,0,0,0,0,0,0,0,0,0,išoromomo
0,0,0,0,0,0,0,0,0,0,iɲokʷiha
0,0,0,0,0,0,0,0,0,0,e-bi
0,0,0,0,0,0,0,0,0,0,yara-ka-ka
0,0,0,0,0,0,0,0,0,0,e-c̷ori-kani
0,0,0,0,0,0,0,0,0,0,tʸowi
0,0,0,0,0,0,0,0,0,0,e-piti
0,0,0,0,0,0,0,0,0,0,yaha-c̷e
0,0,0,0,0,0,0,0,0,0,e-c̷e
0,0,0,0,0,0,0,0,0,0,e-c̷e-kono
0,1,0,1,0,0,1,0,1,1,yana
0,0,0,0,0,0,0,0,0,0,e-kʷac̷a-biti
0,0,0,0,0,0,0,0,0,0,e-wi
0,0,0,0,0,0,0,0,0,0,e-kʷac̷a
0,0,0,0,0,0,0,0,0,0,e-wi-kani
0,0,0,0,0,0,0,0,0,0,iha-ka
1,1,1,1,1,1,1,1,1,1,tapi-ya
0,0,0,0,0,0,0,0,0,0,ya-to-ka-c̷aro
0,0,0,0,0,0,0,0,0,0,ya-to-ka-biti
0,0,0,0,0,0,0,0,0,0,ya-to-ka
0,0,0,0,0,0,0,0,0,0,e-tamo
0,0,0,0,0,0,0,0,0,0,e-kʷedoko
0,0,0,0,0,0,0,0,0,0,e-keti
0,0,0,0,0,0,0,0,0,0,yama-ka
0,0,0,0,0,0,0,0,0,0,e-boc̷e-kini
0,0,0,0,0,0,0,0,0,0,e-c̷apona
0,0,0,0,0,0,0,0,0,0,e-maho-ka
0,0,0,0,0,0,0,0,0,0,i-yo-ka
0,0,0,0,0,0,0,0,0,0,e-bebakʷa
0,0,0,0,0,0,0,0,0,0,iwa
0,0,0,0,0,0,0,0,1,0,e-dana
0,0,0,0,0,0,0,0,0,0,e-pere-kac̷e
0,0,0,0,0,0,0,0,0,0,e-c̷a(ʔ)o
0,0,0,0,0,0,0,0,0,0,ami-dihi
0,0,0,0,0,0,0,0,1,0,ami
0,0,0,0,0,0,0,0,0,0,i-yoka-moro
0,0,0,0,0,0,0,0,0,0,e-nawa
0,0,0,0,0,0,0,0,0,0,momi-da-ke
0,0,0,0,0,0,0,0,0,0,kʷesa
0,0,0,0,0,0,0,0,0,0,e-c̷aro
0,0,0,0,0,0,0,0,0,0,e-kʷita
0,0,0,0,0,0,0,0,0,0,dati
0,0,0,0,0,0,0,0,0,0,matoha
0,0,0,0,0,0,0,0,0,0,yaʔa-matoha
0,0,0,0,0,0,0,0,0,0,wawa
0,0,0,0,0,0,0,0,0,0,hemo
0,0,0,0,0,0,0,0,0,0,hababa
0,0,0,0,0,0,0,0,0,0,bakʷa
0,0,0,0,0,0,0,0,0,0,ec̷ena
0,0,0,1,0,0,1,0,0,1,di(ʔ)i
0,0,0,0,0,0,0,0,0,0,čo(ʔ)o
0,0,0,0,0,0,0,0,0,0,hewewero
0,0,0,0,0,1,0,0,0,0,bira
0,0,0,0,0,0,0,0,0,0,waha-či-kani
0,0,0,0,0,0,0,0,0,0,wini
0,0,0,0,0,0,0,0,0,0,hino
0,0,0,0,0,0,0,0,0,0,tiriri-hiwa
0,0,0,0,0,0,0,0,0,0,tiriri
0,0,0,0,0,0,0,0,0,0,poki
0,0,0,0,0,1,0,0,0,0,sopa
0,1,0,0,0,0,0,0,0,0,ahi-pa
0,0,0,0,0,0,0,0,0,0,wači-wači-ke
0,0,0,1,0,0,0,0,0,0,bi(ʔ)a
0,0,0,0,0,0,0,0,0,0,dokʷe-ri
0,0,0,0,0,0,0,0,0,0,ihawa
0,0,0,0,0,0,0,0,0,0,šibinoni
0,0,0,0,0,0,0,0,0,0,nanata
0,0,0,0,0,0,0,0,0,0,ibabi
0,0,0,0,0,0,0,0,0,0,e-tisarara
0,0,0,0,0,0,1,0,0,0,ha(ʔ)e
0,0,0,0,0,0,0,0,0,0,inika
0,0,0,0,0,0,0,0,0,0,we(ʔ)i
0,0,0,0,0,0,0,0,0,0,bihihi
0,0,0,0,0,0,0,0,0,0,popo
0,0,0,0,0,0,0,0,0,0,korakʷa
0,0,0,0,0,0,0,0,0,0,bina
0,0,0,0,0,0,0,0,0,0,hamani
0,0,0,0,0,0,0,0,0,0,wiwipa
0,0,0,0,0,0,0,0,0,0,ra(ʔ)o
0,0,0,0,0,0,0,0,0,0,ča(ʔ)i
0,0,0,0,0,0,0,0,0,0,eha
0,0,0,0,0,0,0,0,0,0,hohe
0,0,0,0,0,0,0,0,0,0,takore
0,0,0,0,0,0,0,0,0,0,takore-deka
1,0,0,0,0,0,0,1,0,1,[kawayo]
0,0,0,0,0,0,0,0,0,0,[owiša]
0,0,0,0,0,0,0,0,0,0,koči
0,0,0,0,0,0,0,0,0,0,[waka]-ha-bakʷa
0,0,0,0,0,0,0,0,0,0,[waka]
1,1,1,1,1,1,1,1,1,1,[hoye]
0,0,0,0,0,0,0,0,0,0,yači
0,0,0,0,0,0,0,0,0,0,oo
0,0,0,0,0,0,0,0,0,0,kʷanobi
0,0,0,0,0,0,0,0,0,0,ata
0,0,0,0,0,0,0,0,0,0,e-wane-maho-ke
0,0,0,0,0,0,0,0,0,0,e-awe-maho-ke
0,0,0,0,0,0,0,0,0,0,e-tata-maho-ke
0,0,0,0,0,0,0,0,0,0,e-tata-pohi-ke
0,0,0,0,0,0,0,0,0,0,e-horakana
0,0,0,0,0,0,0,0,0,0,-baba-kʷana
1,1,1,1,1,1,1,1,1,1,e-a-c̷ewe-bataya-
0,0,0,0,0,0,0,0,0,0,e-bo-ke
0,0,0,0,0,0,0,0,0,0,okʷa
0,0,0,0,0,0,0,0,0,0,e-boi
0,0,0,0,0,0,0,0,0,0,e-nene
0,0,0,0,0,0,0,0,0,0,e-tatiine
0,0,0,0,0,0,0,0,0,0,yoc̷ekʷa-ke
0,0,0,0,0,0,0,0,0,0,e-siri
0,0,0,0,0,0,0,0,0,0,awiča
0,0,0,0,0,0,0,0,0,0,ano
0,0,0,0,0,0,0,0,0,0,e-baba
0,0,0,0,0,0,0,0,0,0,šiwi
0,0,0,0,0,0,0,0,0,0,e-noo-ke
0,0,0,0,0,0,0,0,0,0,e-hana-ke
0,0,0,0,0,0,0,0,0,0,e-na-si
0,0,0,0,0,0,0,0,0,0,e-hao
0,0,0,0,0,0,0,0,0,0,e-ho-ke
0,0,0,0,0,0,0,0,0,0,e-o-si
0,0,0,0,0,0,0,0,0,0,e-ʔohi-ke
0,0,0,0,0,0,0,0,0,0,e-bako-hona-ke
0,0,0,0,0,0,0,0,0,0,e-bakʷa-ke
0,0,0,0,0,0,0,0,0,0,e-kʷa-ke
0,0,0,0,0,0,0,0,0,0,tata
1,1,1,1,1,1,1,1,1,1,ka-kemi-ti-ya
0,0,0,0,0,0,0,0,0,0,e-wane-ke
0,0,0,0,0,0,0,0,0,0,yawi-ke ~ e-awe
0,0,0,0,0,0,0,0,0,0,ašaša-ke
0,0,0,0,0,0,0,0,0,0,e-bako-na-pihi
0,0,0,0,0,0,0,0,0,0,ewe(ʔ)ebarie- (?)
0,0,0,0,0,0,0,0,0,0,e-bakʷa-pihi
0,0,0,0,0,0,0,0,0,0,e-pona
0,0,0,0,0,0,0,0,0,0,deka
0,0,0,0,0,0,0,0,0,0,e-ti-ro-sewe
0,0,0,0,0,0,0,0,0,0,kʷa-ti
0,0,0,0,0,0,0,0,0,0,pahowe-ra
1,1,1,1,1,1,1,1,1,1,ti-kʷa-ya
1,1,1,1,1,1,1,1,1,1,toča-ya
1,1,1,1,1,1,1,1,1,1,hoho-ya
1,1,1,1,1,1,1,1,1,1,tiro-ya
0,0,0,0,0,0,0,0,0,0,ti-ki
0,0,0,0,0,0,0,0,0,0,moro
0,0,0,0,0,0,0,0,0,0,wani
0,0,0,0,0,0,0,0,0,0,hoho-ra
0,0,0,0,0,0,0,0,0,0,e-ti-ki
0,0,0,0,0,1,0,1,0,1,ne(ʔ)i
0,0,0,0,0,0,0,0,0,0,apo-apo
0,0,0,0,0,0,0,0,0,0,kʷehihi
0,0,0,0,0,0,0,0,0,0,kana
0,0,0,0,0,0,0,0,0,0,yabakʷi
0,0,0,0,0,0,0,0,0,0,apo-taho
0,0,0,0,0,0,0,0,0,0,tahina
1,1,1,1,1,1,1,1,1,1,tiriti-ya
0,0,0,0,0,0,0,0,0,0,tahita
0,0,0,0,0,0,0,0,0,0,porari
0,0,1,0,0,1,0,0,0,0,badi
0,0,0,0,0,0,0,0,0,0,iheti
0,0,0,0,1,0,1,0,0,0,bare-pa
0,0,0,0,0,0,0,0,0,0,e-ki-ke
0,0,0,0,0,0,0,0,0,0,sororo
1,0,1,0,0,0,0,0,0,0,nabade
0,0,0,0,0,0,0,0,0,0,kʷe-ri
0,0,0,0,0,0,0,0,0,0,ena-pako
0,0,0,0,0,0,0,0,0,0,bei-kaka
0,0,0,0,0,0,0,0,0,0,be(ʔ)i
0,0,0,0,0,0,0,0,0,0,oba
0,0,0,0,0,0,0,0,0,0,e-na
0,0,0,0,0,0,0,0,0,0,ekobobo
0,0,0,0,0,0,0,0,0,0,etiweso
1,1,1,1,1,1,1,1,1,0,oyo-da
0,0,0,0,0,0,0,0,0,0,mehihi
0,0,0,0,0,0,0,0,0,0,meči
0,0,0,0,0,0,0,0,0,0,meta
1,1,1,1,1,1,1,1,1,1,wekaka-ya
1,0,0,1,0,0,0,0,0,1,apo-daho-dʸa
0,0,0,0,0,0,0,0,0,0,barepa-tʸa
0,0,0,0,0,0,0,0,0,0,čine-keha
0,0,0,0,0,0,0,0,0,0,[ora]
0,0,0,0,0,0,0,0,0,0,[domiko]
0,0,0,0,0,0,0,0,0,0,[roneši]
0,0,0,0,0,0,0,0,0,0,[marteši]
0,0,0,0,0,0,0,0,0,0,[mirikoreši]
0,0,0,0,0,0,0,0,0,0,[weweši]
0,0,0,0,0,0,0,0,0,0,[wiereneši]
0,0,0,0,0,0,0,0,0,0,[sabaro]
0,0,0,0,0,1,0,0,0,0,mara
1,1,1,1,1,1,1,1,1,1,hiro-ya
1,1,0,0,0,1,1,1,0,1,wani-da
0,0,0,0,0,0,0,0,0,0,wani
0,0,0,0,0,1,0,0,0,0,bihi-da
1,1,1,1,1,1,1,1,1,1,baka-ya
1,0,1,0,1,0,0,1,0,1,sikaka-da
1,1,1,1,1,1,1,1,1,1,ba-ya
1,1,1,1,1,1,1,1,1,1,peta-ya
1,1,1,1,1,1,1,1,1,1,ba-mere-ya
0,0,0,0,0,0,0,1,0,0,weka-da
1,0,0,0,0,0,0,1,0,0,tiki-da
1,1,1,1,1,1,1,1,1,1,peya-peya
1,1,1,1,1,1,1,1,1,1,dodo-ya
0,0,0,0,0,0,0,0,0,1,modi-
1,1,1,1,1,1,1,1,1,1,haba-ya
0,0,0,1,0,0,0,0,0,0,yatanana
0,0,0,0,0,0,0,0,0,0,piyeho
1,1,1,1,1,1,1,1,1,1,c̷a-ya
1,1,1,1,1,1,1,1,1,1,hida-ba-ya
1,1,1,1,1,1,1,1,1,1,dʸawa-ya
1,1,1,1,1,1,1,1,1,1,kamakakati-ya
0,1,0,0,1,0,0,0,0,0,ohe-da
0,0,0,0,0,0,0,0,0,0,inime-ba-
0,0,0,0,0,0,0,0,0,0,inime-topo-
1,1,1,1,1,1,1,1,1,1,pa-ya
0,0,0,0,0,0,0,0,0,0,pa-ana-kaka
0,0,0,0,0,0,0,0,0,0,oheo
1,1,1,1,1,1,1,1,1,1,kawai-ti-ya
1,1,1,1,1,1,1,1,1,1,mewe-ya
0,0,0,0,0,0,0,0,0,0,bisoa-ki
1,1,1,1,1,1,1,1,1,1,biso-ya
0,0,0,0,1,0,0,0,0,0,kʷeha-wana-ma
1,1,0,1,0,1,0,1,1,1,bahi-da
0,0,0,1,0,1,0,0,0,1,mo-da
1,1,1,1,1,1,1,1,1,1,iwa-ya
0,0,0,1,0,0,0,0,0,0,yana-kana
1,1,1,1,1,1,1,1,1,1,nerekaba-ya
0,0,0,0,0,0,0,0,0,0,hoča-ki
1,1,1,1,1,1,1,1,1,1,inime-topo-ya
1,1,1,1,1,1,1,1,1,1,ehene-ya
0,0,0,1,1,0,0,0,0,0,bawe-dʸa
1,1,1,1,1,1,1,1,1,1,adeba-ya
0,0,0,0,0,0,0,0,0,0,ehitaho
0,0,0,0,0,0,0,0,0,0,i-yoka-ki
1,1,1,1,1,1,1,1,1,1,ka-bawi-tʸa-ti-ya
1,1,1,1,1,1,1,1,1,1,bawi-tʸa-ya
0,0,0,0,0,0,0,0,0,0,bawi-tʸa-ki-ke
1,1,1,1,1,1,1,1,1,1,nime-apo-ta-ya
1,1,1,1,1,1,1,1,1,1,sare-ya
1,1,1,1,1,1,1,1,1,1,kati-ya
0,1,0,0,0,0,0,0,1,0,inime
0,0,0,0,0,0,0,0,0,0,e-c̷ori
1,1,1,1,1,1,1,1,1,1,hero-ya
1,1,1,1,1,1,1,1,1,1,keke-ya
0,0,0,0,0,0,0,0,0,0,eweraka
1,1,1,1,1,1,1,1,1,1,owi-ya
1,1,1,1,1,1,1,1,1,1,k-isara-ti-ya
0,1,1,1,1,1,1,1,1,1,a-ya
1,1,1,1,1,1,1,1,1,1,kʷeha-ya
0,0,0,1,1,0,1,1,0,0,abaka-da
0,0,0,0,0,0,0,0,0,0,k-isara-ti
0,0,0,0,0,0,0,0,0,0,e-ba-ka-ni
1,1,1,1,1,1,1,1,1,1,baka-ti-ya
1,1,1,1,1,1,1,1,1,1,kemic̷a-ya
1,1,1,1,1,1,1,1,1,1,ka-tʸa-ti-ya
0,1,0,1,0,0,0,1,0,0,bihida-ma
0,1,0,0,0,0,1,0,0,0,nere-da
1,1,1,1,1,1,1,1,1,1,iwara-ya
1,1,1,1,1,1,1,1,1,1,c̷ape-ya
1,1,1,1,1,1,1,1,1,1,awara-ya
0,0,0,0,0,0,0,0,0,0,wenana-
0,0,0,0,0,0,0,0,0,0,e-wene-ke
1,1,1,1,1,1,1,1,1,1,isara-ya
0,0,0,0,0,0,0,0,0,0,kirika ~ kilika
0,0,0,0,0,0,0,0,0,0,raota
0,0,0,0,0,0,0,0,0,0,mori
0,0,0,0,0,0,0,0,0,0,komo-komo
0,0,0,1,0,0,0,0,0,0,matarka
0,0,0,0,0,0,0,0,0,0,epo-ari-da-ke
0,0,0,0,0,0,0,0,0,0,epo-ho
0,0,0,0,0,0,0,0,0,0,ekʷita-kʷana
0,0,0,0,0,0,0,0,0,0,wara-hi
0,0,0,0,0,0,0,0,0,0,sari
1,1,0,0,1,1,0,0,1,0,nerekada-kec̷ohe-tiayaama
0,0,0,0,0,0,0,0,0,0,kʷadi-ša-
1,1,1,1,1,1,1,1,1,1,šana-ya
0,0,1,1,0,0,0,0,1,1,ata(ʔ)ama
0,0,0,0,0,0,0,0,0,0,mec̷e-ki-ke
1,1,1,1,1,1,1,1,1,1,c̷awa-ya
1,1,1,1,1,1,1,1,1,1,čiki-ya
1,1,1,1,1,1,1,1,1,1,sikakadaho-ya
0,0,0,1,1,0,1,1,1,1,abaka-da
0,0,0,0,0,0,0,0,0,0,[sodaro]
0,0,0,0,0,0,0,0,0,0,tobo
0,0,0,0,0,0,0,0,0,0,maɲa-ri
0,0,0,0,0,0,0,0,0,0,etonono
1,1,1,1,1,1,1,1,1,1,piya
0,1,1,1,1,1,1,1,0,1,hada-hada
1,1,1,1,1,1,1,1,1,1,ihawe-aya
1,1,1,1,1,1,1,1,1,1,a-ya
1,1,1,1,1,1,1,1,1,1,ikʷene-ya
1,1,1,1,0,1,1,0,1,0,iya-hida-a-
1,1,1,1,1,1,1,1,1,1,motʸa-ya
0,0,0,0,0,0,0,0,0,0,wika
0,0,0,0,0,0,0,0,0,0,sopo-ti
0,0,0,0,0,0,0,0,0,0,babi-ra
0,0,0,0,0,0,0,0,0,0,mare-
0,0,0,0,0,0,0,0,0,0,tehi
1,1,1,1,1,1,1,1,1,1,hidama-a-ya
1,1,1,1,1,1,1,1,1,1,ihawa-ho-ya
1,1,1,1,1,1,1,1,1,1,kac̷a-ya
0,0,0,0,0,0,0,0,0,0,c̷ohe-baka-
0,0,0,0,0,0,0,0,0,0,e-tare-apo-da-ke
1,1,1,1,1,1,1,1,1,1,iye-ya
1,1,1,1,1,1,1,1,1,1,čiri-ya
0,0,0,0,0,0,0,0,0,0,čiri-pohi
0,0,0,0,0,0,0,0,0,0,[yoso]
0,0,0,0,0,0,0,0,0,0,[iriša]
1,1,1,1,1,1,1,1,1,1,moida-ho-ya
0,0,0,0,0,0,0,0,0,0,[yosa]-mimi
0,0,0,0,0,0,0,0,0,0,[pa(ʔ)e]-ra
0,0,0,0,0,0,0,0,0,0,e-tiki-doko
1,1,1,1,1,1,1,1,1,1,hidama-a-ya
