1,1,1,1,1,0,1,1,1,1,саца
1,1,1,1,1,1,0,1,1,1,чекхда̄ла
0,1,1,0,1,1,0,1,1,1,чекхдаккха
1,1,1,1,1,1,1,1,1,1,чекхда̄ккха
1,1,1,1,1,1,1,1,1,1,чекхда̄лийта
1,1,1,1,0,1,1,1,0,1,дІадаха
1,1,1,1,1,1,1,1,0,1,доло
0,0,0,0,0,0,0,0,0,0,йуьхь
1,1,1,1,1,1,0,1,1,1,сацадала
1,1,1,1,1,1,0,1,1,1,хьедала
1,1,1,1,1,1,1,1,1,1,сихдала
1,1,1,1,1,1,1,1,1,1,хан
0,0,0,0,0,0,0,0,0,0,бІешо
0,0,0,0,0,0,0,0,0,0,оьмар
0,0,0,0,0,0,0,0,0,0,зама
0,0,0,0,0,0,0,0,0,0,шиъ
0,0,0,0,0,0,0,0,0,0,а̄х
0,0,0,0,0,0,0,0,0,0,йуьхк
0,0,0,0,0,0,0,0,0,0,ла̄ра
1,1,1,1,1,1,1,1,1,1,дагардан
1,1,1,1,1,1,1,1,1,1,хийца
0,0,0,0,0,0,0,0,0,0,сиз
0,0,0,0,0,0,0,0,0,0,Іуьрг
0,0,0,0,0,0,0,0,0,0,горгалла
1,1,1,1,1,0,1,1,1,0,го̄
0,0,0,0,0,0,0,0,0,0,квадрат
0,0,0,0,0,0,0,0,0,0,жІара
1,1,1,1,0,0,1,1,1,1,са
0,0,0,0,0,0,0,0,0,0,маьІиг
0,0,0,0,0,0,0,0,0,0,мІа̄ра
0,0,0,0,0,0,0,0,0,0,ге
1,1,1,0,0,0,1,0,0,0,ша
1,1,1,0,1,0,1,1,0,1,дуста
1,1,1,1,0,1,1,1,1,1,кхиа
0,0,0,0,0,0,0,0,0,0,къилбе
1,1,1,1,1,1,0,1,1,1,къилбаседехьа
0,0,0,0,0,0,0,0,0,0,малхбузе
0,0,0,0,0,0,0,0,0,0,малхба̄ле
0,0,0,0,0,0,0,0,0,0,йукъ
1,1,0,1,0,1,0,0,0,1,а̄гІо
0,0,0,0,0,0,0,0,0,0,йист
0,0,0,0,0,0,0,0,0,0,чаккхе
0,0,0,0,0,0,0,0,0,0,бух
0,0,0,0,0,0,0,0,0,1,кІе̄ло
0,0,0,0,0,0,0,0,0,0,бохь
1,1,1,1,1,1,0,1,1,1,къайлада̄ла
0,0,0,0,0,0,0,0,0,0,тІечІагІа
0,0,0,0,1,0,0,0,0,0,дІачІагІа
1,1,0,0,1,1,1,1,1,1,тІетаса
1,1,1,1,1,1,1,1,1,1,тІекхалла
1,1,1,1,1,1,1,1,0,1,дІаделла
1,1,1,1,1,1,1,1,1,1,схьаделла
1,1,1,1,1,1,1,1,1,1,декъа
1,1,1,1,1,0,1,1,1,1,дІакъасто
1,1,1,1,1,0,1,1,1,1,схьакъасто
0,1,1,0,1,1,1,1,0,1,вовшахкхета
1,0,1,0,0,0,0,1,1,0,цхьаьнакхета
1,1,1,1,1,1,1,0,1,1,гулдан
1,0,1,1,0,1,1,1,1,0,хьалалахьо
0,0,0,0,0,0,0,0,0,0,бухадиснарш
1,1,1,1,0,1,0,1,0,1,диса
1,1,1,1,1,0,1,1,1,1,Іан
1,1,1,1,1,1,1,1,1,1,латта
1,1,1,1,1,1,1,1,1,1,дижа
1,1,1,1,1,1,1,1,1,1,охьадижа
1,1,1,1,1,1,1,1,1,1,дилла
0,0,0,0,0,0,0,0,0,0,меттиг
1,0,1,0,1,1,0,1,0,1,о̄за
1,1,1,1,1,1,1,1,1,1,дІасадекъа
0,0,0,0,0,0,0,0,0,0,ма̄х
0,0,1,0,0,0,0,0,0,0,туька
0,0,0,0,0,0,0,0,0,0,ба̄зар
0,0,0,0,0,0,0,0,0,0,йохкархо
0,0,0,0,0,0,0,0,0,0,махбархо
0,0,0,0,0,0,0,0,0,0,совдегар
0,0,0,0,0,0,0,0,0,0,дохка
1,1,1,1,1,1,1,1,1,1,э̄ца
1,0,1,1,1,1,1,1,1,1,да̄ккха
1,1,1,1,1,0,1,1,1,1,ла̄ца
0,0,0,0,0,0,0,0,0,0,прокат
0,0,0,0,0,0,0,0,0,0,налог
0,0,0,0,0,0,0,0,0,0,ларар
0,0,0,0,0,0,0,0,0,0,ларадалар
0,0,0,0,0,0,0,0,0,0,чот
0,0,0,0,0,0,0,0,0,0,де̄кхар
0,0,0,0,0,0,0,0,0,0,сагІадоьхург
1,0,0,0,0,0,0,0,0,0,ахча
1,1,1,1,1,1,1,1,1,1,дахийта
1,1,1,1,0,1,1,1,0,1,дайа
0,0,0,0,0,0,0,0,0,0,каро
1,1,0,1,0,1,1,1,1,1,леха
1,1,1,1,0,1,0,1,1,0,дохо
1,1,1,1,1,1,1,0,1,1,хІаллакдан
1,1,1,1,1,1,1,1,1,1,Іалашдан
1,1,1,1,1,1,1,1,1,1,лардан
0,1,0,1,1,0,1,1,0,1,(йуха) дерзо
1,1,1,1,1,1,0,1,1,1,(йуха) дала
0,0,0,0,0,0,0,0,0,0,хІума
1,1,1,1,1,1,1,1,1,1,латто
1,1,0,1,0,0,1,0,1,1,хила
1,1,1,1,0,1,1,1,1,1,охьахаа
1,1,1,1,1,1,1,0,1,0,охьадосса
1,0,0,1,0,1,1,0,0,0,гавань
0,0,1,0,0,1,0,0,0,1,йистедогІийла
0,0,0,0,0,0,0,0,0,0,порт
0,0,0,0,0,0,0,0,0,0,йакорь
1,1,1,1,1,1,1,1,1,1,гата
1,0,0,0,0,0,0,0,0,0,мачта
0,0,0,0,0,0,0,0,0,0,тІа̄м
1,0,1,1,1,1,1,1,1,1,лело
1,0,1,1,1,0,0,1,1,0,дига
0,0,0,0,0,0,0,0,0,0,пийсиг
0,0,0,0,0,0,0,0,0,0,пистиг
0,0,0,0,0,0,0,0,0,0,бурам
0,0,0,0,0,0,0,0,0,0,ке̄ма
0,0,0,0,0,1,0,0,0,0,хикема
0,0,0,1,0,0,0,0,0,0,каноэ
0,0,0,0,0,0,0,0,0,0,дукъ
0,0,0,0,0,0,0,0,0,0,сема
0,0,0,0,0,0,0,0,0,0,чкъург
0,0,0,0,0,0,0,0,0,0,гІудалкх
0,0,0,1,0,1,1,0,1,0,ворда
0,0,0,0,0,0,0,0,0,0,тІай
0,0,0,0,0,0,0,0,0,0,некъ
0,1,1,1,1,1,1,1,1,1,(дІа) татта
1,1,1,1,1,1,1,1,1,1,да̄ло
1,1,1,1,1,1,1,1,0,1,дахьийта
1,1,1,1,1,1,1,1,1,1,схьадан
0,0,0,0,0,1,1,0,0,1,схьакхачо
1,1,1,1,1,1,1,1,1,1,дан
1,0,1,1,0,1,1,1,1,0,дахьа
1,1,1,0,1,1,1,1,0,1,чудаха
1,1,1,1,1,1,1,1,1,1,чуда̄ла
1,1,1,1,1,1,1,1,1,1,гергада̄н
1,1,1,1,1,1,0,1,1,1,тІедаха
0,1,0,0,0,1,0,0,0,0,схьакха̄ча
1,1,1,1,1,1,1,1,1,0,тІаьхьада̄ла
1,1,1,1,0,1,0,1,1,0,тІаьхьада̄ха
1,1,1,0,0,1,0,1,1,1,дада
1,1,1,1,1,1,0,1,1,1,йухада̄
1,1,1,1,1,1,1,1,1,1,арада̄ла
1,1,1,1,0,1,1,1,0,1,хьаладаха
1,0,1,0,1,0,0,1,0,1,ваха
1,1,1,1,1,1,0,1,0,1,даха
1,1,0,1,1,1,0,1,1,1,ида
1,1,1,1,1,1,1,1,1,1,дІадада
1,1,1,1,0,1,0,1,1,1,схьадада
0,0,0,1,0,0,0,0,0,1,астагІлелха
1,1,0,1,1,0,1,1,1,1,ле̄ла
1,1,1,1,1,1,0,1,1,1,хелхадала
1,1,1,1,1,1,0,1,1,1,(ирх) кхийсадала
0,0,0,0,0,0,0,0,0,0,шерша
1,1,1,1,1,1,1,1,1,1,охьалахдала
0,1,0,0,0,0,0,0,0,0,горхІотта
1,1,1,1,1,1,0,1,0,1,те̄кха
1,1,1,1,1,1,0,1,1,1,хьекха
1,1,0,1,0,0,1,1,0,0,дуса
1,1,1,1,0,1,0,1,1,1,эха
1,1,1,1,1,1,1,1,0,1,детта
0,0,0,0,0,0,0,0,0,1,чулелха
1,1,1,1,1,1,0,1,1,1,бухадаха
1,1,1,1,1,1,0,1,1,1,вовшахдетта
1,1,1,1,1,1,1,1,1,1,дегадан
1,1,1,1,1,1,1,1,1,1,ле̄ца
1,1,1,0,0,0,1,1,0,1,кхийса
1,1,1,1,1,1,1,0,1,1,херца
1,0,0,1,1,0,0,1,0,0,охьаэга
1,1,1,1,1,1,1,1,1,1,схьаэца
1,1,1,1,1,1,0,0,0,0,ирахІотто
1,0,1,1,1,1,1,0,1,1,тІедийла
0,0,1,0,1,0,0,1,0,0,хьовзо
1,1,1,1,1,1,1,1,0,1,деда
1,1,1,1,1,0,0,1,1,1,э̄га
0,1,1,1,1,1,1,0,0,1,хьийзо
0,0,0,0,0,0,0,0,0,0,хьарчо
1,1,0,1,1,1,1,1,1,1,дІадаржа
1,1,1,0,1,1,1,0,1,1,схьадаржо
1,0,1,0,1,0,1,1,0,1,харца
0,0,0,0,0,0,0,0,0,0,урс
1,1,0,1,1,1,1,1,1,1,сто
0,0,0,0,0,0,0,0,0,0,басар
0,0,0,0,0,0,0,0,0,0,сир
1,0,1,0,0,1,0,1,0,0,статуйа
0,0,0,0,0,0,0,0,0,0,скульптор
1,1,1,1,1,1,1,1,1,1,схьахадо
1,1,0,1,1,0,1,1,1,1,сто
0,0,0,0,0,0,0,0,0,0,тІоьрмиг
0,0,0,0,0,0,0,0,0,0,куз
0,0,0,0,0,0,0,0,0,0,кортали
0,0,0,0,0,0,0,0,0,0,черт
0,0,0,0,0,0,0,0,0,0,тускар
1,1,1,1,1,1,1,1,1,0,дуца
1,1,1,0,1,0,1,1,0,0,дуоза
0,0,0,0,0,0,0,0,0,0,ангали
0,0,1,0,0,0,0,0,0,0,шиша
0,0,0,0,0,0,0,0,0,0,куьпчи
0,0,0,0,0,0,0,0,0,0,э̄чиг
0,0,0,0,0,0,0,0,0,0,даш
1,1,1,1,1,1,1,1,1,1,цІаста
0,0,0,0,0,0,0,0,0,0,ез
0,0,0,0,0,0,0,0,0,0,борза
1,1,1,1,1,1,1,1,1,1,дато̄
0,1,1,1,0,0,0,1,0,1,дашо̄
0,0,0,1,1,1,1,1,1,0,нуьйжа
0,0,0,0,0,0,0,0,0,0,клей
0,0,0,0,0,0,0,0,0,0,хьостам
0,0,0,0,0,0,0,0,0,0,жІов
0,0,0,0,0,0,0,0,0,0,херх
0,0,0,0,0,0,0,0,0,0,Іуьрг
0,0,0,0,0,0,0,0,0,0,дечиг-пхьар
0,0,0,0,0,0,0,0,0,0,гІирс
0,0,0,0,0,0,0,0,0,0,нуй
1,1,1,1,1,1,0,1,1,1,дийтта
0,1,1,0,1,0,0,1,0,0,Іовда
0,0,1,1,0,1,0,1,1,1,тІетаІа
1,1,1,1,1,1,1,0,1,1,тІетеІо
1,0,1,1,1,1,0,1,0,1,хьалаолла
0,0,0,0,0,0,0,0,0,0,ирхьолла
1,1,0,0,1,1,1,1,1,1,(дІа)даржо
1,0,1,1,1,1,1,1,1,1,даржа
1,1,1,0,1,1,0,0,0,1,ийза
1,0,1,0,1,1,1,1,0,1,дула
0,1,1,1,1,1,1,1,1,1,(дІа) о̄зо
1,1,1,1,0,1,1,1,1,1,дІадайа
1,1,1,1,1,1,1,1,1,1,дІадаккха
1,1,1,1,1,1,1,1,1,1,этІо̄
1,1,1,1,1,1,0,1,0,1,хе̄до
1,1,1,1,1,1,1,1,1,1,ата
1,1,1,1,1,1,1,0,1,0,кагдан
1,1,1,1,1,1,1,0,1,0,кегдан
0,0,0,0,0,0,0,0,0,0,диг
0,0,0,0,0,0,0,0,0,0,тукар
1,1,1,1,1,1,1,1,1,1,ден
1,1,0,1,0,0,0,1,1,1,хьакха
1,1,1,1,1,1,1,1,1,1,дацдан
0,1,1,1,1,1,1,1,1,1,жимдан
0,0,0,0,0,0,0,0,0,0,шад
0,0,0,0,0,0,0,0,0,0,муш
0,0,0,1,0,0,0,0,0,0,чуха
0,0,0,0,0,0,0,0,0,0,зІе
1,1,1,1,1,1,0,1,1,1,да̄ста
0,0,1,0,0,0,0,0,0,1,дІадехка
0,0,0,0,0,0,0,0,0,0,(тІе)
0,0,0,0,0,0,0,0,0,0,болх
0,0,0,0,0,0,0,0,0,0,нитташ
0,0,0,0,0,0,0,0,0,0,бамбук
0,0,0,0,0,0,0,0,0,0,гІа̄бакх
0,0,0,0,0,0,0,0,0,0,батат
0,0,0,0,0,0,0,0,0,0,инжир (стом)
0,0,0,0,1,0,1,1,1,0,банан (стом)
0,0,0,0,0,0,0,0,0,0,дитш (стом)
0,0,0,0,0,0,0,0,0,0,кокос
0,0,0,0,0,0,0,0,0,0,пальма
0,0,0,1,0,0,0,0,0,0,мутта
0,0,0,0,0,0,0,0,0,0,кевстиг
0,0,0,0,0,0,0,0,0,0,чІор
0,0,0,0,0,0,0,0,0,0,саьнгал
0,0,0,0,0,0,0,0,0,0,гуьйриг
0,0,1,0,0,1,0,0,0,0,луьлла
0,0,0,0,0,0,0,0,0,0,тонка
0,0,0,0,0,0,0,0,0,0,хутал
0,0,0,0,0,0,0,0,0,0,ножнаш
0,0,0,0,1,0,0,0,1,0,база
0,0,0,1,1,0,1,0,0,0,пихта
0,0,0,0,0,0,0,0,0,0,зез
0,0,0,0,0,0,0,0,0,0,дакх
0,0,0,0,0,0,0,0,0,0,поп
0,0,0,0,0,0,0,0,0,0,наж
0,0,0,0,0,0,0,0,0,0,дитт
0,0,0,0,0,0,0,0,0,0,зезаг
1,1,1,0,0,0,0,0,1,0,гІа
1,0,1,1,0,0,1,1,0,0,га
0,0,0,0,0,0,0,0,0,0,о̄рам
1,1,1,1,0,0,1,0,0,1,кхио
0,0,0,0,0,0,0,0,0,0,йол
0,0,0,0,0,0,0,0,0,0,орамат
0,0,0,0,0,0,0,0,0,0,буц
0,1,0,0,0,0,0,0,0,0,дуга
0,0,0,0,0,0,0,0,0,0,хьаьжкІа
0,1,0,0,1,0,0,0,0,0,сула
0,0,1,0,0,0,0,1,1,0,кена
0,1,0,0,1,0,1,1,1,0,божан
0,0,0,0,0,0,0,0,0,0,сос
1,0,0,0,0,1,0,0,0,0,кІа
0,0,0,0,0,0,0,0,0,0,мукх
1,1,1,1,0,1,1,1,1,1,йалта
0,0,0,0,0,0,0,0,0,0,хьаьтт
0,0,0,0,0,0,0,0,0,0,ара
0,0,0,0,0,0,0,0,0,0,хІу
0,0,0,1,0,0,0,0,0,0,кагтуха
1,1,1,1,1,1,1,1,1,1,шада
0,0,0,0,0,0,0,0,0,0,цел
0,0,0,0,0,0,0,0,0,0,ча̄ми
1,0,1,1,0,0,1,1,1,0,охана
0,0,0,0,0,0,0,0,0,0,а̄хка
1,1,0,1,1,0,1,1,1,1,а̄ха
0,0,0,0,0,0,0,0,0,0,керт
0,0,0,0,0,0,0,0,0,0,беш
0,0,0,0,0,0,0,0,0,0,а̄ре
0,0,0,0,0,0,0,0,0,0,фермер
1,1,1,1,1,0,1,1,1,1,цІā
0,0,0,0,0,0,0,0,0,0,кир
0,0,0,0,0,0,0,0,0,0,кибарчиг
0,0,0,0,0,0,0,0,0,0,нартол
0,0,0,1,0,0,0,0,0,0,тІулгботтархо
0,0,0,0,0,0,0,0,0,0,бІогІам
0,1,1,1,0,1,0,0,1,1,дукъо
0,0,0,0,0,0,0,0,0,0,варкхал
0,0,0,0,0,0,0,0,0,0,тхов
0,0,0,0,0,0,0,0,0,0,чахчар
0,0,0,0,0,0,0,0,0,0,терхи
0,0,0,0,0,0,0,0,0,0,чІурам
0,0,0,0,0,0,0,0,0,0,стол
0,0,0,0,0,0,0,0,0,0,гІант
0,0,0,0,0,0,0,0,0,0,одейал
0,0,0,0,0,0,0,0,0,0,йургІа
0,0,0,0,0,0,0,0,0,0,гІайба
0,0,0,0,0,0,0,0,0,0,маьнга
0,0,0,0,0,0,0,0,0,0,ла̄ми
0,0,0,0,0,0,0,0,0,0,туьнкалг
0,0,0,0,0,0,0,0,0,0,пеш
1,0,1,1,0,1,0,0,0,0,товха
0,0,0,1,1,0,0,0,0,0,пен
0,0,1,0,1,0,0,1,0,0,цІенкъа
0,0,0,0,0,0,0,0,0,0,кор
0,1,0,0,0,0,0,1,0,0,до̄гІа
0,0,0,0,0,0,0,0,0,0,гІуй
0,0,0,0,0,0,0,0,0,0,гура
0,0,0,0,0,0,0,0,0,0,чоь
0,0,0,0,0,0,0,0,0,0,неІ
0,0,0,0,0,0,0,0,0,0,клуб
0,0,0,0,0,0,0,0,0,0,кухни
0,0,0,0,0,0,0,0,0,0,уьтІие
0,0,0,0,0,0,0,0,0,0,четар
0,0,0,0,0,0,0,0,0,0,лаппагІа
0,0,0,0,0,0,0,0,0,0,куьзга
0,0,0,0,0,0,0,0,0,0,са̄ба
0,0,0,0,0,0,0,0,0,0,хьакхар
0,0,0,0,0,0,0,0,0,0,кІа̄жар
0,0,0,0,0,0,0,0,0,0,ехк
0,0,0,0,0,0,0,0,0,0,дагар
0,1,0,0,0,0,0,0,1,0,коьртан
0,0,0,0,0,0,0,0,0,0,чІагарш
0,0,0,0,0,0,0,0,0,0,хьалкханаш
0,0,0,0,0,0,0,0,0,0,туьти
0,0,0,0,0,0,0,0,0,0,туьтеш
0,0,0,0,0,0,0,0,0,0,хІоз
0,0,0,0,0,0,0,0,0,0,мухІар
0,0,0,0,0,0,0,0,0,0,сурт
0,0,0,0,0,0,0,0,0,0,бустам
0,0,0,0,0,0,0,0,0,0,орнамент
1,0,0,0,0,1,1,1,1,0,нуьйда
0,0,0,1,0,0,0,1,1,0,киса
0,0,0,0,0,0,0,0,0,0,бой
0,0,0,0,0,0,0,0,0,0,кара
0,0,0,0,0,1,0,0,0,0,доьхка
0,0,0,0,0,0,0,0,0,0,туфлеш
0,0,0,0,0,0,0,0,0,0,батенкаш
0,0,0,0,0,0,0,0,0,0,па̄зат
1,0,0,1,0,1,0,0,1,1,хеча
0,0,0,0,0,0,0,0,0,0,йупка
0,0,0,0,0,0,0,0,0,0,коч
0,0,0,1,0,0,1,0,0,0,полто
0,0,0,0,0,0,0,0,0,0,басар
0,0,0,0,0,0,0,0,0,0,сир
0,0,0,0,0,0,0,0,0,0,плащ
0,0,0,0,0,0,0,0,0,0,ме̄ха
0,0,0,1,0,0,0,1,0,0,ма̄ха
0,0,0,0,0,0,0,0,0,0,йу
1,1,1,1,0,1,1,0,1,1,те̄га
1,1,1,1,0,1,0,1,0,0,дага
0,0,0,0,0,0,0,0,0,0,урчакх
1,0,1,0,0,1,0,0,0,0,хьовза
0,0,0,0,0,1,0,0,0,0,цІо̄ка
1,1,0,1,0,0,1,0,0,1,чо
0,0,0,0,0,0,0,0,0,0,истанг
0,0,0,0,0,0,0,0,0,0,бІегІиг
0,0,0,0,0,0,0,0,0,0,да̄ри
0,0,0,0,0,0,0,0,0,0,ба̄мба
1,1,1,1,1,1,1,1,1,1,ве̄та
0,0,0,0,0,0,0,0,0,0,шал
0,0,0,0,0,0,0,0,0,0,кІа̄ди
0,0,1,0,0,0,0,0,0,0,тегархо
0,0,0,0,0,0,0,0,0,0,бедар
1,1,1,1,1,1,0,1,0,1,тІедуха
0,0,0,0,0,0,0,0,0,0,буьйра
1,1,1,1,1,1,1,1,1,1,хІоа
0,0,1,1,0,0,0,1,0,0,ниха
0,0,0,0,0,0,0,0,0,0,йий
0,0,0,0,0,0,0,0,0,0,чагІар
0,0,0,0,0,0,0,0,0,0,моз
0,0,0,0,0,0,0,0,0,0,малар
0,0,0,1,1,0,0,0,0,0,налха
1,0,0,0,0,0,0,0,0,0,нехча
0,0,0,0,0,0,0,0,0,0,ше̄кар
0,0,0,0,0,0,0,0,0,0,шура
0,0,0,0,0,0,0,0,0,0,бурч
0,0,1,0,0,1,0,1,0,0,туха
0,0,1,0,0,0,0,0,0,0,даьтта
0,0,0,0,0,0,0,0,0,0,мохь
0,0,1,0,0,0,0,0,0,0,зайтун
0,0,0,0,0,0,0,0,0,0,кемсаш
0,0,0,0,0,0,0,0,0,0,бІар
0,0,0,0,0,0,0,0,0,0,хорха
1,0,1,1,0,0,1,0,1,0,кан
0,0,0,0,0,0,0,0,0,0,стом
0,0,0,0,0,0,0,0,0,0,картол(аш)
0,0,0,0,0,0,0,0,0,1,кхоь
0,0,0,0,0,0,0,0,0,0,хасстоьмаш
0,0,0,0,0,0,0,0,0,0,чорпа
0,0,0,0,0,0,0,0,0,0,лоьхь
0,0,0,0,0,0,0,0,0,0,марш
0,0,0,0,0,0,0,0,0,0,жижиг
0,0,0,0,0,0,0,0,0,0,охьлу
0,0,0,0,0,0,0,0,0,0,мохк
0,0,0,0,0,0,1,0,0,0,хьера
1,1,1,1,1,1,0,1,1,1,цеста
0,0,0,0,0,0,0,0,0,0,дама
1,1,1,0,1,0,0,0,1,1,хьен
0,0,0,0,0,0,0,0,0,0,бод
0,0,0,0,0,0,0,0,0,0,бепиг
0,0,0,0,0,0,0,0,0,0,кхаллар
1,1,1,0,1,1,1,1,0,1,хье̄кхо
1,1,1,1,1,1,1,1,1,1,ласадала
1,1,1,1,1,1,1,1,1,1,цІандан
0,0,0,0,0,0,0,0,0,0,пхьор
0,0,0,0,0,0,0,0,0,0,марта
0,0,0,0,0,0,0,0,0,0,морзах
0,0,0,0,0,0,0,0,0,0,Іайг
0,0,0,0,0,0,0,0,0,0,бошхап
0,0,0,0,0,0,0,0,0,0,кад
0,0,0,0,0,0,0,0,0,0,бо̄га
0,0,0,0,0,0,0,0,0,0,кІудал
0,0,0,0,0,0,0,0,0,0,гІумгІа
0,0,0,0,0,0,0,0,0,0,кха̄ба
0,0,0,0,0,0,0,0,0,0,хе̄дар
0,0,0,0,0,0,0,0,0,0,кІарга
0,0,0,0,0,0,0,0,0,0,йай
0,0,0,0,0,0,0,0,0,0,чайник
1,1,1,1,1,1,1,1,1,1,датта
0,0,0,0,0,0,1,0,0,0,кхехко
1,1,1,1,1,1,1,1,1,1,цІийдан
1,0,0,0,0,1,0,0,0,1,садукъа
0,0,0,0,0,0,0,0,0,0,Іийша
1,1,1,1,1,1,0,1,1,1,чухудадала
0,0,0,0,1,0,1,0,1,0,цІубдан
0,0,0,0,1,1,0,0,1,0,хьогалла
1,1,0,0,1,1,1,1,1,1,мацалла
0,0,0,0,0,0,0,0,0,0,мала
0,0,0,0,0,1,0,0,1,1,кха̄ча
0,0,0,0,0,0,0,0,0,0,йуург
0,0,0,0,0,0,0,0,0,0,даар
1,1,1,1,1,1,1,1,1,1,даа
1,1,1,1,1,1,0,1,1,1,садаІа
0,0,0,0,0,0,0,0,0,0,дІовш
0,0,0,0,0,0,0,0,0,0,молха
0,0,0,0,0,0,0,0,0,0,да̄рба
0,0,0,0,0,0,0,0,0,0,лор
0,0,0,0,0,0,0,0,0,0,мо̄
0,0,0,0,0,1,0,1,0,0,ноткъа
0,0,0,0,0,0,0,0,0,0,ІаьржбІаьрг
0,0,0,0,0,0,0,0,0,0,ахкарг
0,0,0,0,0,0,0,0,0,0,кІамдар
0,0,0,0,0,0,0,0,0,0,дестар
0,0,0,0,0,0,0,0,0,0,чов
0,0,0,0,0,0,0,0,0,0,даІ
0,0,0,0,0,0,0,0,0,0,шелдалар
0,0,0,0,0,0,0,0,0,0,каш
1,1,1,1,1,1,0,1,1,1,дІадолла
1,1,1,0,1,1,0,1,1,1,дакъа
1,1,1,1,1,1,1,1,1,1,делла
1,1,1,1,1,1,0,1,1,1,дІада̄ла
0,0,1,0,1,1,1,0,0,1,вала
1,0,0,0,1,1,1,0,0,0,дийна
0,0,0,0,0,0,0,0,0,0,да̄хар
0,0,0,0,0,0,0,0,0,1,лийча
1,0,1,1,1,0,0,1,1,1,эго
0,1,0,1,0,1,1,1,1,1,декадо
1,1,1,1,1,1,1,1,1,1,сама̄дала
1,1,1,1,1,1,1,1,1,1,дагалеца
1,1,1,1,1,1,1,1,1,1,Іетто
0,0,0,0,0,0,0,0,0,0,туй
0,0,0,0,0,0,0,0,0,0,шет
1,1,1,1,1,1,1,1,1,1,садеІа
1,1,1,1,0,0,1,0,1,1,тІен
0,0,0,0,0,0,0,0,0,0,тІол
0,0,0,1,0,0,1,0,0,0,варо
0,0,0,0,0,0,0,0,0,0,гІогІ
0,0,0,0,0,0,0,0,0,0,гІогІх
0,0,0,0,0,0,0,0,0,0,гІодайукъ
0,0,0,0,0,0,0,0,0,0,чуьйраш
0,0,0,0,0,0,0,0,0,0,хьер
0,0,0,0,0,0,0,0,0,0,зорх
0,0,0,0,0,0,0,0,0,0,Іонжар
0,0,0,0,0,0,0,0,0,0,жим
0,0,0,0,0,0,0,0,0,0,доІахк
0,0,0,0,0,0,0,0,0,0,пах
0,0,0,0,0,0,0,0,0,0,дог
0,0,0,1,0,0,0,0,1,0,цІонга
0,0,0,0,0,0,0,0,0,0,шим
1,0,0,1,1,1,1,1,0,0,нІакха
0,0,0,0,0,0,0,0,0,0,пелаг
0,0,0,0,0,0,0,0,0,0,пІелг
0,0,0,0,0,0,0,0,0,0,лар
1,1,0,1,1,1,1,1,1,0,кІа̄жа
0,0,0,0,0,0,0,0,0,0,хьорка
0,0,0,0,0,0,0,0,0,0,хьа̄кхолг
0,0,0,1,0,0,0,0,0,0,го̄ла
0,0,0,0,0,0,0,0,0,0,пхьидаш
0,0,0,0,0,0,0,0,0,0,варе
0,0,0,0,0,0,0,0,0,0,ког
0,0,0,0,0,0,0,0,0,0,на̄на-пІелг
0,0,0,0,0,0,0,0,0,0,керайукъ
0,0,0,1,0,0,0,0,0,0,тІа̄ра
0,0,0,0,0,0,0,0,0,0,куьг
0,0,0,0,0,0,0,0,0,0,динбухка
0,0,0,0,0,0,0,0,0,0,пханар
0,0,0,0,0,0,0,0,0,0,белш
0,0,0,0,0,0,0,0,0,0,къамкъарг
0,0,0,0,0,0,0,0,0,0,кІесаркІаг
0,0,1,1,0,0,0,1,0,0,ворта
1,1,1,1,1,1,1,1,1,1,кхе̄ла
0,0,0,0,0,0,0,0,0,0,церг
0,0,0,0,0,0,0,0,0,0,до̄ьлаш
0,0,0,0,0,0,0,0,0,0,мотт
0,1,0,0,0,0,0,1,0,0,балда
0,0,0,0,0,0,0,0,0,0,зІок
0,0,0,0,0,0,0,0,0,0,ба̄га
0,0,0,0,0,0,0,0,0,0,мара
1,1,1,1,1,1,1,1,1,1,до
0,0,0,0,0,0,0,0,0,0,лергадума
0,0,0,0,0,0,0,0,0,0,лерг
0,0,0,0,0,0,0,0,0,0,бІаьрганегІарш
0,0,0,0,0,0,0,0,0,0,цІоцкъам
0,0,0,0,0,0,0,0,0,0,бІаьрг
0,0,0,0,0,0,0,0,0,0,бесни
0,0,0,0,0,0,0,0,0,0,чІениг
0,0,0,0,0,0,0,0,0,0,хьаж
0,0,0,0,0,0,0,0,0,0,мочхал
0,0,0,0,0,0,0,0,0,0,са̄лаз
0,0,0,0,0,0,0,0,0,0,кхе̄ма
0,1,0,0,0,0,0,0,0,1,йуьхь
0,0,0,0,0,0,0,0,0,0,хье
1,0,0,0,0,0,0,0,0,0,лергадогІа
0,0,0,0,0,0,0,0,0,0,лергайух
0,1,1,1,1,1,1,0,1,0,туьта
0,0,0,0,0,0,0,0,0,0,корта
0,0,0,0,0,0,0,0,0,0,букъ
0,0,0,0,0,0,0,0,0,0,ги
0,0,0,0,0,0,0,1,0,0,цІога
0,0,0,0,0,0,1,0,0,0,маІа
0,0,1,0,1,1,0,1,1,0,пІенда
0,0,0,0,0,0,0,0,0,0,даьІахк
0,0,0,1,0,0,0,0,0,0,дегапха
0,0,0,0,0,0,0,0,0,0,цІий
0,0,0,0,0,0,0,0,0,0,чич
0,0,0,0,0,0,0,0,0,0,маж
0,0,0,0,0,0,0,0,0,0,дегІ
0,0,0,0,0,0,0,0,0,0,уьнтІапхьид
0,0,0,0,0,0,0,0,0,0,саьрмик
0,0,0,0,0,0,0,0,0,0,моьлкъа
0,0,0,0,0,0,0,0,0,0,пхьид
0,0,0,0,0,0,0,0,0,0,этмаьІиг
0,0,0,0,0,0,0,0,0,0,цаьпцалг
0,1,0,0,0,0,0,0,0,0,полла
0,0,0,0,0,0,0,0,0,0,бумбари
0,0,0,0,0,0,0,0,0,0,лаьхьа
0,0,0,0,0,0,0,0,0,0,текхарг
0,0,0,0,0,0,0,0,1,0,нІаьна
0,0,0,0,0,0,0,0,0,0,чуьрк
0,0,0,1,1,0,0,0,0,1,моза
0,0,0,0,0,0,0,0,0,0,зІӯга
0,0,0,0,0,0,0,0,0,0,никх
0,0,0,0,0,0,0,0,0,0,бāлоз
0,0,1,0,1,0,0,0,0,0,накхармоза
0,0,0,0,0,0,0,0,0,0,гезгмаша
0,0,0,0,0,0,0,0,0,0,гезг
0,0,0,0,0,0,0,0,0,0,зингат
0,0,0,0,0,0,0,0,0,0,чхьаьвриг
0,0,0,0,0,0,0,0,0,0,шаролг
0,0,0,0,0,0,0,0,0,0,сагал
0,1,0,1,1,1,1,1,1,1,хинжа
1,1,0,0,0,0,0,0,1,0,меза
0,0,0,0,0,0,0,0,0,0,эмкал
0,0,0,0,0,0,0,0,0,0,пийл
0,0,0,0,0,0,0,0,0,0,маймал
0,0,0,0,0,0,0,0,0,0,шоьккари
0,0,0,0,0,0,0,0,0,0,сай
0,0,0,0,0,0,0,0,0,0,цхьогал
1,0,0,0,0,0,0,0,0,0,ча
0,0,0,0,0,0,0,0,0,0,лом
0,0,0,0,0,0,0,0,0,0,борз
0,0,0,0,0,0,0,0,0,0,скат
0,0,0,0,0,0,0,0,0,0,кит
0,0,0,0,0,0,0,0,0,0,гІоркхма (чІāра)
0,0,0,0,0,0,0,0,0,0,лахьорч
0,0,0,0,0,0,0,0,0,0,жІараш
0,0,0,0,0,0,0,0,0,0,чІāра
0,0,0,0,0,0,0,0,0,0,цициг
0,0,0,0,0,0,0,0,0,0,пхьагал
0,1,1,1,1,0,0,1,1,1,кхокха
0,0,0,0,0,0,0,0,0,0,соька
0,0,0,0,0,0,0,0,0,0,бухІа
0,0,0,0,0,0,0,0,0,0,къиг
0,0,0,0,0,0,0,0,0,0,тоти
0,0,0,0,0,0,0,0,0,0,бирдолаг
0,0,0,0,0,0,0,0,0,0,аьрзу
1,0,0,0,0,0,0,0,1,1,леча
0,0,0,0,0,0,0,0,0,0,куьйра
0,0,0,0,0,1,0,0,0,0,чайка (хин олхазар)
0,0,0,0,0,0,0,0,0,0,олхазар
0,0,0,1,0,0,0,0,0,0,бен
0,0,0,0,0,0,0,0,0,0,бад
0,0,0,0,0,0,0,0,0,0,гІаз
0,0,0,0,0,0,0,0,0,0,нІаьна-кІорни
0,0,0,0,0,0,0,0,0,0,кІорни
0,0,0,0,0,0,0,0,0,0,кōтам
0,0,0,0,0,0,0,0,0,0,боргІал
0,0,0,0,0,0,0,0,0,1,бІарза
0,0,0,0,0,0,0,0,0,0,зІакардаьхний
0,0,1,0,0,0,0,0,0,0,вир
0,0,0,0,1,0,0,0,0,0,бекъа
0,0,0,0,0,0,0,0,0,0,кхаьл
0,0,0,0,0,0,0,0,0,0,айгІар
0,0,0,0,0,0,0,0,0,0,говр
0,0,0,0,0,0,0,0,0,0,буьхьиг
0,0,0,0,0,0,1,0,0,0,бошто
0,0,0,0,0,0,0,0,0,0,бож
1,1,1,1,1,1,1,1,1,0,гāза
1,1,1,0,1,1,1,1,1,1,хьакха
0,0,0,0,0,0,0,0,0,0,жаргІа
0,1,1,1,0,1,0,1,0,1,нāна-хьакха
0,0,0,0,0,0,0,0,0,0,Іа̄хар
0,0,0,0,0,0,0,0,0,0,уьстагІ
0,0,0,0,0,0,0,0,0,0,джи
1,1,1,1,1,0,1,1,1,1,эса
0,0,0,0,0,0,0,0,0,0,етт
0,0,0,0,0,0,0,0,0,0,сту
0,0,0,0,0,0,0,0,0,0,даьхний
0,0,0,0,0,0,0,0,0,0,божал
0,1,1,0,0,0,0,1,0,1,ога
0,0,0,0,0,1,0,0,0,0,лаьттийла
0,0,0,0,0,0,0,0,0,0,Іу
1,1,1,1,1,1,0,1,1,1,дежийла
0,0,0,0,0,0,0,0,0,0,хьайбанаш
0,0,0,0,0,0,0,0,0,0,дийнат
0,0,0,0,0,0,0,0,0,0,доьзал
0,0,0,0,0,0,0,0,0,0,гергарниг
0,0,0,0,0,0,0,0,0,0,жера-стаг
0,0,0,0,0,0,0,0,0,0,виснарг
0,0,0,0,0,1,0,0,0,1,жеро
0,0,0,0,0,0,0,0,0,0,бō
0,0,0,0,0,0,0,0,0,0,бōбер
0,0,0,0,0,0,0,0,0,0,дēсте
0,0,0,0,0,0,0,0,0,0,тІаьхье
0,0,0,0,0,0,0,0,0,0,шича
0,0,1,0,0,0,1,1,0,0,дēйиша
1,1,1,1,1,1,1,1,1,1,дēца
1,1,1,1,1,1,1,1,1,0,нēца
0,0,0,0,0,0,0,0,0,0,нēнайиша
0,0,0,0,0,0,0,1,0,0,ваша
0,0,0,0,0,0,0,0,0,0,бāба
1,1,1,1,1,1,1,1,1,1,дēдā
0,0,1,0,0,0,0,0,1,0,нēнадā
1,0,0,0,0,0,1,1,0,0,йиша
0,0,0,0,0,0,0,0,0,0,бераш
0,0,0,0,0,0,0,0,0,0,йоІ
0,0,0,0,0,0,0,0,0,0,кІант
0,0,0,0,0,0,0,0,0,0,воІ
0,0,0,0,0,1,1,0,1,0,дā-нāна
0,0,0,1,0,0,0,1,0,0,нāна
1,1,1,1,1,1,1,1,1,1,дā
0,0,0,0,0,0,0,0,0,0,дІасакъастар
0,0,0,0,0,0,0,0,0,0,ловзар
1,0,0,1,0,1,0,1,0,0,зуда
0,0,0,0,0,0,0,0,0,0,майра
0,0,0,0,0,0,0,0,0,0,бер
0,0,0,0,0,0,0,0,0,0,къōнаниг
0,0,0,0,0,0,0,0,0,0,адам
0,0,0,0,0,0,0,0,0,0,стаг
0,0,0,0,0,0,0,0,0,0,дечиг
0,0,0,0,0,0,0,0,0,0,сирник
1,1,1,1,1,1,1,1,1,1,дІадайІа
1,0,1,1,0,1,1,1,1,0,дāго
1,1,1,1,1,1,1,1,1,1,Іийжо
0,0,0,1,0,0,0,0,0,0,кІега
0,0,0,0,0,0,0,0,0,0,чим
0,0,0,0,0,0,0,0,0,0,кІур
0,0,0,0,0,0,0,0,0,0,āлу
0,0,0,0,0,0,0,0,1,0,цІе
1,1,1,1,1,0,1,1,1,1,лō
0,0,0,0,0,0,0,0,0,0,дохк
0,0,0,0,0,0,0,0,0,0,мох
0,0,0,1,0,0,0,0,0,0,марха
0,0,0,0,0,0,0,0,0,0,хІаваъ
0,0,0,0,0,0,0,0,0,0,тхир
0,0,0,0,0,0,0,0,0,0,ІиндагІ
0,0,0,0,0,0,0,0,1,0,бōда
0,0,1,1,0,0,0,0,0,0,серло
0,0,0,0,0,0,0,0,0,0,дуьне
0,0,0,0,0,0,0,0,0,0,стелаІад
0,0,0,0,1,0,0,0,0,0,дарц
0,0,0,0,0,0,0,0,0,0,ткъес
0,0,0,0,0,0,0,0,0,0,стелахаьштиг
1,1,1,0,1,1,1,1,1,1,седа
0,0,0,0,0,0,0,0,0,0,бутт
0,0,0,0,0,0,0,0,0,0,малх
0,0,0,0,0,0,0,0,0,0,стигал
1,0,1,0,0,0,0,0,0,0,хьун
0,0,0,0,0,0,0,0,0,0,чухчари
0,0,0,0,0,0,0,0,0,0,уьшал
0,0,0,0,0,0,0,0,0,0,кІуркІмани
0,0,0,0,0,0,0,0,0,0,айма
0,0,0,0,0,0,0,0,0,0,татол
0,0,0,0,0,0,0,0,0,0,хи
0,0,0,0,0,0,0,0,0,0,Іовраш
0,0,0,0,0,0,0,0,0,0,чудожар
0,0,0,0,0,0,0,0,0,0,тулгІе
0,0,0,1,0,0,0,0,0,0,бухта
0,0,0,0,0,0,0,0,0,0,Іам
0,0,0,0,0,0,0,0,0,0,хІорд
0,0,0,0,0,0,0,0,0,0,чопа
0,0,0,0,0,0,0,0,0,0,хьех
0,0,0,0,0,0,0,0,0,0,хийист
0,0,0,0,0,0,0,0,0,0,континент
0,0,0,0,0,0,0,0,0,0,гІайре
0,0,0,0,0,0,0,0,0,0,тогІи
0,0,0,0,1,0,0,1,0,1,āтагІа
1,1,1,1,1,1,1,1,0,0,майда
0,0,0,0,0,0,0,0,0,0,тарх
0,0,0,0,0,0,0,0,0,0,берд
0,1,1,1,0,0,0,1,1,0,мода
0,0,0,0,0,0,0,0,0,0,хатт
0,0,0,0,0,0,0,0,0,0,гІум
0,1,0,1,1,1,1,0,0,1,чан
1,1,1,1,1,1,1,1,1,1,лāтта
0,0,0,0,0,0,0,0,0,0,мāшар
0,0,0,0,0,0,0,0,0,0,де
0,0,0,0,0,0,0,0,0,0,буьйса
0,0,0,0,0,0,0,0,0,0,сатасар
0,0,0,0,0,0,0,0,0,0,сахилар
0,0,0,0,0,0,0,0,0,0,Іуьйре
0,0,0,0,0,0,0,0,0,0,делкъе
1,0,1,1,1,1,1,1,1,1,делкъхан
0,0,0,0,0,0,0,0,0,0,суьйре
0,0,0,0,0,0,0,0,0,0,сахьт
0,0,0,0,0,0,0,0,0,0,кІира
0,0,0,0,0,0,0,0,0,0,оршот
0,0,0,0,0,0,0,0,0,0,шинара
0,1,0,0,0,0,0,1,0,1,кхаара
0,0,0,0,0,1,0,0,1,0,еара
1,0,0,0,0,0,0,0,0,1,пІераска
0,0,0,0,0,0,0,0,0,0,шот (де)
0,1,0,1,0,0,0,1,0,1,шо
1,1,0,1,1,0,1,1,1,1,Іа
0,0,0,0,0,0,0,0,0,0,бІаьсте
0,0,0,0,0,0,0,0,0,0,аьхке
0,0,0,0,0,0,0,0,0,0,гуьйре
0,0,0,0,0,0,0,0,0,0,чам
1,0,1,0,1,0,1,1,0,1,хаза
0,0,0,0,0,1,0,0,0,0,ладогІа
0,0,0,0,0,0,0,0,0,0,а̄з
0,0,0,0,0,0,0,0,0,0,гІовгІа
0,0,0,1,1,0,1,0,1,0,ган
1,1,1,1,1,1,1,1,1,1,хьежа
1,1,1,1,1,0,1,1,1,1,хьа̄жа
1,1,1,1,1,1,1,1,0,0,гайта
1,0,0,1,0,1,1,1,0,0,хьажийта
1,1,1,1,1,1,1,1,1,1,кхета
0,0,0,0,0,0,0,0,0,0,бос
1,1,1,1,1,1,1,1,1,1,хьедан
1,1,1,0,1,0,1,1,0,1,Іийда
1,1,1,1,1,1,1,1,1,1,хаадала
0,0,1,1,0,0,1,0,0,0,аьтто
0,0,0,0,0,0,0,0,0,0,бохам
0,0,0,0,0,0,0,0,0,0,каца̄йалар
1,1,1,1,1,0,1,1,1,1,къе̄жа
0,0,0,0,0,0,1,0,1,0,ловза
1,1,1,1,1,1,0,1,1,1,деза
1,1,1,1,1,1,1,1,1,1,маракхета
0,0,1,1,0,0,0,1,0,0,мараэккха
0,0,0,0,0,0,0,0,0,0,лазар
0,0,0,0,0,0,0,0,0,0,гІайгІа
0,0,0,0,1,0,0,0,0,0,ба̄ла
0,0,0,0,0,0,0,0,0,0,халахетар
0,0,0,0,0,1,0,0,0,0,сагатдар
1,1,1,1,1,1,1,1,1,1,халахета
0,0,0,0,0,0,0,0,0,0,къахетар
0,0,0,0,0,0,0,0,0,0,къинхетам
1,0,1,1,1,0,1,0,0,1,делха
0,0,0,0,0,0,0,0,0,0,бІаьрхи
1,1,1,1,1,1,1,1,0,1,дералла
0,0,0,0,0,0,0,0,0,0,аьгІазло
0,0,0,0,0,0,0,0,0,0,хьагІ
0,0,0,0,0,0,0,0,0,0,хьегар
0,1,1,1,0,0,0,0,0,0,эмгаралла
1,1,0,0,0,0,0,0,0,0,эхь
0,0,0,0,0,0,0,0,0,0,майраниг
0,0,0,0,0,0,0,0,0,0,кхерам
0,0,0,0,0,0,0,0,0,0,кхерар
0,0,0,0,0,0,0,0,0,0,лаар
0,0,0,0,0,0,0,0,0,0,лаам
1,1,0,0,1,1,1,1,1,1,(схьа) харжа
1,1,1,1,0,1,1,1,0,1,догда̄ха
1,0,1,1,1,1,1,0,1,1,Іехо
1,1,1,1,1,1,1,1,1,1,ледан
1,1,1,1,1,1,1,1,1,1,дита
0,0,0,0,0,0,0,0,0,0,даьлларг
0,0,0,0,0,0,0,0,0,0,динарг
0,0,0,0,0,0,0,0,0,0,гІалат
0,1,1,1,1,1,1,1,1,1,бехкедан
1,1,1,1,1,1,1,1,1,1,хесто
1,1,1,1,1,1,1,1,1,1,хестадан
0,0,0,0,0,0,0,0,0,0,хьекъал
1,0,0,0,0,1,1,0,1,0,те̄ша
1,1,1,1,0,1,1,1,1,1,хаа
0,0,0,1,1,0,0,1,1,0,мотта
1,1,1,1,1,1,1,1,1,1,тардан
1,1,1,1,1,1,1,1,0,1,хе̄та (дала)
0,0,0,0,0,0,0,0,0,0,идей
0,0,0,0,0,0,0,0,0,0,кхе̄там
0,0,0,0,0,0,0,0,0,0,Іама
0,0,1,0,0,1,0,0,0,1,деша
0,0,0,0,0,0,0,0,0,0,Іамо
1,1,1,1,1,0,1,1,1,1,хьеха
0,0,1,0,0,0,0,0,0,1,дешархо
0,0,1,0,0,0,0,0,0,0,хьехархо
0,0,0,1,0,0,0,0,0,0,школа
1,1,1,1,1,1,1,1,1,1,дагада̄н
1,1,1,1,1,1,1,1,1,1,дицдала
1,1,1,1,1,1,1,1,1,1,кхе̄то
1,0,1,1,1,1,1,1,0,0,ойла
0,0,0,1,1,0,1,0,0,0,бахьана
0,0,0,1,0,0,0,0,0,0,ше̄ко
1,0,1,0,1,0,0,0,0,1,шекъхила
1,1,1,1,1,1,0,1,1,1,йамартда̄ла
0,0,0,0,0,0,0,0,0,0,гІортар
0,0,0,0,0,0,0,0,0,0,кеп
0,0,0,0,0,0,0,0,0,0,барам
0,0,0,0,0,0,0,0,0,0,йиш
0,0,0,0,0,0,0,0,0,0,мукъам
1,1,1,1,1,1,1,1,0,1,лекха
1,1,1,1,1,1,0,1,1,1,а̄ла
1,1,1,1,0,1,0,0,0,1,де̄ка
1,1,1,0,1,1,1,1,1,1,цІийза
0,0,0,0,0,0,0,0,0,0,угІа
1,1,1,0,1,0,1,1,1,1,лен
1,0,1,0,0,0,0,1,1,1,дистхила
0,0,0,0,0,0,0,0,0,0,къамел
0,0,0,0,0,0,0,0,0,0,дош
1,1,1,1,1,0,1,1,1,1,хатта
1,1,1,1,1,1,1,1,1,1,керстдан
1,1,1,1,0,1,0,1,1,1,де̄ха
0,0,1,0,0,1,1,0,0,1,дехка
1,1,0,1,0,1,0,1,0,1,кхайкха
1,1,1,1,1,1,1,1,1,1,дІахьедан
0,0,1,1,0,1,1,1,0,1,кхайкхо
1,1,1,1,1,1,1,1,1,1,йа̄здан
1,0,1,0,0,1,0,0,0,0,еша
0,0,0,0,0,0,0,0,0,0,ке̄хат
0,0,0,0,0,0,0,0,0,0,ручка
0,0,0,0,0,0,0,0,0,0,книшка
0,0,0,0,0,0,0,0,1,0,илланча
0,0,0,0,0,0,0,0,0,0,шедаг
1,0,1,0,1,1,0,1,1,1,вота
0,0,0,0,0,0,0,0,0,0,екарг
1,1,0,1,0,1,0,1,0,0,гІа̄ла
0,0,0,0,0,0,0,0,0,0,эвл
1,1,1,1,1,0,1,1,1,1,до̄за
0,0,0,0,0,0,0,0,0,0,халкъ
0,0,0,0,0,0,0,0,0,0,тукхам
0,0,0,0,0,0,0,0,0,0,баьчча
1,1,1,0,1,1,1,1,1,1,Іа̄са
0,0,0,0,0,0,0,0,0,0,паччахь
0,0,1,0,0,0,0,0,0,0,зуда-паччахь
0,1,1,0,0,0,1,0,1,1,дика
1,1,1,1,1,1,0,1,1,1,э̄ла
0,0,0,0,0,0,0,0,0,0,лай
1,1,1,1,1,1,0,1,1,1,йалхо
1,0,0,1,0,1,1,0,0,0,магийта
0,0,0,1,0,0,0,0,0,0,маго̄
0,0,0,0,0,0,0,0,0,0,доттагІ
0,0,0,0,0,0,0,0,0,0,мостагІ
0,1,1,0,1,1,1,0,0,1,лулахо̄
0,0,0,0,0,0,0,0,0,0,цавевзарг
0,1,0,0,0,0,1,1,0,0,хьа̄ша
0,0,0,0,0,0,0,0,0,0,гІо
0,0,0,0,0,0,0,0,0,0,Іе̄дал
0,0,0,0,0,0,0,0,0,0,Іа̄дат
0,0,0,0,0,0,0,0,0,0,дов
0,0,0,0,0,0,0,0,0,0,кхахьпа
1,1,1,1,1,1,1,1,1,1,ле̄та
0,0,0,0,0,0,0,0,0,0,тІом
0,0,0,0,0,0,0,0,0,0,эскар
0,0,0,0,0,0,0,0,0,0,салти
0,0,0,0,0,0,0,0,0,0,герз
0,0,0,0,0,0,0,0,0,0,чхьонкар
1,1,0,0,0,1,0,1,1,1,хьокха
0,0,0,0,0,0,0,0,0,0,жамболат
0,0,0,0,0,0,0,0,0,0,ширдолаг
0,0,0,0,0,0,0,1,0,0,(секха) Іад
0,0,0,1,0,0,0,0,0,0,пха
0,0,0,0,0,0,0,0,0,0,гоьмукъ
0,0,0,0,0,0,0,0,0,0,гІа̄лакх
0,0,0,0,0,0,0,0,0,0,гІагІ
0,0,0,0,0,0,0,0,0,0,гІем
0,0,0,0,0,0,0,0,0,0,турс
0,0,0,0,0,0,0,0,0,0,гІап
0,0,0,0,0,0,0,0,0,0,бІов
0,0,0,0,0,0,0,0,0,0,толам
0,0,0,0,0,0,0,0,0,0,кхиам
0,0,0,0,0,0,0,0,0,0,э̄шар
0,0,0,0,0,0,0,0,0,0,талхар
0,0,0,0,0,0,0,0,0,0,(тІе) то̄хар
1,1,1,1,1,1,0,1,1,1,йухада̄ла
0,0,0,0,0,0,0,0,0,0,тутмакх
0,0,0,0,0,0,0,0,0,0,гІаролаш
0,0,1,1,0,0,0,0,0,0,чІерийлецархо
1,0,0,0,0,0,0,0,1,1,ле̄ска
0,0,0,0,0,0,0,0,0,0,ов
0,0,0,0,0,0,0,0,0,0,речІа
0,0,0,1,0,0,0,0,1,0,закон
0,0,0,0,0,0,0,0,0,0,суд
0,0,0,0,0,0,0,0,0,0,кхел
0,1,1,0,1,1,1,0,1,0,суьдхо
1,1,1,1,0,1,1,1,0,1,кхелахо
0,0,0,1,0,1,0,0,0,0,жоьпахо
0,0,0,0,0,0,0,0,0,0,теш
0,0,0,0,0,0,0,0,0,0,дуй
1,1,0,0,0,0,0,0,0,0,чІа̄гІо
0,1,1,1,1,0,1,0,0,1,бехкедан
1,1,1,1,1,0,0,1,1,1,бехказда̄ла
0,0,0,0,0,0,0,0,0,0,таІзар
0,0,0,0,0,0,0,0,0,0,набахти
0,0,1,0,0,0,0,1,0,0,зина
0,0,0,0,0,0,0,0,0,0,хьийзор
1,0,1,1,1,1,1,0,0,0,харцтешалла
0,0,0,0,0,0,0,0,0,0,къу
1,1,1,1,1,1,1,1,1,1,дин
1,0,1,1,1,1,1,1,1,0,Де̄ла
0,0,0,0,0,0,0,0,0,0,Аллагь
0,0,0,0,0,0,0,0,0,0,зийарт
0,0,0,0,0,0,0,0,0,0,кашков
0,0,0,0,0,0,0,0,0,0,килс
0,0,0,0,0,0,0,0,0,0,михІраб
0,1,0,0,0,0,0,0,0,0,са̄гІа
0,0,0,0,0,0,0,0,0,0,ва̄лар
0,0,0,0,0,0,0,0,0,0,мозгІар
1,1,1,1,1,1,1,1,1,1,декъалдан
0,0,0,0,0,0,0,0,0,0,йалсамани
0,0,0,0,0,1,0,0,0,0,стигалнам
0,0,0,0,0,0,0,0,0,0,жоьжахати
0,0,0,0,0,0,0,0,0,0,йилбаз
0,0,0,0,0,0,0,0,0,0,цІу
1,1,0,0,0,0,0,0,0,1,бозбуунчалла
0,0,0,0,0,0,1,0,0,1,бІарлагІа
0,0,0,0,0,0,0,0,0,0,гІаларт
0,0,0,0,0,0,0,0,0,0,хаам
