1,1,1,1,1,1,1,0,1,1,беченуцІкІа
1,1,1,1,1,1,1,1,1,1,ролекІа
1,1,1,1,1,1,1,1,1,1,рола
1,1,1,1,1,1,1,0,0,1,некьа
1,1,1,1,1,1,1,0,0,1,мухетухъа
1,1,1,1,1,1,1,0,1,1,оᴴсадийа
0,0,0,0,0,0,0,0,0,0,гІасру
0,0,0,0,0,0,0,0,0,0,заман
0,0,0,0,0,0,0,0,0,0,мех
0,0,0,0,0,0,0,0,0,0,чут
0,0,0,0,0,0,0,0,0,0,балІегус
1,0,0,1,1,1,1,0,0,1,бутІа
1,1,1,1,1,0,1,0,0,1,хъува
1,0,1,1,1,1,1,1,0,1,хиᴴжа
1,1,1,1,1,1,1,1,0,1,хиᴴжекІа
0,0,0,0,0,0,0,0,0,0,мухъ
0,0,0,0,0,0,0,0,0,0,аᴴгьикІу
0,0,0,0,0,0,0,0,0,0,шар
0,0,0,0,0,0,0,0,0,0,герду
0,0,0,0,0,0,0,0,0,0,хъанч
0,0,0,0,0,0,0,0,0,0,бокІон
0,0,0,0,0,0,0,0,0,0,кІа̇ᴴчІи
0,0,0,0,0,0,0,0,0,0,тІыму
0,0,0,0,0,0,0,0,0,0,кІа̇чІу
0,1,0,1,0,0,1,1,0,1,маса
1,1,1,1,1,1,1,1,1,1,быкъла
0,0,0,0,0,0,1,0,1,0,къилма
0,0,0,0,0,0,0,0,0,0,север
0,0,0,0,0,0,0,0,0,0,машрикъ
0,0,0,0,0,0,0,0,0,0,магъриб
0,0,0,0,0,0,0,0,0,0,ба̇лІе
0,0,0,0,0,0,0,0,0,0,рахъ
0,0,0,0,0,0,0,0,0,0,рагІал
0,0,0,0,0,0,0,0,0,0,ахир
0,0,0,0,0,0,0,0,0,0,əᴴкьу
0,0,0,0,0,0,0,0,0,0,мус
0,0,0,0,0,0,0,0,0,0,кІос
1,1,1,1,1,1,1,1,0,1,мыхъəла
1,1,1,1,1,1,1,1,0,1,мыхъа
1,1,1,1,0,0,1,1,1,1,ба̇гьа
1,1,1,1,1,1,1,1,0,1,гьиᴴйа
0,0,0,1,1,0,0,1,0,0,битІа
1,1,1,1,1,1,1,0,0,1,жужкІа
1,1,1,1,1,1,1,1,1,1,гьа̇ᴴкІа
0,1,0,0,1,1,1,0,0,0,бокІола
1,1,1,1,1,1,1,0,0,1,иᴴчоха
1,1,1,1,1,1,1,1,1,1,беча
0,0,0,0,1,0,0,0,0,1,бутІа
1,1,1,1,1,1,1,1,0,1,гула
1,1,1,1,1,1,1,0,1,1,гила
0,0,0,0,0,0,0,0,0,0,ма̇че
0,0,0,0,0,0,0,0,0,0,ба̇кІ
1,1,1,1,1,1,1,1,0,1,ма̇са
0,0,0,0,0,0,0,0,0,0,къимат
1,1,1,1,1,1,1,1,0,1,багьа
0,0,0,0,0,0,0,0,0,0,кІопІератІ
0,0,0,0,0,0,0,0,0,0,магазин
0,0,0,0,0,0,0,0,0,0,базар
0,0,0,0,0,0,0,0,0,0,базарган
1,1,1,1,1,1,1,0,1,1,мыса
1,1,1,1,1,1,1,1,1,1,боха
0,0,0,0,0,0,0,0,0,0,харж
1,1,1,1,1,1,1,1,0,1,оха
0,0,0,0,0,0,0,0,0,0,налуг
0,0,0,0,0,0,0,0,0,0,хІисаб
0,0,0,0,0,0,0,0,0,0,рəцІу
0,0,0,0,0,1,0,0,0,0,къарза
0,0,0,0,0,0,0,0,0,0,нагьлъи
0,0,0,0,0,0,0,0,0,0,окІдахъ
0,0,0,0,0,0,0,0,0,0,окро
0,0,0,0,0,0,0,0,0,0,гІабази
0,0,0,0,0,0,0,0,0,0,шагьи
1,1,1,1,1,1,1,1,1,1,неничІкІа
1,1,1,1,1,1,1,0,1,1,бəъəкІа
1,0,1,0,1,1,1,0,0,1,зəгъа
1,1,1,1,1,1,1,0,1,1,гьа̇кла
1,1,1,1,1,1,1,1,1,1,ноша
1,1,1,1,1,1,1,1,1,1,нигьела
1,1,1,1,1,1,1,0,0,1,кІармуха
1,1,1,1,1,1,1,0,0,1,нылІа
0,0,0,0,0,0,0,0,0,0,жо
1,1,1,1,1,1,1,1,1,1,мыхъекІа
1,0,1,1,1,1,1,1,1,1,бежа
1,1,1,1,1,1,1,0,1,1,ба̇хъа
0,0,0,0,0,0,0,0,0,0,порт
0,0,0,0,0,0,0,0,0,0,миш
0,0,0,0,0,0,0,0,0,0,парус
1,0,0,0,1,0,0,1,0,0,мачта
0,0,0,0,0,0,0,0,0,0,рул
0,0,0,0,0,0,0,0,0,0,эᴴгу
0,0,0,0,0,0,0,0,0,0,плот
0,0,0,0,0,0,0,0,0,0,нави
1,1,1,1,1,1,1,1,0,1,лодка
0,0,0,0,1,0,0,0,1,0,гама
0,0,0,0,0,0,0,0,0,0,рукьу
0,0,0,0,0,0,0,0,0,0,гІос
0,0,0,0,0,0,0,0,0,0,гьа̇бур
0,0,0,0,0,0,0,0,0,0,ырəми
1,1,1,1,1,1,1,0,0,1,кІачІкІа
0,0,0,0,0,0,0,0,0,0,тІырə
0,0,0,0,0,0,0,0,0,0,тІыро
0,0,0,0,0,0,0,0,0,0,гьуни
1,1,1,1,1,1,1,1,1,1,халІа
1,1,1,1,1,1,1,1,0,1,бəкъа
1,1,1,1,1,1,1,1,1,1,мухела
1,1,1,1,1,1,1,0,1,1,мейа
1,1,1,1,1,1,1,0,0,1,эᴴдука
0,0,0,1,1,0,1,1,0,0,гьичака
1,1,1,1,1,1,1,1,0,1,лІыроха
1,1,1,1,1,1,1,1,0,1,муча
0,0,0,0,0,0,1,1,0,1,бəа
1,1,1,1,1,1,1,1,0,1,мекьа
0,0,0,0,1,0,0,0,1,0,гуа
1,1,1,1,1,1,1,1,0,1,гийа
1,1,1,1,1,1,1,1,1,1,гишока
0,0,0,0,1,1,1,0,0,1,лагъда̄
1,1,1,1,1,1,0,1,0,1,бекІичІа
1,1,1,1,1,1,1,1,1,1,хахмийа
1,0,1,0,1,1,0,0,1,1,хыхтІəтІа
1,1,1,1,1,1,1,0,1,1,эᴴкьа
1,1,1,1,1,1,1,0,1,1,пулІа
0,1,1,1,1,1,1,0,1,1,бекІичІла
1,1,1,1,1,1,1,1,1,1,зукІа
1,1,1,1,1,1,1,1,0,0,чІалІа
1,0,1,0,1,0,1,0,0,0,тІутІа
1,1,1,1,1,1,1,0,0,1,бека
1,1,1,1,1,1,1,1,1,1,гьəъəричІкІа
1,1,1,1,1,1,0,0,1,1,гьəъəричІа
1,1,1,1,1,1,1,1,0,1,кІарлІекІа
0,0,0,1,1,0,0,0,0,0,ботІа
1,1,1,1,1,1,1,1,0,1,шоᴴша
1,1,1,1,1,1,1,0,1,1,кІарамухекІа
0,0,0,0,0,0,0,0,0,0,мыкъ
1,1,1,1,1,1,1,1,0,1,караскІа
1,1,1,1,1,1,1,0,0,1,статуйа
0,0,0,0,0,0,0,0,0,0,скулптор
1,1,0,1,1,1,1,0,1,1,бучІа
1,0,1,1,0,0,0,0,0,0,тІəтІа
0,0,0,0,0,0,0,0,0,0,вентилатор
1,1,1,1,1,1,1,0,1,1,сумкІа
1,0,1,1,1,1,1,1,1,1,халича
0,0,0,0,0,0,0,0,0,0,габа
0,0,0,0,0,0,0,0,0,0,код
0,1,0,0,1,0,1,0,0,1,кІалата
0,0,0,0,0,0,0,0,0,0,цəлу
1,1,1,1,1,1,1,0,1,1,реша
1,1,1,1,1,1,1,0,1,1,реча
0,0,0,0,0,0,0,0,0,0,мутІу
0,0,0,0,0,0,0,0,0,0,чІабар
1,0,0,0,0,0,0,1,0,0,мыза
0,0,0,0,0,0,0,0,0,0,эбечІ
1,1,1,1,1,1,1,0,0,1,гичкІа
0,0,0,0,0,0,0,0,0,0,кІишаллахъ
0,0,0,0,0,0,0,0,0,0,кил
0,0,0,0,0,0,0,0,0,0,жести
0,0,0,0,0,0,0,0,0,0,кобо
0,0,0,0,0,0,0,0,0,0,бахъ
0,0,0,0,0,0,0,0,0,0,бак
0,0,0,0,0,0,0,0,0,0,месед
0,0,0,0,0,0,0,0,0,0,къоро
0,0,0,0,0,0,0,0,0,0,къебедлъи
0,0,0,0,0,0,0,0,0,0,къебед
0,0,0,0,0,0,0,0,0,0,цІебо
0,0,0,0,0,0,0,0,0,0,магІ
0,0,0,0,0,0,1,0,0,0,къадагъа
1,1,1,1,1,1,1,0,0,1,кІуча
0,0,0,0,0,0,0,0,0,0,гьəру
1,0,1,0,1,0,1,0,0,1,ра̇гъа (əᴴдус)
0,0,0,0,0,0,0,0,0,0,аᴴгьикІу
1,1,1,1,1,1,1,0,1,1,(хъохъо) рува
0,0,0,0,0,0,0,0,0,0,алат
0,0,0,0,0,0,0,0,0,0,мул
0,0,0,0,0,0,0,0,0,0,ныза
1,1,1,1,1,1,1,0,1,1,рулъа
1,1,1,1,1,1,1,1,1,1,лъалІа
1,0,1,1,1,0,1,0,0,1,тІуцакІа
1,1,1,1,1,1,1,1,1,1,мехела
0,0,0,0,0,0,1,0,0,1,кьысала
1,1,1,1,1,1,1,0,1,1,бугьела
1,1,1,1,1,1,1,1,0,1,бича
1,1,1,1,1,1,1,1,1,1,бахела
1,1,1,1,1,1,1,0,1,1,букькІа
1,1,1,1,1,1,1,1,1,1,бишкІа
1,1,1,1,1,1,1,1,1,1,багьела
1,0,1,1,1,1,1,1,1,1,букІлекІа
0,0,0,0,0,0,0,0,0,0,оᴴг
0,1,1,1,1,1,1,1,1,1,къожа
0,0,0,0,0,0,0,0,0,0,аᴴдаш
0,0,0,0,0,0,0,0,0,0,аᴴгаш
0,0,0,0,0,0,0,0,0,0,ручІтІена
0,0,0,0,0,0,0,0,0,0,чІитІ
1,0,1,1,1,0,1,1,0,0,тыкъакІа
1,1,1,1,1,1,1,1,1,1,биэкІа
0,0,0,0,0,0,0,0,0,0,гарацІ
0,0,0,0,0,0,0,0,0,0,кІичІ
1,1,1,1,1,1,1,1,0,1,бежа
0,0,0,0,0,0,0,0,0,0,ра̇ч
0,0,0,0,0,0,0,0,0,0,чІелу
0,0,0,0,0,0,0,0,0,0,бацІар
0,0,0,0,0,0,0,0,0,0,рахас
0,1,1,1,1,1,1,1,1,1,моша
0,1,0,0,1,0,1,0,0,0,мыца
1,0,0,1,0,1,1,0,0,0,кьа̇ᴴгьа
1,1,1,1,1,1,1,0,0,1,мəса
0,0,0,0,0,0,0,0,0,0,хІалтІи
0,0,0,0,0,0,0,0,0,0,шихІу
0,0,0,0,0,0,0,0,0,0,зокІо
0,0,0,0,0,0,0,0,0,0,мич
0,0,0,0,0,0,0,0,0,0,бамбук
0,0,0,0,0,0,0,0,0,0,кІабах
0,0,0,0,0,0,0,0,0,0,батат
0,0,0,0,0,0,0,0,0,0,какос
0,0,0,0,0,0,0,0,1,0,палма
0,0,0,0,0,0,0,0,0,0,лъиᴴ
0,0,0,0,0,0,0,0,0,0,хъал
0,0,0,0,0,0,0,0,0,0,къулІу
0,0,0,0,0,0,0,0,0,0,гьуᴴду
0,0,0,0,0,0,0,0,0,0,ходе
0,0,0,0,0,0,0,0,0,0,зуде
0,0,0,0,0,0,0,0,0,0,мушу
0,0,0,0,0,0,0,0,0,0,хъо
0,0,0,0,0,0,0,0,0,0,таммаку
0,0,0,0,0,0,0,0,0,0,вази
0,0,0,0,0,0,0,0,0,0,ма̇гь
0,0,0,0,0,0,0,0,0,0,мугь
1,1,1,1,1,1,1,1,0,1,йолка
0,0,0,0,0,0,0,0,0,0,нихъ
0,0,0,0,0,0,0,0,0,0,мигье
0,0,0,0,0,0,0,0,0,0,пибе
0,0,0,0,0,0,0,0,0,0,хоᴴхе
0,0,0,0,0,0,0,0,0,0,гьакІ
0,0,0,0,0,0,0,0,0,0,лІибу
1,0,0,0,1,0,0,0,0,0,кьапа
0,0,0,0,0,0,0,0,0,0,але
0,0,0,0,0,0,0,0,0,0,хумух
1,1,1,1,1,1,1,0,1,1,бижекъкІа
0,0,0,0,0,0,0,0,0,0,бəх
0,0,0,0,0,0,0,0,0,0,биринжи
0,0,0,0,0,0,0,0,0,0,симинди
0,0,0,0,0,0,0,0,0,0,мукъе
0,0,0,0,0,0,0,0,0,0,чІокъон
0,0,0,0,0,0,0,0,0,0,хъыбə
0,0,0,0,0,0,0,0,0,0,огь
0,0,0,0,0,0,0,0,0,0,мукъе-бəх
0,0,0,0,0,0,0,0,0,0,əᴴц
0,1,0,1,1,1,1,1,0,1,коша
0,0,0,0,0,0,0,0,1,0,ижу
1,0,1,1,1,1,1,1,0,1,мижа
0,0,0,0,0,0,0,0,0,0,гарабли
0,0,0,0,0,0,0,0,0,0,рокІəли
0,0,0,0,0,0,0,0,0,0,сыну
0,0,0,0,0,0,0,0,0,0,тохъи
0,0,0,0,0,0,0,0,0,0,лІушчІа̄лІи
0,0,0,0,0,0,0,0,0,0,бəлІеларлъи
1,1,1,1,1,1,1,1,1,1,роша
1,1,1,1,1,1,1,0,1,1,а̇хда̄
1,1,1,1,1,1,1,1,1,1,бəлІа
0,0,0,0,0,0,0,0,0,0,ка̇ле
0,0,0,0,0,0,0,0,0,0,багь
0,0,0,0,0,0,0,0,0,0,гьодор
0,0,0,0,0,0,0,0,0,0,фермер
0,0,0,0,0,0,0,0,0,0,кохи
1,0,0,0,1,0,0,1,1,0,кьепІа
0,0,0,0,0,0,0,0,0,0,та̇ду
0,0,0,0,0,0,0,0,0,0,агури
0,0,0,0,0,0,0,0,0,0,кирпич
0,0,0,0,0,0,0,0,0,0,кІамбур
0,0,0,0,0,0,0,0,0,0,нəсухъан
0,0,0,0,0,0,0,0,0,0,гьа̇н
0,0,0,0,0,0,0,0,0,0,гьем
0,0,0,0,0,0,0,0,0,0,мыхъу
0,1,0,1,0,0,0,0,1,0,къачІа
0,0,0,0,0,0,0,0,0,0,кІави
0,0,0,0,0,0,0,0,0,0,аᴴзар
0,0,0,0,0,0,0,0,0,0,кьа̇ме
0,0,0,0,0,0,0,0,0,0,та̇ᴴгьеᴴ
0,0,0,0,0,0,0,0,0,0,əᴴце
0,0,0,0,0,0,0,0,0,0,а̇ц
0,0,0,0,0,0,0,0,0,0,сантели
0,0,0,0,0,0,0,0,0,0,истІол(и)
0,0,0,0,0,0,0,0,0,0,адийал
0,0,0,0,0,0,0,0,0,0,йургъан
1,1,1,1,1,1,1,0,0,1,балиша
0,0,0,0,0,0,0,0,0,0,карават
0,0,0,0,0,0,0,0,0,0,тах
0,0,0,0,0,0,0,0,0,0,кǡдǡ
0,0,0,0,0,0,0,0,0,0,кІибе
0,0,0,0,0,0,0,0,0,0,бухари
0,0,0,0,0,0,0,0,0,0,печ
0,0,0,0,0,0,0,0,0,0,тони
0,0,0,0,0,0,0,0,0,0,нəсу
0,0,0,0,0,0,0,0,0,0,жогъ
0,0,0,0,0,0,0,0,0,0,рига
0,0,0,0,0,0,0,0,0,0,бəи
0,0,0,0,0,0,0,0,0,0,рахІай
0,0,0,0,0,0,0,0,0,0,утахи
0,0,0,0,0,0,0,0,0,0,эᴴцу
0,0,0,0,0,0,0,0,0,0,каву
0,0,0,0,0,0,0,0,0,0,кулуб
0,0,0,0,0,0,0,0,0,0,кухни
0,0,0,0,0,0,0,0,0,0,азбар
0,0,0,0,0,0,0,0,0,0,чадир
0,0,0,0,0,0,0,0,0,0,хъохъо
0,0,0,0,0,0,0,0,0,0,са̇кІум
0,0,0,0,0,0,0,0,0,0,мази
0,0,0,0,0,0,0,0,0,0,далдак
0,0,0,0,0,0,0,0,0,0,чІиникІ
0,0,0,0,0,0,0,0,0,0,лъет
0,0,0,0,0,0,0,0,0,0,гьелІу
1,1,0,1,1,1,1,1,1,1,палатенца
0,0,0,0,0,0,0,0,0,0,хъыдəлІку
0,0,0,0,0,0,0,0,0,0,багъдади
0,0,0,0,0,0,0,0,0,0,жебу
0,0,1,0,0,1,1,0,0,1,шура
0,0,0,0,0,0,0,0,0,0,а̇га
0,0,0,0,0,0,0,0,0,0,зəкьай
0,0,0,0,0,0,0,0,0,0,жавгьар
0,0,0,0,0,0,0,0,0,0,йакъут
0,0,0,0,0,0,0,0,0,0,кус
0,0,0,0,0,0,0,0,0,0,накъиш
0,0,0,0,0,0,0,0,0,0,мукьачІекъу
0,0,0,0,0,0,0,0,0,0,пекІ
1,1,1,1,1,1,1,1,1,1,киса
0,0,0,0,0,0,0,0,0,0,жиби
0,0,0,0,0,1,0,0,0,0,пардав
1,1,1,1,1,1,1,1,1,1,коса
0,0,0,0,0,0,0,0,0,0,а̇лІе
0,0,0,0,0,0,0,0,0,0,чакмала̇хъ
0,0,0,0,0,0,0,0,0,0,гьа̇лъсə
0,1,1,1,1,1,1,1,0,1,патІинкІа
0,1,1,1,1,0,1,0,1,1,цІында
0,0,0,0,0,0,0,0,0,0,хылІу
0,0,0,0,0,0,0,0,0,0,задех
1,1,1,1,1,1,1,0,1,1,йупка
0,0,0,0,0,0,0,0,0,0,пухун
0,0,0,0,0,0,0,0,0,0,палту
0,0,0,0,0,0,1,0,0,0,кунта
0,1,1,1,1,1,1,1,1,1,караскІа
0,0,0,0,0,0,0,0,0,0,палаш
0,0,0,0,0,0,0,0,0,0,кІырбəн
0,0,0,0,0,0,0,0,0,0,нехус
0,0,0,0,0,0,0,0,0,0,небси
0,0,0,0,0,0,0,0,0,0,немси
0,0,0,0,0,0,0,0,0,0,эму
1,1,1,1,1,1,1,0,1,1,махъа
1,1,1,1,1,1,1,1,1,1,гичІа
0,0,0,0,0,0,0,0,0,0,макъу
1,1,0,1,1,1,1,1,1,0,чича
0,0,0,0,0,0,0,0,0,0,акь
0,0,0,0,0,0,0,0,0,0,беш
1,0,1,0,0,0,1,0,1,1,кера
0,0,0,0,0,0,0,0,0,0,киз
0,0,0,0,0,0,0,0,0,0,къир
0,0,0,0,0,0,0,0,0,0,дарай
0,0,0,0,0,0,1,0,0,0,бамба
0,0,0,0,0,0,0,0,0,0,лъуᴴ
0,0,0,0,0,0,0,0,0,0,гъичІи
0,0,0,0,0,0,0,0,0,0,сутІалагу
0,0,0,0,0,0,0,0,0,0,лачІи
1,1,1,1,1,1,1,1,1,1,шикьа
1,1,0,1,1,1,1,0,1,1,хъохъла
1,0,0,0,1,1,1,1,1,1,чІагІа
0,0,0,0,0,0,0,0,0,0,пиво
0,0,0,0,0,0,0,0,0,0,гъино
0,0,0,0,0,1,1,0,1,1,сура
0,0,0,0,0,0,0,0,0,0,сок
0,0,0,0,0,0,0,0,0,0,кІаракІи
0,0,1,0,1,0,1,0,1,0,кІима
0,0,0,0,0,0,0,0,0,0,чакар
0,0,0,0,0,0,0,0,0,0,гьиᴴ
0,0,0,0,0,0,0,0,0,0,нуцу
0,0,0,0,0,0,0,0,0,0,цІицІакІи
0,0,0,0,0,0,0,0,0,0,пІилпІил
0,1,0,0,0,0,0,1,0,1,цаᴴ
0,1,1,0,0,0,1,1,0,0,маъа
0,0,0,0,0,0,0,0,0,0,зети
0,0,0,0,0,0,0,0,0,0,зайтун
0,0,0,0,0,0,0,0,0,0,кІодо
0,0,0,0,0,0,0,0,0,0,гьелІе
0,0,0,0,0,0,0,0,0,0,легъи
0,0,0,0,0,0,0,0,0,0,чІапІ
0,0,0,0,0,0,0,0,0,0,пихъ
0,0,0,0,0,0,0,0,0,0,кІартупели
0,0,0,0,0,0,0,0,0,0,гьелу
0,0,0,0,0,0,0,0,0,0,пихъ-мичІ
0,0,0,0,0,0,0,0,0,0,йа̇къу
0,0,0,0,0,0,0,0,0,0,гьиᴴлъсə
1,1,1,1,1,1,1,0,0,1,ба̇лІа
0,0,0,0,0,0,0,1,0,0,хо
0,0,0,0,0,0,0,0,0,0,нажи-бохъ
0,0,0,0,0,0,0,0,0,0,нажи-бахъ
0,0,0,0,0,0,0,0,0,0,нижирийашки
1,0,0,1,1,1,1,0,1,1,сасалукІа
0,0,0,0,0,0,0,0,0,0,гьатІу
0,0,0,0,0,0,0,0,0,0,рото
0,0,0,0,0,0,0,0,0,0,баба
1,1,1,1,1,0,1,1,0,1,зурзирува
1,0,1,0,1,1,0,0,0,0,йиᴴца
1,1,1,1,1,1,1,0,1,1,мацекІа
0,0,0,0,0,0,0,0,0,0,бешалъи
0,0,0,0,0,0,0,0,0,0,ка̇лба̇тан
0,0,0,0,0,0,0,0,0,0,ха̇ᴴцІə
0,0,0,0,0,0,0,0,0,0,цІытІ
0,0,0,0,0,0,0,0,0,0,кІобзи
0,0,0,0,0,0,0,0,0,0,кəтІə
0,0,0,1,1,1,1,1,0,1,пиала
0,0,0,0,0,0,0,0,0,0,кІотхо
0,0,0,0,0,0,0,0,0,0,билІер
1,1,1,1,1,1,1,1,1,1,кІиша
1,1,1,1,1,1,1,1,0,1,кІокІа
0,0,0,0,0,0,0,0,0,0,хатІи
0,0,0,0,0,0,0,0,0,0,жами
0,0,0,0,0,0,0,0,0,0,ша̇г
0,0,0,0,0,0,0,0,0,0,катилук
0,0,0,0,0,0,0,0,0,0,хъазан
0,0,0,0,0,0,0,0,0,0,чайник
0,0,0,0,0,0,0,0,0,0,чайдар
0,0,0,0,0,0,0,0,0,0,жəжə
1,1,1,1,1,1,1,1,1,1,гъарлІикІа
1,0,0,1,1,0,1,0,0,0,гьела̄кІа
1,1,1,1,1,1,1,1,1,1,мачегичІкІа
1,1,1,1,1,1,1,1,1,1,соᴴлІа
0,1,1,0,0,1,1,1,1,1,лъила
1,1,1,1,1,1,1,1,1,1,гьаᴴгьела̄
0,0,0,0,0,0,0,0,0,0,къеч
0,0,0,0,0,0,0,0,0,0,ракъи
0,0,0,0,0,0,0,0,0,0,нукерлъи
1,1,1,1,1,1,1,0,1,1,хулІа
0,0,0,0,0,0,0,0,0,0,кен
0,0,0,0,0,0,0,0,0,0,тІагІам
0,0,0,0,0,0,0,0,0,0,нигІмат
0,0,0,0,0,0,0,0,0,0,бог
1,1,1,1,1,1,1,1,0,1,беша
1,1,1,1,1,1,1,0,1,1,мухъа
0,0,0,0,0,0,0,0,0,0,загьру
0,0,0,0,0,0,0,0,0,0,дару
0,0,0,0,0,0,0,0,0,0,дарман
0,0,0,0,0,0,0,0,0,0,сабаб
0,0,0,0,0,0,0,0,0,0,духтур
0,0,0,0,0,0,0,0,0,0,варач
0,0,0,0,0,0,0,0,0,0,аж
0,0,0,0,0,0,0,0,0,0,жаᴴчІ
0,0,0,0,0,0,0,0,0,0,гьоᴴкІор
0,0,0,0,0,0,0,0,0,0,хəсда̄лъи
0,0,0,0,0,0,0,0,0,0,əᴴху
0,0,0,0,0,0,0,0,0,0,ришрукІлер
0,0,0,0,0,0,0,0,0,0,ба̇чІерлъи
0,0,0,0,0,0,0,0,0,0,гъа̇гъ
0,0,0,0,0,0,0,0,0,0,бохІи
0,0,0,0,0,0,1,1,1,0,шима
0,0,0,0,0,0,0,0,0,0,жаназа
1,1,1,1,1,1,1,1,1,1,бикьа
1,1,1,1,1,1,1,1,1,1,бугьла
1,1,1,1,0,1,1,1,0,1,бугьа
0,0,0,0,0,0,0,0,0,0,угьеру
0,0,0,0,0,0,0,0,0,0,чІагуйаб
0,0,0,0,0,0,0,0,0,0,гІумру
1,1,1,1,1,1,1,0,0,1,а̇хъла
0,0,0,0,0,0,0,0,0,0,лъикІена
1,0,1,0,0,0,1,0,0,0,мызала
0,1,1,1,1,1,1,0,1,1,зырда
1,0,1,1,1,1,1,0,1,1,йоха
1,1,1,1,1,1,1,0,1,1,саᴴлІа
0,0,0,0,1,0,0,1,1,0,цума
1,1,0,0,1,0,1,1,0,0,цумала
0,0,0,0,0,0,1,0,0,1,лІерала̄
1,1,1,1,1,1,1,1,1,1,лъулІа
1,1,1,1,1,1,1,0,1,1,холІа
0,1,0,0,1,0,0,1,0,1,мача
1,1,1,1,1,1,1,1,0,1,гьецда̄
1,0,0,1,1,1,1,0,0,1,охІда̄кІа
1,1,1,0,1,1,1,0,1,0,гьəкІда̄
0,0,0,0,0,0,0,0,0,0,хІан
0,0,0,0,0,0,0,0,0,0,хокІə
0,0,0,0,0,0,0,0,0,0,аᴴх
0,0,0,0,0,0,1,0,0,1,коᴴтІа
1,1,1,1,1,1,1,0,0,1,рыкьа
0,0,0,0,0,0,0,0,0,0,белІеру
0,0,0,0,0,0,0,0,0,0,ошкІена
0,0,1,0,1,0,1,1,1,0,ба̇цІа
0,0,0,0,0,0,0,0,1,0,кома
0,0,0,0,0,0,0,0,0,0,шебу
0,0,0,0,0,0,0,0,0,0,пыртІи
0,0,0,0,0,0,0,0,0,0,ра̇кІу
0,0,0,0,0,0,0,0,0,0,цоᴴтІор
1,1,1,0,1,0,1,1,0,1,кигла
0,0,0,0,0,0,0,0,0,0,нене
0,0,0,0,0,0,0,0,0,0,гьутІ
0,0,0,0,0,0,0,0,0,0,хымəр
0,0,0,0,0,0,0,0,0,0,гъеру
0,0,0,0,0,0,0,0,0,0,поде
0,0,0,0,0,0,0,0,0,0,гьабу
0,0,1,0,0,0,0,0,0,0,зəкьə
1,1,1,1,1,1,1,1,1,1,зəкьа
0,0,0,0,0,0,0,0,0,0,лъахъ
0,0,0,0,0,0,0,0,0,0,аᴴчІу
0,0,0,0,0,0,0,0,0,0,къа̇къа̇лу
0,0,0,0,0,0,0,0,0,0,къад
0,0,0,0,0,0,0,0,0,0,къош
0,0,0,0,0,0,0,0,0,0,гьале
0,0,0,0,0,0,1,0,0,0,мична
0,0,0,0,0,0,0,0,0,0,чІумал
0,0,0,0,0,0,0,0,0,0,гьа̇лур
0,0,0,0,0,0,0,0,0,0,мылъу
0,0,0,0,0,0,0,0,0,0,къидин
0,0,0,0,0,0,0,0,0,0,коро
0,0,0,0,0,0,0,0,0,0,гьа̇ру
0,0,0,0,0,0,0,0,0,0,нухъилІ
0,0,0,0,0,0,0,0,0,0,быцə
0,0,0,0,0,0,0,0,0,0,къеру
0,0,0,0,0,0,0,0,0,0,рыс
0,0,0,0,0,0,0,0,0,0,кІоцо
0,0,0,0,0,0,0,0,0,0,боло
0,0,0,0,0,0,0,0,0,0,кІесери
0,0,0,0,0,0,0,0,0,0,ха̇гъин
0,0,0,0,0,0,0,0,0,0,сылə
0,0,0,0,0,0,0,0,0,0,чІематІ
0,0,0,0,0,0,0,0,0,0,мыц
0,0,0,0,0,0,0,0,0,0,бил
0,0,0,0,0,0,0,0,0,0,поро
0,0,0,0,0,0,0,0,0,0,мокьо
0,0,0,0,0,0,0,0,0,0,шикІу
0,0,0,0,0,0,0,0,0,0,хыдə
0,0,0,0,0,0,0,0,0,0,хуцІмару
0,0,0,0,0,0,0,0,0,0,мару
0,0,0,0,0,0,0,0,0,0,чІабакІу
0,1,0,1,1,0,0,1,0,0,аᴴгъа
0,0,0,0,0,0,0,0,0,0,цІыцІ
0,0,0,0,0,0,0,0,0,0,кьокъе
0,0,0,0,0,0,0,0,0,0,гьаре
1,1,1,0,1,1,1,0,1,0,гогора
0,0,0,0,0,0,0,0,0,0,коцор
0,1,0,0,0,0,1,0,0,0,матІа
0,0,0,0,0,0,0,0,0,0,каᴴшитІру
0,0,0,0,0,0,0,0,0,0,гьумер
0,0,0,1,1,0,1,1,1,0,аᴴда
0,0,0,0,0,1,0,0,0,0,шуᴴшуᴴлІора
0,0,0,0,0,0,0,0,0,0,къа̇м
0,0,0,0,0,0,0,0,0,0,кІа̇да̇мыхъəр
0,0,0,0,0,0,0,0,0,0,мыхъəр
0,0,0,0,0,0,0,0,0,0,мигъ
0,0,0,0,0,0,0,0,0,0,рикІи
0,0,0,0,0,0,0,0,0,0,шелу
0,0,0,0,0,0,0,0,0,0,шебле
0,0,0,0,0,1,1,0,0,0,лІора
0,0,0,0,0,0,0,0,0,0,пə
0,0,0,0,0,0,0,0,0,0,гьаᴴй
0,0,0,0,0,0,0,0,0,0,гъиз
0,0,0,0,0,0,0,0,0,0,пегь
0,0,0,0,0,0,1,1,0,0,билажба
0,0,0,0,0,0,0,0,0,0,мучІ
0,0,0,0,0,0,1,0,0,0,ма̇га
0,0,0,0,0,0,0,0,0,0,хъа̇лІу
0,0,0,1,0,0,1,0,0,0,къаркъала
0,0,0,0,0,0,0,0,0,0,кракадил
0,0,1,0,0,0,1,1,0,0,кІемучІхала
0,0,0,0,0,0,0,0,0,0,хотІохо
0,0,0,0,0,0,0,0,0,0,аᴴкаху
0,0,0,0,0,0,0,0,0,0,хаᴴцІə
0,0,0,0,0,0,0,0,0,0,папатІу
0,0,0,0,0,0,0,0,0,0,рахІицІə
0,0,0,0,0,0,0,0,0,0,рахІуцІə
1,1,0,1,1,0,1,0,0,1,бегала
0,0,0,0,0,0,0,0,0,0,бəтІи
0,0,0,0,0,0,0,0,0,0,чІебатІ
0,0,0,0,0,0,0,0,0,0,кело
0,0,0,0,0,0,0,0,0,0,тІотІ
0,0,0,0,0,0,0,0,0,0,лъырдəна
0,0,0,0,0,0,0,0,0,0,гьоро
0,0,0,0,0,0,0,0,0,0,цини
0,0,0,0,0,0,0,0,0,0,петІи
0,0,0,0,0,0,0,0,0,0,мом
0,0,0,0,0,0,0,0,0,0,къи
0,0,0,0,0,0,0,0,0,0,гьалаку
0,0,0,0,0,0,0,0,0,0,калакъу
0,0,0,0,0,0,0,0,0,0,гьуᴴцу
0,0,0,0,0,0,0,0,0,0,таракан
0,0,0,0,0,0,0,0,0,0,хъа̇чІу
0,0,0,0,0,0,0,0,0,0,чІиге
0,0,1,0,1,0,1,1,0,0,тІыма
1,0,0,0,0,1,1,0,0,0,чІема
0,0,0,0,0,0,0,0,0,0,на̇цə
0,0,0,0,0,0,0,0,0,0,хІутІ-хъумур
0,0,0,0,0,0,0,0,0,0,а̇кламу
0,0,0,0,0,0,0,0,0,0,пил
0,0,0,0,0,0,0,0,0,0,маймалак
0,0,0,0,0,0,0,0,0,0,гъал
0,0,0,0,0,0,0,0,0,0,лед
0,0,0,0,0,0,0,0,0,0,сəру
0,0,0,0,0,0,0,0,0,0,сы
0,0,0,0,0,0,0,0,0,0,гъалбацІ
0,0,0,0,0,0,0,0,0,0,ба̇цІə
1,0,1,0,0,0,1,0,1,0,хъуртма
0,0,0,0,0,0,0,0,0,0,кит
0,0,0,0,0,0,0,0,0,0,делфин
1,1,1,1,1,1,1,1,0,1,акула
0,0,0,0,0,0,0,0,0,0,бысə
0,0,0,0,0,0,0,0,0,0,магъурди
0,0,0,0,0,0,0,0,0,0,кролик
0,0,0,0,1,0,0,0,0,0,илба
0,0,0,0,0,0,0,0,0,0,хъархъач
0,0,0,0,0,0,0,0,0,0,мор
0,0,0,0,0,0,0,0,0,0,гьогьоду
0,0,0,0,0,0,0,0,0,0,гъаᴴде
0,0,0,0,0,0,0,0,0,0,папугай
0,0,0,0,0,0,0,0,0,0,пІапІи
0,0,0,0,0,0,0,0,0,0,цу
0,0,0,0,0,0,0,0,0,0,гудбахъ
0,0,0,0,0,0,0,0,0,0,чІехълахъ
1,1,1,1,1,1,1,1,0,1,чайка
0,0,0,0,0,0,0,0,0,0,гьажилакълакъ
0,0,0,0,0,0,0,0,0,0,чІехъ
0,0,0,0,0,0,0,0,0,0,ихо
0,0,0,0,0,0,0,0,0,0,хъаз
0,1,0,0,0,0,0,0,0,0,мина
0,0,0,0,0,0,0,0,0,0,гудо
0,0,0,0,0,0,0,0,0,0,хІелеку
0,0,0,0,0,0,0,0,0,0,гьорцІом
0,0,0,0,0,0,0,0,0,0,ырмəтІу
0,0,0,0,0,0,0,0,0,0,ичІер
0,0,0,0,0,0,0,0,0,0,шугу
0,0,0,0,0,0,0,0,0,0,сəрйо
0,0,0,0,0,0,0,0,0,0,барти
0,0,0,0,0,0,0,0,0,0,чикІе
0,0,0,0,0,0,0,0,0,0,тІига
0,0,0,0,0,0,0,0,0,0,цан
0,0,0,0,0,0,0,0,0,0,ша̇ме
0,0,0,0,0,0,0,0,0,0,тІахе
0,0,0,0,0,0,0,0,0,0,тІахи
0,0,0,0,0,0,0,0,0,0,лІиле
0,0,0,0,0,0,0,0,0,0,бикь
0,0,0,0,0,0,0,0,0,0,хор
0,0,0,0,0,0,0,0,0,0,боцІи
0,0,0,0,0,0,0,0,0,0,бише
0,0,0,0,0,0,0,0,0,0,гьа̇ра̇
0,0,0,0,0,0,0,0,0,0,оᴴс
1,0,1,1,1,0,1,0,1,1,бугъа
0,0,0,0,0,0,0,0,0,0,хІайван
0,0,0,0,0,0,0,1,0,0,гьəᴴсу
1,1,1,1,1,1,1,1,1,1,вехьа
0,0,0,0,0,0,0,0,0,0,хІайван-боцІи
0,0,0,0,0,0,0,0,0,0,хъизан
0,0,0,0,0,0,0,0,0,0,гІагарлъи
0,0,0,0,0,0,0,0,0,0,къурулав
0,0,0,0,0,0,0,0,0,0,къурулай
0,0,0,0,0,0,0,0,0,0,бецдал
1,0,1,0,0,0,1,1,0,0,къəра
0,0,0,0,0,0,0,0,0,0,умумал
0,0,0,0,0,0,0,0,0,0,вацгІал
0,0,0,0,0,0,0,0,0,0,йацгІал
0,0,0,0,0,0,0,0,0,0,ыс
0,0,0,0,0,0,0,0,0,0,ичиийу
0,0,0,0,0,0,0,0,0,0,ичиа̇бу
1,1,1,1,1,1,1,1,1,1,къунлІела
0,0,0,0,0,0,0,0,0,0,кид
0,0,0,0,0,0,0,0,0,0,оже
0,0,0,0,0,0,0,0,0,0,ийу-а̇бу
0,0,0,0,0,0,0,0,0,0,ийу
0,0,0,0,0,0,0,0,0,0,а̇бу
0,0,0,0,0,0,0,0,0,0,бертин
0,0,0,0,0,0,0,0,0,0,магьар
0,0,0,0,0,0,0,0,0,0,ахъе
1,1,1,1,1,1,1,1,0,1,ахъа
0,0,0,0,0,0,0,0,0,0,бетІергьан
0,0,0,0,0,0,0,0,0,0,гІолохъан
0,0,0,0,0,0,0,0,0,0,инсан
0,0,0,0,0,0,0,0,0,0,гІадам
0,0,0,0,0,0,0,0,0,0,сукІу
0,0,0,0,0,0,0,0,0,0,гьиᴴйаму
0,0,0,0,0,0,0,0,0,0,гІучІ
1,1,1,1,1,1,1,1,1,1,бетІкІа
1,1,1,1,1,1,1,1,1,1,бəкІа
0,0,0,0,1,1,0,1,0,0,лъегъа
1,1,1,1,1,1,1,1,1,1,бəкІекІа
0,0,0,0,0,0,0,0,0,0,тыт
0,0,0,0,0,0,0,1,0,0,хъо
0,0,0,0,0,0,0,0,0,0,цІə
0,1,1,0,1,1,1,1,0,1,гьава
0,0,0,0,0,0,0,0,0,0,гьава-бакъ
0,0,0,0,0,0,0,0,0,0,жара
0,0,0,0,0,0,0,0,0,0,əᴴз
0,0,0,0,0,0,0,0,0,0,вəдə
0,0,0,0,0,0,0,0,0,0,гьас
0,0,0,0,0,0,0,0,0,0,за̇лІе
0,1,0,1,1,1,1,1,1,1,хыда
1,1,1,1,1,1,1,1,1,1,гьуᴴдула
1,1,1,1,1,1,1,1,0,1,гьыᴴдəла
0,0,0,0,0,0,0,0,0,0,колІулъи
0,0,0,0,0,0,0,0,0,0,канлъи
0,0,0,0,0,0,0,0,0,0,машун
0,0,0,0,0,0,0,0,0,0,машу
0,0,0,0,0,0,0,0,0,0,буран
0,0,0,0,0,0,0,0,0,0,пыр
0,0,0,0,0,0,0,0,0,0,боцо
0,0,0,0,0,0,0,0,0,0,бохъ
0,1,1,1,1,1,1,1,0,1,къыца
0,0,0,0,0,0,0,0,0,0,чІикъантІи
0,0,0,0,0,0,0,0,1,0,эᴴху
0,0,0,0,0,0,0,0,0,0,куро
0,0,0,0,0,0,0,0,0,0,быə
0,0,0,0,0,0,1,1,0,0,кІара
0,0,0,0,0,0,0,0,0,0,акеан
0,0,0,0,0,0,0,0,0,0,поб
0,0,0,0,0,0,0,0,0,0,ралъад
0,0,0,0,0,0,0,0,0,0,лъыᴴ
0,0,0,0,0,0,0,0,0,0,а̇нух
0,0,0,0,0,0,0,0,0,0,кантинент
0,0,0,0,0,0,0,0,0,0,чІинкІиллъи
0,0,0,0,0,0,0,0,0,0,гьорор
0,0,0,0,0,0,0,0,0,0,лъарагІлъи
1,1,0,0,1,0,1,1,1,1,бача
0,0,0,0,0,0,0,0,0,0,гъыз
0,0,0,0,0,0,0,0,0,0,кебу
0,0,0,0,0,0,0,0,0,0,мысу
0,0,0,0,0,0,0,0,0,0,пах
0,0,0,0,0,0,0,0,0,0,мызə
0,0,0,0,0,0,0,0,0,0,ракь
1,1,0,1,1,1,1,1,0,1,улка
0,0,0,0,0,0,0,0,0,0,дунйал
0,0,0,0,0,0,0,0,0,0,нише
0,0,0,0,0,0,0,0,0,0,лІебакь
0,0,0,0,0,0,0,0,0,0,лІебагьардə
0,0,0,0,0,0,0,0,0,0,ништоколъ
0,0,0,0,0,0,0,0,0,0,сагІат
0,0,0,0,0,0,0,0,0,0,анкьи
0,0,0,0,0,0,0,0,0,0,гьатІан-вəдə
0,0,0,0,0,0,0,0,0,0,итни
0,0,0,0,0,0,0,0,0,0,талат
0,0,0,0,0,0,0,0,0,0,арби
0,0,0,0,0,0,0,0,0,0,хамис
0,0,0,0,0,0,0,0,0,0,рузман
0,0,0,0,0,0,0,0,0,0,шамат
0,0,0,0,0,0,0,0,0,0,лъагІил
0,0,0,0,0,0,0,0,0,0,лІиму
0,0,0,0,0,0,0,0,0,0,эмед
0,0,0,0,0,0,0,0,0,0,азду
0,0,0,0,0,0,0,0,0,0,цыбер
1,1,1,1,1,1,1,1,0,1,мушела
1,1,0,1,0,1,0,1,1,1,ха̇рлІелакъа
0,0,0,0,0,0,0,0,0,0,тІагІам
0,0,0,0,0,0,0,0,0,0,гиму
1,1,1,1,1,1,1,1,1,1,ныдадийа
0,0,0,0,0,0,0,0,0,0,ра̇же
0,0,0,0,0,0,0,0,0,0,сас
0,0,0,0,0,0,0,1,0,0,нацІа
0,1,1,1,0,0,1,0,1,1,та̇цІа
1,1,1,1,1,1,1,0,0,1,нацІекІа
0,0,0,0,0,0,0,0,0,0,кьер
1,1,1,1,1,1,1,1,0,1,меха
1,1,1,1,1,1,1,1,1,1,рукькІа
1,1,1,1,1,1,1,1,1,1,чохъадийа
0,0,0,0,0,0,0,0,0,0,рухІ
0,0,0,0,0,0,0,0,0,0,бах
0,0,0,0,0,0,0,0,0,0,талихІ
0,0,0,0,0,0,0,0,0,0,талихІкъей
1,1,1,1,1,1,1,1,1,1,лъеъадийа
0,1,1,1,0,1,1,0,1,1,кІиша̄
1,1,1,1,1,1,1,1,0,1,атІкІа
0,0,0,0,0,0,0,0,0,0,кІокІорлъи
0,0,0,0,0,0,0,0,0,0,унти
0,0,0,0,0,0,0,0,0,0,къарилъи
0,0,0,0,0,0,0,0,0,0,ахІи-хъуй
0,0,0,0,0,0,0,0,0,0,гурхІел (лъи)
0,1,1,1,1,1,1,1,0,1,ийа
0,0,0,0,0,0,0,0,0,0,ма̇къу
1,1,1,1,1,1,0,1,0,0,əкда̄
0,0,0,0,0,0,0,0,0,0,сыму
0,0,0,0,0,0,0,0,0,0,нич
0,0,0,0,0,0,0,0,0,0,ламус
0,0,0,0,0,0,0,0,0,0,гьичІерлъи
0,0,0,0,0,0,0,0,0,0,хІинкъи
0,0,0,0,0,0,0,0,0,0,ратІарлъи
0,0,0,0,0,0,0,0,0,0,кул
0,0,0,0,0,0,0,0,0,0,хийал
1,1,1,1,1,1,1,1,0,1,əтІəла̄
1,1,1,1,1,1,1,0,1,1,əтІəладийа
0,0,0,0,0,0,0,0,0,0,гІамал
0,0,0,0,0,0,0,0,0,0,гъалатІ
0,0,0,0,0,0,0,0,0,0,гІакълу
1,1,1,1,1,1,1,1,1,1,рикъикІа
1,1,1,1,1,1,1,1,1,1,божадийа
1,1,1,1,1,1,1,1,0,1,рикъа
0,0,0,0,0,0,0,0,0,0,пикру
1,1,1,1,1,1,1,1,1,1,хъода̄дийа
0,0,0,1,0,0,1,1,0,1,хъода̄
0,0,0,0,0,0,0,0,0,0,цІалдухъан
0,0,0,0,0,0,0,0,0,0,мугІалим
0,0,0,0,0,0,0,0,0,0,учител
1,0,0,0,0,1,1,1,0,0,ишкІола
1,1,1,1,1,1,1,1,1,1,шоъокІа
1,1,1,1,1,1,1,0,1,1,нысадийа
0,0,0,0,0,0,0,0,0,0,мурад
0,0,0,0,0,0,0,0,0,0,хийал
1,1,1,1,1,1,1,0,0,1,гІилла
0,0,0,0,0,0,0,0,0,0,багьана
0,0,0,0,0,0,0,0,0,0,шаклъи
0,1,0,1,1,1,0,1,0,1,ыса
0,0,0,0,0,0,0,0,0,0,хІажалъи
1,1,1,1,1,1,1,1,1,1,къагІида
1,1,1,1,1,1,1,0,0,1,илІа
1,1,1,1,1,1,0,1,0,1,шушикІда̄
1,1,1,1,1,1,1,0,1,1,ша̇лІадийа
0,0,0,0,0,1,0,0,0,0,кора̄
1,1,1,1,1,1,1,1,1,1,ныса
0,1,1,1,1,1,1,1,0,0,аᴴгаша
1,1,1,1,1,1,1,0,1,1,аᴴгаша
0,0,0,0,0,0,0,0,0,0,цǡру
1,1,1,1,1,1,1,0,1,1,нысəла
1,1,1,1,1,1,1,1,1,1,акьа
1,1,0,1,1,1,1,0,1,1,окІа
0,1,1,0,1,1,1,1,1,0,чаха
1,1,1,1,1,1,1,0,1,1,ручка
0,0,0,0,0,0,0,0,0,0,тІехь
0,0,0,0,0,0,0,0,0,0,шаир
0,0,0,0,0,0,0,0,0,0,липІур
0,0,0,0,0,0,0,0,0,0,ватІан
0,0,0,0,0,0,0,0,0,0,шагьар
0,0,0,0,0,0,0,0,0,0,гІалІ
0,0,0,0,0,0,0,0,0,0,гІорхъи
0,0,0,0,0,0,0,0,0,0,халкъ
0,0,0,0,0,0,0,0,0,0,агьлу
0,0,0,0,0,0,0,0,0,0,цевехъан
1,1,1,1,1,1,1,1,1,1,режадийа
0,0,0,0,0,0,0,0,0,0,хан
0,0,0,1,1,1,1,0,1,1,пача
0,0,0,0,0,0,0,0,0,0,хазаин
0,0,0,0,0,0,0,0,0,0,рагъ
0,0,0,0,0,0,0,0,0,0,гъарабаш
0,0,0,0,0,0,0,0,0,0,нукар
0,0,0,0,0,0,0,0,0,0,гьалмагъ
0,0,0,0,0,0,0,0,0,0,тушман
0,0,0,0,0,0,0,0,0,0,гьудул
0,0,0,0,0,0,0,0,0,0,мадугьан
0,0,0,0,0,0,0,0,0,0,гьобол
0,0,0,0,0,0,0,0,0,0,комак
0,0,0,0,0,0,0,0,0,0,гІадат
0,0,0,0,0,0,0,0,0,0,дагІба
0,0,0,0,0,0,0,0,0,0,хъахІба
1,1,1,1,1,1,1,1,1,1,эгъадийа
0,0,0,0,0,0,0,0,0,0,рекъел
0,0,0,0,0,0,0,0,0,0,аскар
1,1,1,1,1,1,1,0,1,1,армийа
0,0,0,0,0,0,0,0,0,0,салдат
0,0,0,0,0,0,0,0,0,0,йарагъ
0,0,0,0,0,0,0,0,0,0,кІетІи
0,1,0,0,0,0,0,0,0,0,цІаᴴъа
0,0,0,0,0,0,0,0,0,0,цІулу
0,0,0,0,0,0,0,0,0,0,хеч
0,0,0,0,0,0,0,0,0,0,балъай
0,0,0,0,0,0,0,0,0,0,тупи
0,1,1,1,1,0,1,0,1,1,гІарада
0,0,0,0,0,0,0,0,0,0,йарагъ-матахІ
0,0,0,0,0,0,0,0,0,0,хъазам
0,0,0,0,0,0,0,0,0,0,талкъан
0,0,0,0,1,0,0,0,0,0,хъала
0,0,0,0,0,0,0,0,0,0,сакъдар
0,0,0,0,0,0,0,0,0,0,бергьенлъи
0,0,0,0,0,0,0,0,0,0,хырəлерлъи
0,0,0,0,0,0,0,0,0,0,ахран
0,0,0,0,0,0,0,0,0,0,хъаравул
1,1,1,1,1,1,1,0,0,1,давла
0,0,0,0,0,0,0,0,0,0,бысəхъан
1,1,1,1,1,1,1,1,1,1,лескІа
1,1,1,1,1,1,1,1,1,1,сетІка
0,0,0,0,0,0,0,0,0,0,къор
1,1,1,1,1,1,1,1,1,1,мыхекІа
0,0,0,0,0,0,0,0,0,0,закон
0,0,0,0,0,0,0,0,0,0,суд
1,1,1,1,1,1,1,0,0,1,судйа
0,0,0,0,0,0,0,0,0,0,жавабчи
0,0,0,0,0,0,0,0,0,0,нугІ
0,0,0,1,0,0,1,0,0,0,гьа̇дала̄
0,0,0,0,0,0,0,0,0,0,гьа̇ᴴ
0,0,0,0,0,0,0,0,0,0,тармихІ
1,1,1,1,1,1,1,1,1,0,гІакІа
0,0,0,0,0,0,0,0,0,0,туснагъ
0,0,0,0,0,0,0,0,0,0,икьерлъи
0,0,0,0,0,0,0,0,0,0,хъахІбалъи
0,0,0,0,0,0,0,0,0,0,рекІекІерлъи
0,0,0,0,0,0,0,0,0,0,əтІəларлъи
1,0,1,1,1,1,1,0,1,0,нуца
0,0,0,0,0,0,0,0,0,0,гугьлахъ
0,0,0,0,0,0,0,0,0,0,цІогьор
0,0,0,0,0,0,0,0,0,0,дин
0,0,0,0,0,0,0,0,0,0,Аллагь
0,0,0,0,0,0,0,0,0,0,мигьмар
0,0,0,0,0,0,0,0,0,0,къурбан
0,0,0,0,0,0,0,0,0,0,гъуделу
0,0,0,0,0,0,0,0,0,0,кашиш
0,0,0,0,0,0,0,0,0,0,гІалжан
0,0,0,0,0,0,0,0,0,0,журжахІ
0,0,0,0,0,0,0,0,0,0,илбис
0,0,0,0,0,0,0,0,0,0,шайтІан
0,0,0,0,0,0,0,0,0,0,хъанчи
0,0,0,0,0,0,0,0,0,0,макрулъи
0,0,0,0,0,0,0,0,0,0,сихІрулъи
0,0,0,0,0,0,0,0,0,0,гІаламат
