1,1,1,1,1,1,1,1,1,1,бигъа̄лъа
1,1,1,1,1,1,1,0,1,1,бахъа̄ᴴлъа
1,1,1,1,1,1,1,1,1,1,бахъа̄ᴴлъа
1,1,1,1,1,1,1,1,1,1,берхъехъа̄лъа
1,1,1,1,1,1,1,1,1,1,балъа̄лъа
0,0,0,0,0,0,0,0,0,0,балъа̄р
1,1,1,1,1,1,1,1,1,1,хІеᴴцца̄лъа
1,1,1,1,1,1,1,1,1,1,кватІа̄лъа
1,1,1,1,1,1,1,0,1,1,гІедерлъалъа
1,1,1,1,1,1,1,0,1,1,гІедера̄лъа
0,0,0,0,0,0,0,0,0,0,ригьи
0,0,0,0,0,0,0,0,0,0,замана
0,0,0,0,0,0,0,0,0,0,бацци
0,0,0,0,0,0,0,0,0,0,рекъеᴴсс
0,0,0,0,0,0,0,0,0,0,тІубе
1,1,1,1,1,1,1,1,1,1,бицІцІаᴴлъа
1,1,1,1,1,1,1,1,1,1,хиса̄лъа
0,0,0,0,0,0,0,0,0,0,нухъе
0,0,0,0,0,0,0,0,0,0,картІе
0,0,0,0,0,0,0,0,0,0,шар
0,0,0,0,0,0,0,0,0,0,гор
0,0,0,0,0,0,0,0,0,0,диду
0,0,0,0,0,0,0,0,0,0,чаᴴчаликІ
0,0,0,0,0,0,0,0,0,0,букІун
0,0,0,0,0,0,0,0,0,0,гъаᴴцІа
1,1,1,1,1,1,1,1,1,1,басаᴴлъа
1,1,1,1,1,1,1,1,1,1,бижвалъа
0,0,0,0,0,0,0,0,0,0,къилба
0,0,0,0,0,0,0,0,0,0,север
0,0,0,0,0,0,0,0,0,0,магъриб
0,0,0,0,0,0,0,0,0,0,машрикъ
0,0,0,0,0,0,0,0,0,0,рахъе
0,0,0,0,0,0,0,0,0,0,цІцІибер
0,0,0,0,0,0,0,0,0,0,регІа
0,0,0,0,0,0,0,0,0,0,цІцІуᴴкІкІа
0,0,0,0,0,0,0,0,0,0,ахир
0,0,0,0,0,0,0,0,0,0,росси
1,1,1,1,1,1,1,1,1,1,бекъеща̄лъа
1,1,1,1,1,1,1,0,1,1,рукъаᴴлъа
1,1,1,1,1,1,1,1,1,1,бацва̄лъа
1,1,1,1,1,1,1,0,1,1,ругьа̄ᴴлъа
1,1,1,1,1,1,1,1,1,1,бекъалъа
1,1,1,1,1,1,1,0,1,1,гьабужва̄лъа
1,1,1,1,1,1,1,0,1,1,бакІара̄лъа
1,1,1,1,1,1,1,0,1,1,гьерцІа̄лъа
1,1,1,1,1,1,1,1,1,1,гиралъа
1,1,1,1,1,1,1,0,1,1,кІуса̄лъа
1,1,1,1,1,1,1,1,1,1,билъалъа
0,0,0,0,0,0,0,0,0,0,макІва
1,1,1,1,1,1,1,1,1,1,га̄ᴴлъа
0,0,0,0,0,0,0,0,0,0,багьа
0,0,0,0,0,0,0,0,0,0,тукан
0,0,0,0,0,0,0,0,0,0,базар
0,0,0,0,0,0,0,0,0,0,купайц
1,1,1,1,1,1,1,1,1,1,бича̄лъа
1,1,1,1,1,1,1,0,1,1,ба̄лъа
1,1,1,1,1,1,1,0,1,1,гагьалъа
1,1,1,1,1,1,1,1,1,1,биса̄ᴴлъа (гІарсе)
0,0,0,0,0,0,0,0,0,0,харже
0,0,0,0,0,0,0,0,0,0,закат
0,0,0,0,0,0,0,0,0,0,рицІцІен
1,1,1,1,1,1,1,1,1,1,беккалъа
0,0,0,0,0,0,0,0,0,0,къарз
0,0,0,0,0,0,0,0,0,0,хахачибо
0,0,0,0,0,0,0,0,0,0,бахаб
0,0,0,0,0,0,0,0,0,0,гІарсе
0,0,0,0,0,0,0,0,0,0,гІабаси
1,1,1,1,1,1,1,0,1,1,италъа
1,1,1,1,1,1,1,1,1,1,беталъа
1,1,1,1,1,1,1,1,1,1,цІехха̄лъа
1,1,1,1,1,1,1,1,1,1,бахха̄лъа
1,1,1,1,1,1,1,1,1,1,цІийаᴴлъа
0,0,0,0,0,0,0,0,0,0,гьедела
1,1,1,1,1,1,1,1,1,1,бехьвалъа
1,1,1,1,1,1,1,1,1,1,биккалъа
1,1,1,1,1,1,1,0,1,1,теъалъа
0,0,0,0,0,0,0,0,0,0,порт
0,0,0,0,0,0,0,0,0,0,йакор
0,0,0,0,0,0,0,0,0,0,парус
0,0,0,0,0,0,0,0,0,0,мачта
0,0,0,0,0,0,0,0,0,0,рул
0,0,0,0,0,0,0,0,0,0,раххан
0,0,0,0,0,0,0,0,0,0,плот
1,0,1,0,0,0,0,1,0,0,гама
0,0,0,0,0,0,0,0,0,0,рукье
0,0,0,0,0,0,0,0,0,0,гьума
0,0,0,0,0,0,0,0,0,0,гьоко
0,0,0,0,0,0,0,0,0,0,кьеру
0,0,0,0,0,0,0,0,0,0,микъе
0,0,0,0,0,0,0,0,0,0,хабар
1,1,1,1,1,1,1,1,1,1,баччва̄лъа
1,1,1,1,1,1,1,1,1,1,чІчІваралъа
1,1,1,1,1,1,1,1,1,1,балІалъа
1,1,1,1,1,1,1,0,1,1,ххваᴴлъа
1,1,1,1,1,1,1,1,1,1,кера̄лъа
1,1,1,1,1,1,1,1,1,1,кьебалъа
1,1,1,1,1,1,1,1,1,1,кІаᴴцІа̄лъа
1,1,1,1,1,1,1,0,1,1,зоралъа
1,1,1,1,1,1,1,1,1,1,кІукІуба̄лъа
1,1,1,1,1,1,1,0,1,1,лІоралъа
1,1,1,1,1,1,1,0,1,1,пувалъа
1,1,1,1,1,1,1,1,1,1,эртаᴴлъа
1,1,1,1,1,1,1,0,1,1,квалчІа̄лъа
1,1,1,1,1,1,1,1,1,1,ччата̄лъа
1,1,1,1,1,1,1,1,1,1,гъаᴴкъа̄лъа
1,1,1,1,1,1,1,1,1,1,ъоъобалъа
1,1,1,1,1,1,1,0,1,1,тІамалъа
1,1,1,1,1,1,1,0,1,1,тІаралъа
1,1,1,1,1,1,1,1,1,1,кьура̄лъа
1,1,1,1,1,1,1,1,1,1,тІоралъа
1,1,1,1,1,1,1,1,1,1,ссора̄лъа
1,1,1,1,1,1,1,0,1,1,бегужва̄лъа
1,1,1,1,1,1,1,1,1,1,герегъералъа
1,1,1,1,1,1,1,1,1,1,гералъа
0,0,0,0,0,0,0,0,0,0,азал
0,0,0,0,0,0,0,0,0,0,релъан
0,0,0,0,0,0,0,0,0,0,чиба
0,0,0,0,0,0,0,0,0,0,скулптор
1,1,1,1,1,1,1,1,1,1,бокъалъа
0,0,0,0,0,0,0,0,0,0,сумка
0,0,0,0,0,0,0,0,0,0,тІаᴴсса
0,0,0,0,0,0,0,0,0,0,паласс
0,0,0,0,0,0,0,0,0,0,кьилихъан
0,0,0,0,0,0,0,0,0,0,чІчІопе
0,0,0,0,0,0,0,0,0,0,цепе
1,1,1,1,1,1,1,1,1,1,керщаᴴлъа
0,0,0,0,0,0,0,0,0,0,матІу
0,0,0,0,0,0,0,0,0,0,шиши
0,0,0,0,0,0,0,0,0,0,щагІилахъан
0,0,0,0,0,0,0,0,0,0,куба
0,0,0,0,0,0,0,0,0,0,тІоше
0,0,0,0,0,0,0,0,0,0,гьезе
0,0,0,0,0,0,0,0,0,0,пахьу
0,0,0,0,0,0,0,0,0,0,варакъ
0,0,0,0,0,0,0,0,0,0,месед
0,0,0,0,0,0,0,0,0,0,раччел
0,0,0,0,0,0,0,0,0,0,эгьун
0,0,0,0,0,0,0,0,0,0,сини
0,0,0,0,0,0,0,0,0,0,гьаᴴкІва
0,0,0,0,0,0,0,0,0,0,кортІа
1,1,1,1,1,1,1,1,1,1,буцІалъа
0,0,0,0,0,0,0,0,0,0,картІе
0,0,0,0,0,0,0,0,0,0,алат
0,0,0,0,0,0,0,0,0,0,къай
0,0,0,0,0,0,0,0,0,0,эрхьу
0,0,0,0,0,0,0,0,0,0,хъартІа
1,1,1,1,1,1,1,0,1,1,бучаᴴлъа
1,1,1,1,1,1,1,0,1,1,лъаралъа
1,1,1,1,1,1,1,0,1,1,тІийаᴴлъа
1,1,1,1,1,1,1,1,1,1,цІцІоралъа
1,1,1,1,1,1,1,1,1,1,жикІкІа̄лъа
1,1,1,1,1,1,1,1,1,1,керххалъа
1,1,1,1,1,1,1,0,1,1,тІибитІа̄лъа
1,1,1,1,1,1,1,0,1,1,хІула̄лъа
1,1,1,1,1,1,1,1,1,1,булаᴴлъа
1,1,1,1,1,1,1,0,1,1,битІва̄лъа
1,1,1,1,1,1,1,1,1,1,хъиба̄лъа
1,1,1,1,1,1,1,0,1,1,биъва̄лъа
1,1,1,1,1,1,1,0,1,1,кьватІа̄лъа
1,1,1,1,1,1,1,1,1,1,гъоралъа
0,0,0,0,0,0,0,0,0,0,аᴴжито
0,0,0,0,0,0,0,0,0,0,гьетІанус
0,0,0,0,0,0,0,0,0,0,кІваᴴкьибди
0,0,0,0,0,0,0,0,0,0,бесун
1,1,1,1,1,1,1,0,1,1,бихъвалъа
1,1,1,1,1,1,1,0,1,1,чІиралъа
1,1,1,1,1,1,1,0,1,1,бачакІва̄лъа
1,1,1,1,1,1,1,0,1,1,микІва̄лъа
0,0,0,0,0,0,0,0,0,0,кІару
0,0,0,0,0,0,0,0,0,0,раххасc
1,1,1,1,1,1,1,1,1,1,бута̄лъа
1,1,1,1,1,1,1,1,1,1,бегважа̄лъа
0,0,0,0,0,0,0,0,0,0,ришаᴴхъер
0,0,0,0,0,0,0,0,0,0,режабо
0,0,0,0,0,0,0,0,0,0,мичІxІи
0,0,0,0,0,0,0,0,0,0,бамбук
0,0,0,0,0,0,0,0,0,0,даржикІ
0,0,0,0,0,0,0,0,0,0,батат
0,0,0,0,0,0,0,0,0,0,кокос
0,0,0,0,0,0,0,0,0,0,палма
0,0,0,0,0,0,0,0,0,0,лълъеᴴй
0,0,0,0,0,0,0,0,0,0,макъара
0,0,0,0,0,0,0,0,0,0,гьала
0,0,0,0,0,0,0,0,0,0,хъибоб
0,0,0,0,0,0,0,0,0,0,хІаᴴкІвара
0,0,0,0,0,0,0,0,0,0,мушдук
0,0,0,0,0,0,0,0,0,0,ццуре
0,0,0,0,0,0,0,0,0,0,тамахьу
0,0,0,0,0,0,0,0,0,0,гъабу
0,0,0,0,0,0,0,0,0,0,никва
0,0,0,0,0,0,0,0,0,0,йолка
0,0,0,0,0,0,0,0,0,0,эжела
0,0,0,0,0,0,0,0,0,0,берхо
0,0,0,0,0,0,0,0,0,0,роша
0,0,0,0,0,0,0,0,0,0,ццицци
0,0,0,0,0,0,0,0,0,0,кьІале
0,0,0,0,0,0,0,0,0,0,гьекьебо
0,0,0,0,0,0,0,0,0,0,гьуᴴчІа
0,0,0,0,0,0,0,0,0,0,жими
0,0,0,0,0,0,0,0,0,0,пулав
0,0,0,0,0,0,0,0,0,0,щамакъуру
0,0,0,0,0,0,0,0,0,0,ниха
0,0,0,0,0,0,0,0,0,0,къеру
0,0,0,0,0,0,0,0,0,0,бечІин
0,0,0,0,0,0,0,0,0,0,хІалбахъен
1,1,1,1,1,1,1,0,1,1,раквалъа
0,0,0,0,0,0,0,0,0,0,хьуᴴй
1,1,1,1,1,1,1,1,1,1,бекьалъа
0,0,0,0,0,0,0,0,0,0,кьоххорохх
0,0,0,0,0,0,0,0,0,0,кІваᴴкьа
0,0,0,0,0,0,0,0,0,0,бахъуᴴтІобо
0,0,0,0,0,0,0,0,0,0,беле
0,0,0,0,0,0,0,0,0,0,кобахх
0,0,0,0,0,0,0,0,0,0,рехъин
1,1,1,1,1,1,1,1,1,1,гьаᴴкІа̄лъа
0,0,0,0,0,0,0,0,0,0,хьихьвар
0,0,0,0,0,0,0,0,0,0,ахе
0,0,0,0,0,0,0,0,0,0,хуре
0,0,0,0,0,0,0,0,0,0,фермер
0,0,0,0,0,0,0,0,0,0,гачи
0,0,0,0,0,0,0,0,0,0,кербеч
0,0,0,0,0,0,0,0,0,0,кІамур
0,0,0,0,0,0,0,0,0,0,аᴴсе
0,0,0,0,0,0,0,0,0,0,чІей
0,0,0,0,0,0,0,0,0,0,агьимо
0,0,0,0,0,0,0,0,0,0,чІина
0,0,0,0,0,0,0,0,0,0,чІалатІур
0,0,0,0,0,0,0,0,0,0,кьІаме
0,0,0,0,0,0,0,0,0,0,коре
0,0,0,0,0,0,0,0,0,0,рачал
0,0,0,0,0,0,0,0,0,0,устул
0,0,0,0,0,0,0,0,0,0,къошда
0,0,0,0,0,0,0,0,0,0,ургъан
0,0,0,0,0,0,0,0,0,0,къелъин
0,0,0,0,0,0,0,0,0,0,тахта
0,0,0,0,0,0,0,0,0,0,карват
0,0,0,0,0,0,0,0,0,0,бергьо
0,0,0,0,0,0,0,0,0,0,марщу
0,0,0,0,0,0,0,0,0,0,печ
0,0,0,0,0,0,0,0,0,0,тавхан
0,0,0,0,0,0,0,0,0,0,къиᴴ
0,0,0,0,1,0,0,0,0,0,гьиᴴгвар
0,0,0,0,0,0,0,0,0,0,рекІул
0,0,0,0,0,0,0,0,0,0,херса
0,0,0,0,0,0,0,0,0,0,маххе
0,0,0,0,0,0,0,0,0,0,азалІо
0,0,0,0,0,0,0,0,0,0,миса
0,0,0,0,0,0,0,0,0,0,гьиᴴцІцІу
0,0,0,0,0,0,1,0,0,1,кав
0,0,0,0,0,0,0,0,0,0,кулуб
0,0,0,0,0,0,0,0,0,0,гьаᴴдар
0,0,0,0,0,0,0,0,0,0,азбар
0,0,0,0,0,0,0,0,0,0,чадир
0,0,0,0,0,0,0,0,0,0,сапун
0,0,0,0,0,0,0,0,0,0,маз
0,0,1,0,0,0,0,0,0,0,гъваᴴтІа
0,0,0,0,0,0,0,0,0,0,гьакьу
0,0,0,0,0,0,0,0,0,0,корбацІ
0,0,0,0,0,0,0,0,0,0,хъарсимо
0,0,0,0,0,0,0,0,0,0,кІазе
0,0,0,0,0,0,0,0,0,0,маххиди
0,0,0,0,0,0,0,0,0,0,кваркъен
0,0,0,0,0,0,0,0,0,0,накъиш
0,0,0,0,0,0,0,0,0,0,маргъал
0,0,0,0,0,0,0,0,0,0,чалта
0,0,0,0,0,0,0,0,0,0,пардав
1,1,1,1,1,1,1,1,1,1,квалъа
0,0,0,0,0,0,0,0,0,0,цІекІвадела
0,0,0,0,0,0,0,0,0,0,щета
0,0,0,0,0,0,0,0,0,0,шарбал
0,0,0,0,0,0,0,0,0,0,йубка
0,0,0,0,0,0,0,0,0,0,палту
0,0,0,0,0,0,0,0,0,0,горди
0,0,0,0,0,0,0,0,0,0,релъан
0,0,0,0,0,0,0,0,0,0,палащ
0,0,0,0,0,0,0,0,0,0,рекун
0,0,0,0,0,0,0,0,0,0,бежун
0,0,0,0,0,0,0,0,0,0,гьиму
1,1,1,1,1,1,1,1,1,1,къийаᴴлъа
0,0,0,0,0,0,0,0,0,0,ижаби
0,0,0,0,0,0,0,0,0,0,миᴴгва
1,1,1,1,1,1,1,0,1,1,гъералъа
0,0,0,0,0,0,0,0,0,0,ххурум
0,0,0,0,0,0,0,0,0,0,мигьи
0,0,0,0,0,0,0,0,0,0,буртина
0,0,0,0,0,0,0,0,0,0,дарай
0,0,0,0,0,0,0,0,0,0,катана
0,0,0,0,0,0,0,0,0,0,хІебет
0,0,0,0,0,0,0,0,0,0,шал
0,0,0,0,0,0,0,0,0,0,ххаме
0,0,0,0,0,0,0,0,0,0,сукну
0,0,0,0,0,0,0,0,0,0,ракьІар
0,0,0,0,0,0,0,0,0,0,обе
0,0,0,0,0,0,0,0,0,0,кІаркІан
0,0,0,0,0,0,0,0,0,0,чІагІа
0,0,0,0,0,0,0,0,0,0,пиво
0,0,0,0,0,0,0,0,0,0,чагъир
0,0,0,0,0,0,0,0,0,0,меди
0,0,0,0,0,0,0,0,0,0,бертІин
1,1,1,1,1,1,1,1,1,1,кьаралъа
0,0,0,0,0,0,0,0,0,0,чакар
0,0,0,0,0,0,0,0,0,0,щив
0,0,0,0,0,0,0,0,0,0,гьуᴴцІцІе
0,0,0,0,0,0,0,0,0,0,пучч
0,0,0,0,0,0,0,0,0,0,цІцІаᴴй
0,0,0,0,0,0,0,0,0,0,хьваймо
0,0,0,0,0,0,0,0,0,0,зайтун
0,0,0,0,0,0,0,0,0,0,цІцІибил
0,0,0,0,0,0,0,0,0,0,цІулакьо
0,0,0,0,0,0,0,0,0,0,инжир
0,0,0,0,0,0,0,0,0,0,кІеххел
0,0,0,0,0,0,0,0,0,0,кварцІи
0,0,0,0,0,0,0,0,0,0,хьиᴴдалъер
0,0,0,0,0,0,0,0,0,0,къоло
0,0,0,0,0,0,0,0,0,0,хІале
0,0,0,0,0,0,0,0,0,0,пихъ-мичІ
0,0,0,0,0,0,0,0,0,0,чорпа
0,0,0,0,0,0,0,0,0,0,бакье (бецІоб)
0,0,0,0,0,0,0,0,0,0,рикьи
0,0,0,0,0,0,0,0,0,0,ражичІиндубда
0,0,0,0,0,0,0,0,0,0,хабу
0,0,0,0,0,0,0,0,0,0,хъороб
0,0,0,0,0,0,0,0,0,0,гьатІе
0,0,0,0,0,0,0,0,0,0,гъане
0,0,0,0,0,0,0,0,0,0,хваᴴхва
1,1,1,1,1,1,1,0,1,1,гъабалъа
1,1,1,1,1,1,1,1,1,1,хъохъобалъа
1,1,1,1,1,1,1,1,1,1,сусукІалъа
0,0,0,0,0,0,0,0,0,0,къамер
0,0,0,0,0,0,0,0,0,0,иᴴквар
0,0,0,0,0,0,0,0,0,0,гъецІе
0,0,0,0,0,0,0,0,0,0,маъа
0,0,0,0,0,0,0,0,0,0,бегьун
0,0,0,0,0,0,0,0,0,0,налбек
0,0,0,0,0,0,0,0,0,0,курушкІа
0,0,0,0,0,0,0,0,0,0,кІорцІо
0,0,0,0,0,0,0,0,0,0,кьІелкьІа
0,0,0,0,0,0,0,0,0,0,гьаᴴде
0,0,0,0,0,0,0,0,0,0,квадар
0,0,0,0,0,0,0,0,0,0,цІцІелтІа
0,0,0,0,0,0,0,0,0,0,щурум
0,0,0,0,0,0,0,0,0,0,хьаге
0,0,0,0,0,0,0,0,0,0,чайникІ
0,0,0,0,0,0,0,0,0,0,чайдан
1,1,1,1,1,1,1,0,1,1,бежалъа
1,1,1,1,1,1,1,1,1,1,агьа̄ᴴлъа
1,1,1,1,1,1,1,0,1,1,белъа̄ᴴлъа
1,1,1,1,1,1,1,1,1,1,беркІкІваᴴлъа
1,1,1,1,1,1,1,1,1,1,чІамалъа
1,1,1,1,1,1,1,0,1,1,цІцІва̄ᴴлъа
0,0,0,0,0,0,0,0,0,0,гьаᴴкъежар
0,0,0,0,0,0,0,0,0,0,маквакьІар
0,0,0,0,0,0,0,0,0,0,ракъо
1,1,1,1,1,1,1,0,1,1,цІцІаралъа
1,1,1,1,1,1,1,1,1,1,иᴴквалъа
1,1,1,1,1,1,1,1,1,1,хІархьа̄лъа
0,0,0,0,0,0,0,0,0,0,загьру
0,0,0,0,0,0,0,0,0,0,дару
0,0,0,0,0,0,0,0,0,0,дарман
0,0,0,0,0,0,0,0,0,0,сабаб
0,0,0,0,0,0,0,0,0,0,Тухтур
0,0,0,0,0,0,0,0,0,0,врач
1,1,1,1,1,1,1,1,1,1,хьолъа̄лъа
0,0,0,0,0,0,0,0,0,0,аᴴже
0,0,0,0,0,0,0,0,0,0,кьІавхва
0,0,0,0,0,0,0,0,0,0,пиᴴкьа
0,0,0,0,0,0,0,0,0,0,куᴴдукар
0,0,0,0,0,0,0,0,0,0,бокьІа̄р
1,1,1,1,1,1,1,1,1,1,аᴴлълъа
0,0,0,0,0,0,0,0,0,0,зарагъур
0,0,0,0,0,0,0,0,0,0,гъварчІчІа
0,0,0,0,0,0,0,0,0,0,хьобо
0,0,0,0,0,0,0,0,0,0,джаназа
0,0,0,0,0,0,0,0,0,0,ракье
1,1,1,1,1,1,1,1,1,1,кІкІобалъа
0,0,0,0,0,0,0,0,0,0,гъаᴴкъов
0,0,0,0,0,0,0,0,0,0,бичІаб
0,0,0,0,0,0,0,0,0,0,чІагос
0,0,0,0,0,0,0,0,0,0,гІурми
1,1,1,1,1,1,1,0,1,1,къенелъалъа
1,1,1,1,1,1,1,1,1,1,къена̄лъа
1,1,1,1,1,1,1,1,1,1,чІчІуралъа
1,1,1,1,1,1,1,1,1,1,жужа̄лъа
1,1,1,1,1,1,1,0,1,1,пІа̄лъа
1,1,1,1,1,1,1,0,1,1,белаᴴлъа
1,1,1,1,1,1,1,0,1,1,кьигьаᴴлъа
1,1,1,1,1,1,1,1,1,1,тІорчаᴴлъа
1,1,1,1,1,1,1,1,1,1,къваралъа
1,1,1,1,1,1,1,1,1,1,кІаралъа
1,1,1,1,1,1,1,0,1,1,кІаркІа̄лъа
1,1,1,1,1,1,1,1,1,1,твалъа
0,0,0,0,0,0,0,0,0,0,туту
0,0,0,0,0,0,0,0,0,0,никІа
1,1,1,1,1,1,1,1,1,1,хІебчча̄лъа
1,1,1,1,1,1,1,1,1,1,охІва̄лъа
1,1,1,1,1,1,1,1,1,1,хІуркІа̄лъа
1,1,1,1,1,1,1,0,1,1,гьамакІкІвалъа
0,0,0,0,0,0,0,0,0,0,гоцо
0,0,0,0,0,0,0,0,0,0,кІкІуᴴди
0,0,0,0,0,0,0,0,0,0,хІото
0,0,0,0,0,0,0,0,0,0,бутІа
0,0,0,0,0,0,0,0,0,0,кІилйаби
0,0,0,0,0,0,0,0,0,0,ахъилІо
0,0,0,0,0,0,0,0,0,0,бакІвал
0,0,0,0,0,0,0,0,0,0,къерчІчІе
0,0,0,0,0,0,0,0,0,0,ургьис
0,0,0,0,0,0,0,0,0,0,рекьІайлІ
0,0,0,0,0,0,0,0,0,0,хъуᴴссер
0,0,0,0,0,0,0,0,0,0,ракІва
0,0,0,0,0,0,0,0,0,0,цІцІуᴴдул
0,0,0,0,0,0,0,0,0,0,ихьу
0,0,0,0,0,0,0,0,0,0,кака
0,0,0,0,0,0,0,0,0,0,нихе
0,0,0,0,0,0,0,0,0,0,хІуле
0,0,0,0,0,0,0,0,0,0,лъиру
0,0,0,0,0,0,0,0,0,0,лъицІел
0,0,0,0,0,0,0,0,0,0,лъалда
0,0,0,0,0,0,0,0,0,0,сеха
0,0,0,0,0,0,0,0,0,0,цІекІа
0,0,0,0,0,0,0,0,0,0,нуку
0,0,0,0,0,0,0,0,0,0,кІкІорощ
0,0,0,0,0,0,0,0,0,0,щуᴴкІа
0,0,0,0,0,0,0,1,0,0,мулъу
0,0,0,0,0,0,0,0,0,0,уᴴдул
0,0,0,0,0,0,0,0,0,0,хъату
0,0,0,0,0,0,0,0,0,0,рекьІа
0,0,0,0,0,0,0,0,0,0,гъажу
0,0,0,0,0,0,0,0,0,0,цІцІикІкІун
0,0,0,0,0,0,0,0,0,0,аъу
0,0,0,0,0,0,0,0,0,0,гъагъечан
0,0,0,0,0,0,0,0,0,0,къваᴴкъва
0,0,0,0,0,0,0,0,0,0,гъваᴴща
0,0,0,0,0,0,0,0,0,0,гару
0,0,0,0,0,0,0,0,0,0,ису
0,0,0,0,0,0,0,0,0,0,сале
0,0,0,0,0,0,0,0,0,0,даби
0,0,0,0,0,0,0,0,0,0,мацІцІи
0,0,0,0,0,0,0,0,0,0,суᴴкІа
0,0,0,0,0,0,0,0,0,0,эли
0,0,0,0,0,0,0,0,0,0,мигІар
0,0,0,0,0,0,0,0,0,0,хвархвал
0,0,0,0,0,0,0,0,0,0,хъуᴴчІура
0,0,0,0,0,0,0,0,0,0,чІабатІ
0,0,0,0,0,0,0,0,0,0,гьантІикІа
0,0,0,0,0,0,0,0,0,0,тІалІва
0,0,0,0,0,0,0,0,0,0,кьиссер
0,0,0,0,0,0,0,0,0,0,гьаркІа
0,0,0,0,0,0,0,0,0,0,кІоркьо
0,0,0,0,0,0,0,0,0,0,жоно
0,0,0,0,0,0,0,0,0,0,гьаᴴду
0,0,0,0,0,0,0,0,0,0,багІа
0,0,0,0,0,0,0,0,0,0,гьадоъал
0,0,0,0,0,0,0,0,0,0,гьане
0,0,0,0,0,0,0,0,0,0,бетІи
0,0,0,0,0,0,0,0,0,0,гваᴴгвара
0,0,0,0,0,0,0,0,0,0,гьадоъа
0,0,0,0,0,0,0,0,0,0,гьоде
0,0,0,0,0,0,0,0,0,0,мугъул
0,0,0,0,0,0,0,0,0,0,мигъа
0,0,0,0,0,0,0,0,0,0,букьІа
0,0,0,0,0,0,0,0,0,0,пуле
0,0,0,0,0,0,0,0,0,0,гьери
0,0,0,0,0,0,0,0,0,0,хъуту
0,0,0,0,0,0,0,0,0,0,щину
0,0,0,0,0,0,0,0,0,0,лъуᴴй
0,0,0,0,0,0,0,0,0,0,мигаж
0,0,0,0,0,0,0,0,0,0,бугьура
0,0,0,0,0,0,0,0,0,0,хъалу
0,0,0,0,0,0,0,0,0,0,гъарссе
0,0,0,0,0,0,0,0,0,0,къаркъала
0,0,0,0,0,0,0,0,0,0,черххе
0,0,0,0,0,0,0,0,0,0,щурумкъоркъо
0,0,0,0,0,0,0,0,0,0,кракадил
0,0,0,0,0,0,0,0,0,0,аᴴччу
0,0,0,0,0,0,0,0,0,0,къоркъо
1,0,0,0,0,0,0,0,0,0,цІцІадалалхІама
0,0,0,0,0,0,0,0,0,0,дидин
0,0,0,0,0,0,0,0,0,0,берка
0,0,0,0,0,0,0,0,0,0,болъон
0,0,0,0,0,0,0,0,0,0,жужука
0,0,0,0,0,0,0,0,0,0,жвалака
0,0,0,0,0,0,0,0,0,0,кІкІара
0,0,0,0,0,0,0,0,0,0,тІуᴴтІу
0,0,0,0,0,0,0,0,0,0,цІцІуᴴцІцІупера
0,0,0,0,0,0,0,0,0,0,щиру
0,0,0,0,0,0,0,0,0,0,пера
0,0,0,0,0,0,0,0,0,0,ххаразаᴴди
0,0,0,0,0,0,0,0,0,0,ххаразан
0,0,0,0,0,0,0,0,0,0,лъарцІцІе
0,0,0,0,0,0,0,0,0,0,таракан
0,0,0,0,0,0,0,0,0,0,гІакъраб
0,0,0,0,0,0,0,0,0,0,алашибхъвай
0,0,0,0,0,0,0,0,0,0,чІаᴴтІе
0,0,0,0,0,0,0,0,0,0,тІане
0,0,0,0,0,0,0,0,0,0,нацІцІе
0,0,0,0,0,0,0,0,0,0,сарсе
0,0,0,0,0,0,0,0,0,0,варан
0,0,0,0,0,0,0,0,0,0,пил
0,0,0,0,0,0,0,0,0,0,маймалак
0,0,0,0,0,0,0,0,0,0,чане
0,0,0,0,0,0,0,0,0,0,саре
0,0,0,0,0,0,0,0,0,0,сиᴴ
0,0,0,0,0,0,0,0,0,0,гъалбацІ
0,0,0,0,0,0,0,0,0,0,бацІа
0,0,0,0,0,0,0,0,0,0,кит
0,0,0,0,0,0,0,0,0,0,делфин
0,0,0,0,0,0,0,0,0,0,акула
0,0,0,0,0,0,0,0,0,0,ччугІа
0,0,0,0,0,0,0,0,0,0,иссо
0,0,0,0,0,0,0,0,0,0,кьаᴴкІала
0,0,0,0,0,0,0,0,0,0,гъугъу
0,0,0,0,0,0,0,0,0,0,рузе
0,0,0,0,0,0,0,0,0,0,гъаᴴде
0,0,0,0,0,0,0,0,0,0,папугай
0,0,0,0,0,0,0,0,0,0,гедеро
0,0,0,0,0,0,0,0,0,0,цІцІуᴴй
0,0,0,0,0,0,0,0,0,0,хъарччигъа
0,0,0,0,0,0,0,0,0,0,чайка
0,0,0,0,0,0,0,0,0,0,хІажилакълакъ
0,0,0,0,0,0,0,0,0,0,щакибо
0,0,0,0,0,0,0,0,0,0,ордок
0,0,0,0,0,0,0,0,0,0,хъаз
0,0,0,0,0,0,0,0,0,0,гІугІуча
0,0,0,0,0,0,0,0,0,0,хъутІа
0,0,0,0,0,0,0,0,0,0,гІурцІена
0,0,0,0,0,0,0,0,0,0,гІугІуча-хъутІа
1,0,0,0,0,0,0,0,0,0,гІама
0,0,0,0,0,0,0,0,0,0,тай
0,0,0,0,0,0,0,0,0,0,ичва
0,0,0,0,0,0,0,0,0,0,хьване
0,0,0,0,0,0,0,0,0,0,цІцІикІер
0,0,0,0,0,0,0,0,0,0,тІука
0,0,0,0,0,0,0,0,0,0,гваᴴзе
0,0,0,0,0,0,0,0,0,0,цІцІеналІо
0,0,0,0,0,0,0,0,0,0,дунгъуз
0,0,0,0,0,0,0,0,0,0,хъабан
0,0,0,0,0,0,0,0,0,0,кьидер
0,0,0,0,0,0,0,0,0,0,ригьа
0,1,1,1,0,0,0,0,0,0,аᴴлълъе
0,0,0,0,0,0,0,0,0,0,риччалІ
0,0,0,0,0,0,0,0,0,0,лъедер
0,0,0,0,0,0,0,0,0,0,зини
0,0,0,0,0,0,0,0,0,0,уᴴса
0,0,0,0,0,0,0,0,0,0,бекье
1,0,0,1,0,0,1,0,0,0,кьІаᴴссилълъо
0,0,0,0,0,0,0,0,0,0,ихьва
0,0,0,0,0,0,0,0,0,0,авлахъ
0,0,0,0,0,0,0,0,0,0,мигъе
0,0,0,0,0,0,0,0,0,0,бецІцІур
0,0,0,0,0,0,0,0,0,0,хІван
0,0,0,0,0,0,0,0,0,0,хъизан
0,0,0,0,0,0,0,0,0,0,гІагарлъер
0,0,0,0,0,0,0,0,0,0,къоролав
0,0,0,0,0,0,0,0,0,0,къоролай
0,0,0,0,0,0,0,0,0,0,наслу
0,0,0,0,0,0,0,0,0,0,имайла
0,0,0,0,0,0,0,0,0,0,васгІал
0,0,0,0,0,0,0,0,0,0,йасгІал
0,0,0,0,0,0,0,0,0,0,имйацци
0,0,0,0,0,0,0,0,0,0,йацци
0,0,0,0,0,0,0,0,0,0,илйацци
0,0,0,0,0,0,0,0,0,0,гьеркІайлйа
0,0,0,0,0,0,0,0,0,0,гьеркІаᴴймйа
0,0,0,0,0,0,0,0,0,0,кІегобай
0,0,0,0,0,0,0,0,0,0,вацци-йацци
0,0,0,0,0,0,0,0,0,0,вацци
0,0,0,0,0,0,0,0,0,0,макІи
0,0,0,0,0,0,0,0,0,0,макІи-масе
0,0,0,0,0,0,0,0,0,0,йаше
0,0,0,0,0,0,0,0,0,0,ваша
0,0,0,1,0,0,0,0,0,0,куᴴтІочІосс
0,0,0,0,0,0,0,0,0,0,имайлйа
0,0,0,0,0,0,0,0,0,0,илйа
0,0,0,0,0,0,0,0,0,0,имйа
1,1,1,1,1,1,1,1,1,1,минарлъалъа
0,0,0,0,0,0,0,0,0,0,гьаркІкІе
0,0,0,0,0,0,0,0,0,0,куᴴтІа
0,0,0,0,0,0,0,0,0,0,минаркІва
0,0,0,0,0,0,0,0,0,0,макІе
0,0,0,0,0,0,0,0,0,0,гьекІва
0,0,0,0,0,0,0,0,0,0,гІадам
0,0,0,0,0,0,0,0,0,0,гьабу
0,0,0,0,0,0,0,0,0,0,лъуда
0,0,0,0,0,0,0,0,0,0,лъуда-цІуле
1,1,1,1,1,1,1,1,1,1,реква̄лъа
1,1,1,1,1,1,1,0,1,1,паᴴкІалъа
1,1,1,1,1,1,1,1,1,1,цІагьалъа
0,0,0,0,0,0,0,0,0,0,кьехва
0,0,0,0,0,0,0,0,0,0,ццуре
1,0,0,0,0,0,0,0,0,1,гьава
0,0,0,0,0,0,0,0,0,0,заре
0,0,0,0,0,0,0,0,0,0,аᴴзе
0,0,0,0,0,0,0,0,0,0,мучу
0,0,0,0,0,0,0,0,0,0,щибе
0,0,0,0,0,0,0,0,0,0,сиᴴдулъер
0,0,0,0,0,0,0,0,0,0,коно
0,0,0,0,0,0,0,0,0,0,цІорцІин
0,0,0,0,0,0,0,0,0,0,пире
0,0,0,0,0,0,0,0,0,0,борцІцІо
1,0,0,0,0,0,0,0,0,0,милъе
0,0,0,0,0,0,0,0,0,0,решин
0,0,0,0,0,0,0,0,0,0,гъалмиса
0,0,0,0,0,0,0,0,0,0,рохьо
0,0,0,0,0,0,0,0,0,0,хьуцІцІе
0,0,0,0,0,0,0,0,0,0,лълъерсса
0,0,0,0,0,0,0,0,0,0,эᴴххе
0,0,0,0,0,0,0,0,0,0,щвалйа
0,0,0,0,0,0,0,0,0,0,гаречан
0,0,0,0,0,0,0,0,0,0,игьвар
0,0,0,0,0,0,0,0,0,0,акиан
0,0,0,0,0,0,0,0,0,0,пале
1,1,1,0,1,1,0,0,1,1,релъа
0,0,0,0,0,0,0,0,0,0,речІчІа
0,0,0,0,0,0,0,0,0,0,кантинент
0,0,0,0,0,0,0,0,0,0,чІиᴴкІиллъер
0,0,0,0,0,0,0,0,0,0,байдан
0,0,0,0,0,0,0,0,0,0,гІатІилъер
0,0,0,0,0,0,0,0,0,0,кьеда
0,0,0,0,0,0,0,0,0,0,кІкІале
0,0,0,0,0,0,0,0,0,0,цІцІерти
0,0,0,0,0,0,0,0,0,0,соро
0,0,0,0,0,0,0,0,0,0,хІуре
0,0,0,0,0,0,0,0,0,0,уᴴщи
0,0,0,0,0,0,0,0,0,0,хІукмат
0,0,0,0,0,0,0,0,0,0,улка
0,0,0,0,0,0,0,0,0,0,дунйал
0,0,0,0,0,0,0,0,0,0,зебу
0,0,0,0,0,0,0,0,0,0,лъайкьІа
0,0,0,0,0,0,0,0,0,0,релъада
0,0,0,0,0,0,0,0,0,0,сагІат
0,0,0,0,0,0,0,0,0,0,базар-зебу
0,0,0,0,0,0,0,0,0,0,гьатІан
0,0,0,0,0,0,0,0,0,0,кІедалІор
0,0,0,0,0,0,0,0,0,0,лІабдалІор
0,0,0,0,0,0,0,0,0,0,боъолІор
0,0,0,0,0,0,0,0,0,0,ракьир
0,0,0,0,0,0,0,0,0,0,цеблІор
0,0,0,0,0,0,0,0,0,0,цциберо
0,0,0,0,0,0,0,0,0,0,регІибо
0,0,0,0,0,0,0,0,0,0,къино
0,0,0,0,0,0,0,0,0,0,рехьвар
0,0,0,0,0,0,0,0,0,0,къару
1,1,1,1,1,1,1,0,1,1,ссуваᴴлъа
0,0,0,0,0,0,0,0,0,0,тІагІам
1,1,1,1,1,1,1,1,1,1,аᴴлъалъа
1,1,1,1,1,1,1,1,1,1,аᴴдукалъа
0,0,0,0,0,0,0,0,0,0,хъуй
0,0,0,0,0,0,0,0,0,0,лъарчІчІу
1,1,1,1,1,1,1,1,1,1,гьаъаᴴлъа
0,0,0,0,0,0,0,0,0,0,кьере
1,1,1,1,1,1,1,1,1,1,уваᴴлъа
1,1,1,1,1,1,1,1,1,1,цІцІималъа
1,1,1,1,1,1,1,1,1,1,къа̄лъа
1,1,1,1,1,1,1,1,1,1,кІкІвабалъа
0,0,0,0,0,0,0,0,0,0,рухІе
0,0,0,0,0,0,0,0,0,0,икъбал
1,1,1,1,1,1,1,1,1,1,релъеххалъа
1,1,1,1,1,1,1,1,1,1,ккималъа
1,1,1,1,1,1,1,1,1,1,багьва̄лъа
1,1,1,1,1,1,1,0,1,1,кьІабалъалъа
0,0,0,0,0,0,0,0,0,0,къоралъер
1,1,1,1,1,1,1,0,1,1,ракІвакъалъалъа
1,1,1,1,1,0,0,1,1,1,речча̄нлъа
1,1,1,1,1,1,1,1,1,1,хІуᴴкІхІуᴴкІа̄лъа
1,1,1,1,1,1,1,1,1,1,угьаᴴлъа
1,1,1,1,1,1,1,0,1,1,рихаᴴлъа
0,0,0,0,0,0,0,0,0,0,ссиме
0,0,0,0,0,0,0,0,0,0,джахІда
0,0,0,0,0,0,0,0,0,0,щаклъер
0,0,0,0,0,0,0,0,0,0,суле
0,0,0,0,0,0,0,0,0,0,кьваров
0,0,0,0,0,0,0,0,0,0,лъебер
0,0,0,0,0,0,0,0,0,0,хийал
1,1,1,1,1,1,1,0,1,1,гала̄лъа
0,0,0,0,0,0,0,0,0,0,бикьІелъер
0,0,0,0,0,0,0,0,0,0,гъалатІ
1,1,1,1,1,1,1,0,1,1,бецца̄лъа
0,0,0,0,0,0,0,0,0,0,гІакълу
1,1,1,1,1,1,1,1,1,1,ургъа̄лъа
0,0,0,0,0,0,0,0,0,0,бичІчІи
1,1,1,1,1,1,1,1,1,1,цІцІала̄лъа
0,0,0,0,0,0,0,0,0,0,цІалдохъан
0,0,0,0,0,0,0,0,0,0,мугІалим
0,0,0,0,0,0,0,0,0,0,уштер
0,0,0,0,0,0,0,0,0,0,ушкула
1,1,1,1,1,1,1,0,1,1,бечечалъа
0,0,0,0,0,0,0,0,0,0,нигат
0,0,0,0,0,0,0,0,0,0,багьана
0,0,0,0,0,0,0,0,0,0,квалквасар
1,1,1,1,1,1,1,1,1,1,щаклъалъа
1,1,1,1,1,1,1,1,1,1,хийаналъалъа
0,0,0,0,0,0,0,0,0,0,хІажат
0,0,0,0,0,0,0,0,0,0,къваригІел
0,0,0,0,0,0,0,0,0,0,къагІида
1,1,1,1,0,1,1,1,1,1,кІкІа̄ᴴлъа
1,1,1,1,1,1,1,1,1,1,биба̄лъа
1,1,1,1,1,1,1,0,1,1,щуща̄лъа
1,1,1,1,1,1,1,1,1,1,бурбучалъа
1,1,1,1,1,1,1,1,1,1,щва̄ᴴлъа
1,1,1,1,1,1,1,0,1,1,цІцІамцІцІама̄лъа
1,1,1,1,1,1,1,1,1,1,гІвалъа
1,1,1,1,1,1,1,1,1,1,гъва̄лъа
1,1,1,1,1,1,1,1,1,1,эъэра̄лъа
1,1,1,1,1,1,1,1,1,1,кекьаᴴлъа
0,0,0,0,0,0,0,0,0,0,аᴴлъер
0,0,0,0,0,0,0,0,0,0,цІцІери
1,1,1,1,1,1,1,1,1,1,йикьалъа
1,1,1,1,1,1,1,1,1,1,къацана̄лъа
1,1,1,1,1,1,1,1,1,1,лъеба̄лъа
0,0,0,0,0,0,0,0,0,0,кагъат
0,0,0,0,0,0,0,0,0,0,ручка
0,0,0,0,0,0,0,0,0,0,хъоча
0,0,0,0,0,0,0,0,0,0,зурма
0,0,0,0,0,0,0,0,0,0,дане
1,0,0,0,0,0,1,1,1,0,гваᴴгва
0,0,0,0,0,0,0,0,0,0,шагьар
0,0,0,0,0,0,0,0,0,0,гІорхъи
0,0,0,0,0,0,0,0,0,0,халкъе
0,0,0,0,0,0,0,0,0,0,тухум
0,0,0,0,0,0,0,0,0,0,цІуле
0,0,0,0,0,0,0,0,0,0,хан
0,0,0,0,0,0,0,0,0,0,бетІергьан
0,0,0,0,0,0,0,0,0,0,лагъе
0,0,0,0,0,0,0,0,0,0,ссигъидобо
1,1,1,1,1,1,1,0,1,1,мутІигІлъалъа
0,0,0,0,0,0,0,0,0,0,чокъа
0,0,0,0,0,0,0,0,0,0,гьалмагъ
0,0,0,0,0,0,0,0,0,0,тушман
0,0,0,0,0,0,0,0,0,0,мадугьал
0,0,0,0,0,0,0,0,0,0,цІцІев
0,0,0,0,0,0,0,0,0,0,кумак
0,0,0,0,0,0,0,0,0,0,гІадат
0,0,0,0,0,0,0,0,0,0,къацанер
0,0,0,0,0,0,0,0,0,0,хъахІба
1,1,1,1,1,1,1,1,1,1,рагъа̄лъа
0,0,0,0,0,0,0,0,0,0,рагъе
0,0,0,0,0,0,0,0,0,0,ракъер
0,0,0,0,0,0,0,0,0,0,аскар
0,0,0,0,0,0,0,0,0,0,рагъухъан
0,0,0,0,0,0,0,0,0,0,йарагъ
0,0,0,0,0,0,0,0,0,0,кІаᴴтІа
1,1,1,1,1,1,1,1,1,1,мулъа
0,0,0,0,0,0,0,0,0,0,хигиххал
0,0,0,0,0,0,0,0,0,0,тиркач
0,0,0,0,0,0,0,0,0,0,хеч
0,0,0,0,0,0,0,0,0,0,хвалчен
0,0,1,0,0,0,0,0,0,0,гІаратІа
0,0,0,0,0,0,0,0,0,0,йарагъ-матахІ
0,0,0,0,0,0,0,0,0,0,такъийа
0,0,0,0,0,0,0,0,0,0,талкъан
0,0,0,0,0,0,0,0,0,0,хъала
0,0,0,0,0,0,0,0,0,0,щеба
0,0,0,0,0,0,0,0,0,0,мимара
0,0,0,0,0,0,0,0,0,0,ришаᴴлъер
0,0,0,0,0,0,0,0,0,0,бегъан
0,0,0,0,0,0,0,0,0,0,туснахъ
0,0,0,0,0,0,0,0,0,0,хъаравул
0,0,0,0,0,0,0,0,0,0,давла
0,0,0,0,0,0,0,0,0,0,ччугІихъан
0,0,0,0,0,0,0,0,0,0,гъармахъ
0,0,0,0,0,0,0,0,0,0,чІчІелди
0,0,0,0,0,0,0,0,0,0,сетка
0,0,0,0,0,0,0,0,0,0,къоти
1,1,1,1,1,1,1,1,1,1,кьвагьа̄ᴴлъа
0,0,0,0,0,0,0,0,0,0,къватан
0,0,0,0,0,0,0,0,0,0,шаригІат
0,0,0,0,0,0,0,0,0,0,закон
0,0,0,0,0,0,0,0,0,0,диван
0,0,0,0,0,0,0,0,0,0,суд
0,0,0,0,1,0,0,0,0,0,сcудйав
0,0,0,0,0,0,0,0,0,0,жавабчи
0,0,0,0,0,0,0,0,0,0,нугІе
1,1,1,1,1,1,1,0,1,1,накварихвалъа
0,0,0,0,0,0,0,0,0,0,наква
1,1,1,1,1,1,1,1,1,1,вацІцІа̄лъа
0,0,0,0,0,0,0,0,0,0,тамихІ
0,0,0,0,0,0,0,0,0,0,гІакІа
0,0,0,0,0,0,0,0,0,0,хъахІбалъер
0,0,0,0,0,0,0,0,0,0,цІцІогьор
0,0,0,0,0,0,0,0,0,0,дини
0,0,0,0,0,0,0,0,0,0,Аллагь
0,0,0,0,0,0,0,0,0,0,килиса
0,0,0,0,0,0,0,0,0,0,мигьмар
0,0,0,0,0,0,0,0,0,0,къурбана
0,0,0,0,0,0,0,0,0,0,кашиш
1,1,1,1,1,1,1,0,1,1,шамалъа
1,1,1,1,1,1,1,1,1,1,эликкалъа
0,0,0,0,0,0,0,0,0,0,гІалджан
0,0,0,0,0,0,0,0,0,0,жужахІ
0,0,0,0,0,0,0,0,0,0,илбис
0,0,0,0,0,0,0,0,0,0,балъголъер
0,0,0,0,0,0,0,0,0,0,цихІилълъер
0,0,0,0,0,0,0,0,0,0,макру
0,0,0,0,0,0,0,0,0,0,рухІ
0,0,0,0,0,0,0,0,0,0,гІаламат
