1,1,1,1,1,1,1,1,1,1,кьабитан
1,1,1,1,1,1,1,1,1,1,дуллан
1,1,1,1,1,1,1,1,1,1,бикІан
1,1,1,1,1,1,1,1,1,1,дайдишин
0,0,0,0,0,0,0,0,0,0,дайдихьу
0,0,0,0,0,0,0,0,0,0,замана
0,0,0,0,0,0,0,0,0,0,оьрму
0,0,0,0,0,0,0,0,0,0,аьсир
1,1,1,1,1,1,1,1,1,1,давран
1,1,1,1,1,1,1,1,1,1,чІун
0,0,0,0,0,0,0,0,0,0,чут
0,0,0,0,0,0,0,0,0,0,царай
0,0,0,0,0,0,0,0,0,0,бачІи
0,0,0,0,0,0,0,0,0,0,бутІа
0,0,0,0,0,0,0,0,0,0,касак
1,1,1,1,1,1,1,1,1,1,дуккин
0,0,0,0,0,0,0,0,0,0,аьш
0,0,0,0,0,0,0,0,0,0,хха
0,0,0,0,0,0,0,0,0,0,ккутІ
0,0,0,0,0,0,0,0,0,0,вярчІу
0,0,0,0,0,0,0,0,0,0,ттуп
0,0,0,0,0,0,0,0,0,0,ккуза
0,0,0,0,0,0,0,0,0,0,лагмахха
0,0,0,0,0,0,0,0,0,0,квадрат
0,0,0,0,0,0,0,0,0,0,ххач
0,0,0,0,0,0,0,0,0,0,къанч
0,0,0,0,0,0,0,0,0,0,мурцІу
0,0,0,0,0,0,0,0,0,0,къича
0,0,0,0,0,0,0,0,0,0,чарак
0,0,0,0,0,0,0,0,0,0,кьилва
0,0,0,0,0,0,0,0,0,0,ухссав
0,0,0,0,0,0,0,0,0,0,баргълагавалу
0,0,0,0,0,0,0,0,0,0,баргъбуккавалу
0,0,0,0,0,0,0,0,0,0,дя
0,0,0,0,0,0,0,0,0,0,чул
0,0,0,0,0,0,0,0,0,0,зума
0,0,0,0,0,0,0,0,0,0,ахир
0,0,0,0,0,0,0,0,0,0,дайлитІу
0,0,0,0,0,0,0,0,0,0,лувалу
1,1,1,1,1,1,1,1,1,1,лувчІин
0,0,0,0,0,0,0,0,0,0,бакІ
1,1,1,1,1,1,1,1,1,1,лабитан
1,1,1,0,1,0,1,1,1,1,лакьин
1,1,1,1,1,0,1,1,1,1,тІитІин
1,1,1,1,1,1,1,1,1,1,дазин
1,1,1,1,0,1,1,1,1,1,духІан
1,1,1,1,0,0,1,1,1,1,дахІин
1,1,1,1,1,1,1,1,1,1,датІин
0,0,0,0,0,0,0,0,0,0,лирчІмур
1,1,1,1,1,1,1,1,1,0,личІан
1,1,1,1,1,1,1,1,1,1,ацІан
1,1,1,1,1,1,1,1,1,1,бишин
0,0,0,0,0,0,0,0,0,0,кІану
1,1,1,1,1,1,1,1,1,1,дуцин
0,0,0,0,0,0,0,0,0,0,багьа
1,1,1,1,1,1,1,1,1,1,ттучан
0,0,0,0,0,0,0,0,0,0,базар
0,0,0,0,0,0,0,0,0,0,савдажар
0,0,0,0,0,0,0,0,0,0,машачи
1,1,1,1,1,1,1,1,1,1,баххан
1,1,1,1,1,1,1,1,1,1,(машан) ласлан
1,1,1,1,1,1,1,0,1,1,лякъин
0,0,0,0,0,0,0,0,0,0,харж
1,1,1,1,1,1,1,1,1,1,бугьан
0,0,0,0,0,0,0,0,0,0,дишала
0,0,0,0,0,0,0,0,0,0,хІисав
0,0,0,0,0,0,0,0,0,0,бурж
0,0,0,0,0,0,0,0,0,0,шярайхукку
0,0,0,0,0,0,0,0,0,0,къарапул
0,0,0,0,0,0,0,0,0,0,арцу
1,1,1,0,1,1,1,1,1,1,итабакьин
1,1,1,1,1,1,1,1,1,1,луглан
1,1,0,1,1,0,1,0,1,1,йадан
1,1,1,1,1,1,1,1,1,1,дулун
0,0,0,0,0,1,0,0,0,0,зад
0,0,0,0,0,0,0,0,0,0,иш
1,1,1,1,1,1,1,1,1,0,йадуллан
1,1,0,0,1,1,1,1,1,1,ласун
1,1,1,1,1,1,1,1,1,1,бугьлан
0,0,0,0,0,0,0,0,0,0,порт
0,0,0,0,0,0,0,0,0,0,йакорь
0,0,0,0,0,0,0,0,0,0,парус
0,0,0,0,0,0,0,0,0,0,мачта
0,0,0,0,0,0,0,0,0,0,руль
1,1,1,1,1,1,1,1,1,1,бяхлан
0,0,0,0,0,0,0,0,0,0,чІатІа
0,0,0,0,0,0,0,0,0,0,плот
0,0,0,0,0,0,0,0,0,0,къаяхъ
0,0,0,0,0,0,0,0,0,0,жами
0,0,0,0,0,0,0,0,0,0,рукІ
0,0,0,0,0,0,0,0,0,0,кучалагъач
0,0,0,0,0,0,0,0,0,0,йа
0,0,0,0,0,0,0,0,0,0,нигь
0,0,0,0,0,0,0,0,0,0,аьрава
0,0,0,0,0,0,0,0,0,0,ламу
0,0,0,0,0,0,0,0,0,0,ххуллу
1,1,1,1,1,1,1,1,1,1,щилан
1,1,1,1,1,1,1,1,1,1,буцин
1,1,1,1,1,1,1,1,1,1,буххан
1,1,1,1,1,1,1,1,1,1,бучІан
1,1,1,1,1,1,1,1,1,1,бийан
1,1,1,1,1,1,1,1,1,1,лихъан
1,1,1,1,1,1,1,1,1,1,гьан
1,1,1,1,1,1,1,1,1,1,уккан
1,1,1,1,1,1,1,1,1,0,учІан
1,1,1,1,1,0,1,1,1,1,нан
1,1,1,1,1,1,1,1,1,1,лечлан
1,1,1,1,1,0,1,0,1,1,занан
1,1,1,0,1,1,1,0,1,0,къавтІун
1,1,1,1,1,1,1,1,1,1,бишлан
1,1,1,1,1,1,1,1,1,1,лехлан
1,1,0,1,1,1,1,1,1,0,гьузун
1,1,1,1,1,1,1,1,1,1,бигьлан
1,1,1,1,1,1,1,1,1,1,оькьлан
1,1,1,1,1,1,1,1,1,1,бутан
1,1,1,1,1,1,1,1,1,1,багьлан
1,1,0,0,1,0,0,1,1,1,каен
0,0,0,0,0,0,0,0,0,0,щина
0,0,0,0,0,0,0,0,0,0,хьхьини
0,0,0,0,0,1,0,0,0,0,ранг
0,0,0,0,0,0,0,0,0,0,статуйа
0,0,0,0,0,0,0,0,0,0,скульптор
1,1,1,1,1,1,1,1,1,1,кьукьлан
0,0,0,0,0,0,0,0,0,0,вентилятор
0,0,0,0,0,0,0,0,0,0,сумка
0,0,0,0,0,0,0,0,0,0,халича
0,0,0,0,0,0,0,0,0,0,бартбису
0,0,0,0,0,0,0,0,0,0,хъа
0,0,0,0,0,0,0,0,0,0,хІасил
0,0,0,0,0,0,0,0,0,0,чІапа
1,1,1,1,1,1,1,1,1,1,щащан
1,1,0,1,1,1,1,1,1,1,пюрун
0,0,0,0,0,0,0,0,0,0,чІутІи
0,0,0,0,0,0,0,0,0,0,мах
0,0,0,0,0,0,0,0,0,0,дувсси
0,0,0,0,0,0,0,0,0,0,чарвит
0,0,0,0,0,0,0,0,0,0,муси
1,1,1,1,1,1,1,1,1,1,(пюркьу) битлан
0,0,0,0,0,0,0,0,0,0,лурзимах
0,0,0,0,0,0,0,0,0,0,дуссукъатта
0,0,0,0,0,0,0,0,0,0,сина
0,0,0,0,0,0,0,0,0,0,мяр
0,0,0,0,0,0,0,0,0,0,кьютІилу
0,0,0,0,0,0,0,0,0,0,ххарачІани
0,0,0,0,0,0,0,0,0,0,ккутІ
0,0,0,0,0,0,0,0,0,0,ххярацлу
1,1,1,1,1,1,1,1,1,1,дан
0,0,0,0,0,0,0,0,0,0,йарагъ
0,0,0,0,0,0,0,0,0,0,цІуши
1,1,1,1,1,1,1,1,1,1,шюшлан
1,1,1,1,1,1,1,1,1,1,башин
1,1,1,1,1,0,1,1,1,1,дутІин
1,1,1,1,1,1,1,1,1,1,хьхьицІин
1,1,1,1,1,1,1,1,1,1,лахъан
1,1,1,1,1,1,1,1,1,1,лишин
1,1,1,1,1,1,1,1,1,1,ххядуклан
1,1,1,1,1,1,1,1,1,1,ритлан
1,1,1,1,1,1,1,1,1,1,ххядуккан
1,1,1,1,1,1,1,1,0,1,гъагъан
0,0,0,0,0,0,0,0,0,0,рикІ
0,0,0,0,0,0,0,0,0,0,хІисилу
0,0,0,0,0,0,0,0,0,0,чІила
1,1,1,1,1,1,1,1,1,1,биххан
1,1,1,1,1,1,1,1,1,1,бутлан
0,0,0,0,0,0,0,0,0,0,къурхъ
0,0,0,0,0,0,0,0,0,0,щинзир
1,1,1,1,1,1,1,1,1,1,ттирихІин
0,0,0,0,0,0,0,0,0,0,даву
0,0,0,0,0,0,0,0,0,0,мечІ
0,0,0,0,0,0,0,0,0,0,бамбук
0,0,0,0,0,0,0,0,0,0,къавахъ
0,0,0,0,0,0,0,0,0,0,батат
0,0,0,0,0,0,0,0,0,0,цитрус
0,0,0,0,0,0,0,0,0,0,кокос
0,0,0,0,0,0,0,0,0,0,пальма
0,0,0,0,0,0,0,0,0,0,ккири
0,0,0,0,0,0,0,0,0,0,къяртта
0,0,0,0,0,0,0,0,0,0,кутук
0,0,0,0,0,0,0,0,0,0,путІи
1,1,1,1,1,1,1,1,1,1,тутун
0,0,0,0,0,0,0,0,0,0,таммаку
0,0,0,0,0,0,0,0,0,0,кІялаттарлил
0,0,0,0,0,0,0,0,0,0,мазухъи
0,0,0,0,0,0,0,0,0,0,кІялахІи
0,0,0,0,0,0,0,0,0,0,чинар
0,0,0,0,0,0,0,0,0,0,пялут
0,0,0,0,0,0,0,0,0,0,мурхь
0,0,0,0,0,0,0,0,0,0,тІутІи
0,0,0,0,0,0,0,0,0,0,чІапІи
0,0,0,0,0,0,0,0,0,0,мархха
0,0,0,0,0,0,0,0,0,0,ххулӯв
0,0,0,0,0,0,0,0,0,0,ххяххийа
0,0,0,0,0,0,0,0,0,0,уртту
0,0,0,0,0,0,0,0,0,0,ппиринж
0,0,0,0,0,0,0,0,0,0,нехъа
0,0,0,0,0,0,0,0,0,0,сус
0,0,0,0,0,0,0,0,0,0,лачІа
0,0,0,0,0,0,0,0,0,0,къама
0,0,0,0,0,0,0,0,0,0,бакІлахъийа
0,0,0,0,0,0,0,0,0,0,ттарацІалу
1,1,1,1,1,1,1,1,1,1,цулун
0,0,0,0,0,0,0,0,0,0,гьанна
0,0,0,0,0,0,0,0,0,0,ххялаххи
0,0,0,0,0,0,0,0,0,0,гьиссилу
0,0,0,0,0,0,0,0,0,0,хьула
0,0,0,0,0,0,0,0,0,0,кказа
0,0,0,0,0,0,0,0,0,0,щурк
0,0,0,0,0,0,0,0,0,0,ххаканназ
1,1,1,1,1,1,1,1,1,1,бихлан
1,1,1,1,1,1,1,1,1,1,дихлан
1,1,1,0,1,1,1,1,1,0,гъайтІун
0,0,0,0,0,0,0,0,0,0,чапар
0,0,0,0,0,0,0,0,0,0,багъ
0,0,0,0,0,0,0,0,0,0,хъу
0,0,0,0,0,0,0,0,0,0,калпуш
1,1,1,1,1,1,1,1,1,1,кІалан
1,1,1,1,1,1,1,1,1,1,чІалан
0,0,0,0,0,0,0,0,0,0,тахта
0,0,0,0,0,0,0,0,0,0,ула
0,0,0,0,0,0,0,0,0,0,ттарцІ
0,0,0,0,0,0,0,0,0,0,чІула
0,0,0,0,0,0,0,0,0,0,уттусса
0,0,0,0,0,0,0,0,0,0,магъи
0,0,0,0,0,0,0,0,0,0,бяшкІана
0,0,0,0,0,0,0,0,0,0,чІаму
0,0,0,0,0,0,0,0,0,0,усттул
0,0,0,0,0,0,0,0,0,0,ххунча
1,1,1,1,1,1,1,1,1,1,виргъан
0,0,0,0,0,0,0,0,0,0,кІаралу
0,0,0,0,0,0,0,0,0,0,тах
0,0,0,0,0,0,0,0,0,0,чуртту
0,0,0,0,0,0,0,0,0,0,пач
0,0,0,0,0,0,0,0,0,0,тав
0,0,0,0,0,0,0,0,0,0,чІира
0,0,0,0,0,0,0,0,0,0,чІанкъатта
0,0,0,0,0,0,0,0,0,0,чІавахьулу
0,0,0,0,0,0,0,0,0,0,кІула
0,0,0,0,0,0,0,0,0,0,кьункьула
0,0,0,0,0,0,0,0,0,0,къатта
0,0,0,0,0,0,0,0,0,0,нуз
0,0,0,0,0,0,0,0,0,0,дарваза
0,0,0,0,0,0,0,0,0,0,кулуб
0,0,0,0,0,0,0,0,0,0,къатри
0,0,0,0,0,0,0,0,0,0,азбар
0,0,0,0,0,0,0,0,0,0,чятир
0,0,0,0,0,0,0,0,0,0,пукьа
0,0,0,0,0,0,0,0,0,0,дагьани
1,1,1,1,1,1,1,1,1,1,ссахІван
0,0,0,0,0,0,0,0,0,0,маз
0,0,0,0,0,0,0,0,0,0,хІаллу
0,0,0,0,0,0,0,0,0,0,зеххаву
0,0,0,0,0,0,0,0,0,0,ттарал
0,0,0,0,0,0,0,0,0,0,лажинлихьу
0,0,0,0,0,0,0,0,0,0,кьяпа
0,0,0,0,0,0,0,0,0,0,вичІилус
1,1,1,1,1,1,1,1,1,1,кюрщан
0,0,0,0,0,0,0,0,0,0,чарсса
0,0,0,0,0,0,0,0,0,0,каниш
0,0,0,0,0,0,0,0,0,0,накьич
0,0,0,0,0,0,0,0,0,0,къуппа-ххалаххи
0,0,0,0,0,0,0,0,0,0,кІичІ
0,0,0,0,0,0,0,0,0,0,жип
0,0,0,0,0,0,0,0,0,0,иттахсса
0,0,0,0,0,0,0,0,0,0,катІа
0,0,0,0,0,0,0,0,0,0,мухІлу
0,0,0,0,0,0,0,0,0,0,чакмачи
0,0,0,0,0,0,0,0,0,0,ттуплив
0,0,0,0,0,0,0,0,0,0,ус
0,0,0,0,0,0,0,0,0,0,жуларду
0,0,0,0,0,0,0,0,0,0,хІажак
0,0,0,0,0,0,0,0,0,0,йупкка
0,0,0,0,0,0,0,0,0,0,гьухъа
0,0,0,0,0,0,0,0,0,0,пІалтІу
0,0,0,0,0,0,0,0,0,0,ранг
0,0,0,0,0,0,0,0,0,0,плащ
0,0,0,0,0,0,0,0,0,0,ххал
0,0,0,0,0,0,0,0,0,0,ппа
1,1,1,1,1,1,1,1,1,1,дурухлан
0,0,0,0,0,0,0,0,0,0,хах
1,1,1,1,1,1,1,1,1,1,щашлан
0,0,0,0,0,0,0,0,0,0,зукка
0,0,0,0,0,0,0,0,0,0,бурчу
0,0,0,0,0,0,0,0,0,0,хаз
0,0,0,0,0,0,0,0,0,0,варси
0,0,0,0,0,0,0,0,0,0,сими
0,0,0,0,0,0,0,0,0,0,памма
1,1,1,1,1,1,1,1,1,1,чатан
0,0,0,0,0,0,0,0,0,0,ппал
0,0,0,0,0,0,0,0,0,0,дарзи
0,0,0,0,0,0,0,0,0,0,йанна
1,1,1,1,1,1,1,1,1,1,лаххан
0,0,0,0,0,0,0,0,0,0,ккунук
1,1,1,1,1,1,1,1,1,1,дукьра-хІан
0,0,0,0,0,0,0,0,0,0,пиво
0,0,0,0,0,0,0,0,0,0,чахир
1,1,1,1,1,1,1,1,1,1,хІан
0,0,0,0,0,0,0,0,0,0,хІачІийа
0,0,0,0,0,0,0,0,0,0,лагаву
0,0,0,0,0,0,0,0,0,0,нис
1,1,1,1,1,1,1,1,1,1,ттизин
0,0,0,0,0,0,0,0,0,0,качар
0,0,0,0,0,0,0,0,0,0,накІ
0,0,0,0,0,0,0,0,0,0,ницІ
0,0,0,0,0,0,0,0,0,0,мамаш
0,0,0,0,0,0,0,0,0,0,иссийавт
0,0,0,0,0,0,0,0,0,0,цІу
0,0,0,0,0,0,0,0,0,0,аьгъушиву
0,0,0,0,0,0,0,0,0,0,май
0,0,0,0,0,0,0,0,0,0,нагь
1,1,1,1,1,1,1,1,1,0,зайтун
0,0,0,0,0,0,0,0,0,0,гьивхь
0,0,0,0,0,0,0,0,0,0,пуннукь
0,0,0,0,0,0,0,0,0,0,инжир
0,0,0,0,0,0,0,0,0,0,къюмай
0,0,0,0,0,0,0,0,0,0,ахъулсса
0,0,0,0,0,0,0,0,0,0,нувщи
0,0,0,0,0,0,0,0,0,0,ахънилсри
0,0,0,0,0,0,0,0,0,0,накь
0,0,0,0,0,0,0,0,0,0,ккурккимай
0,0,0,0,0,0,0,0,0,0,дикІ
0,0,0,0,0,0,0,0,0,0,йалунбищу
0,0,0,0,0,0,0,0,0,0,лаччибуту
0,0,0,0,0,1,0,0,0,1,гьаманг
0,0,0,0,0,0,0,0,0,0,гьарахъалу
0,0,0,0,0,0,0,0,0,0,иникІма
1,1,1,1,1,1,1,1,0,1,дяргълан
0,0,0,0,0,0,0,0,0,0,ччатІ
1,1,1,1,1,1,1,1,1,1,дигьин
1,1,1,0,1,1,1,1,1,0,кІучІин
0,0,0,0,0,0,0,0,0,0,гьанттайнсса
0,0,0,0,0,0,0,0,0,0,ахттайнсса
0,0,0,0,0,0,0,0,0,0,кІюрххилсса
0,0,0,0,0,0,0,0,0,0,къяцІа
0,0,0,0,0,0,0,0,0,0,къуса
0,0,0,0,0,0,0,0,0,0,нярачи
0,0,0,0,0,0,0,0,0,0,кІичІу
0,0,0,0,0,0,0,0,0,0,кІартташи
0,0,0,0,0,0,0,0,0,0,парш
0,0,0,0,0,0,0,0,0,0,къукъу
0,0,0,0,0,0,0,0,0,0,хава
0,0,0,0,0,0,0,0,0,0,бушкъап
0,0,0,0,0,0,0,0,0,0,кІункІур
0,0,0,0,0,0,0,0,0,0,чаг
0,0,0,0,0,0,0,0,0,0,чяйникІ
1,1,1,1,1,1,1,1,1,1,шахьлан
1,1,1,1,1,1,1,1,1,1,дюкьлан
1,1,1,1,1,1,1,1,1,1,ккухІлан
0,0,0,0,0,0,0,0,0,0,мякь
0,0,0,0,0,0,0,0,0,0,мискинишву
0,0,0,0,0,0,0,0,0,0,ккаши
1,1,1,1,1,0,1,1,1,1,хІачІан
1,1,1,1,1,1,1,1,1,1,хІачІлан
0,0,0,0,0,0,0,0,0,0,дукра
1,1,1,1,1,0,1,0,1,1,канан
1,1,1,1,1,1,1,0,1,1,бигьалаган
0,0,0,0,0,0,0,0,0,0,загьру
1,1,1,0,1,1,1,1,1,1,дарман
0,0,0,0,0,0,0,0,0,0,дару
0,0,0,0,0,0,0,0,0,0,духтур
1,1,1,1,1,1,1,1,1,1,хІакин
0,0,0,0,0,0,0,0,0,0,бавш
0,0,0,0,0,0,0,0,0,0,лал
0,0,0,0,0,0,0,0,0,0,пицІу
0,0,0,0,0,0,0,0,0,0,хьхьиначІали
0,0,0,0,0,0,0,0,0,0,ччуччаву
0,0,0,0,0,0,0,0,0,0,зув
0,0,0,0,0,0,0,0,0,0,дурухлу
0,0,0,0,0,0,0,0,0,0,щаву
0,0,0,0,0,0,0,0,0,0,кьурчІу
0,0,0,0,0,0,0,0,0,0,чухь
0,0,0,0,0,0,0,0,0,0,кІиришиву
0,0,0,0,0,0,0,0,0,0,гьав
1,1,1,1,0,1,1,1,1,1,уччин
1,1,1,1,1,1,1,1,1,1,учлан
0,0,0,0,0,0,0,0,0,0,жаназа
1,1,1,0,0,1,1,1,1,0,ивчІан
0,0,0,0,0,0,0,0,0,0,оькьлакьима
0,0,0,0,0,0,0,0,0,0,оьвкьма
0,0,0,0,0,0,0,0,0,0,ивкІусса
0,0,0,0,0,0,0,0,0,0,сагъсса
0,0,0,0,0,0,0,0,0,0,оьрму
1,1,1,1,1,1,1,1,1,1,ан
1,1,1,1,1,1,1,1,1,1,оьтІин
1,1,1,1,1,0,1,1,1,1,шанан
0,0,0,0,0,0,0,0,0,0,пув
0,0,0,0,0,0,0,0,0,0,митІи
0,0,0,0,0,0,0,0,0,0,матІа
0,0,0,0,0,0,0,0,0,0,чІачІ
0,0,0,0,0,0,0,0,0,0,вичи
0,0,0,0,0,0,0,0,0,0,оьрчІа-къатта
0,0,0,0,0,0,0,0,0,0,жира
0,0,0,0,0,0,0,0,0,0,лялу
0,0,0,0,0,0,0,0,0,0,ххютту-ка
0,0,0,0,0,0,0,0,0,0,цІуму
0,0,0,0,0,0,0,0,0,0,лякьа
0,0,0,0,0,0,0,0,0,0,кьучІ
0,0,0,0,0,0,0,0,0,0,ччарлу
0,0,0,0,0,0,0,0,0,0,ттиликІ
0,0,0,0,0,0,0,0,0,0,гьутру
0,0,0,0,0,0,0,0,0,0,къюкІ
0,0,0,0,0,0,0,0,0,0,цІумуккутІ
0,0,0,0,0,0,0,0,0,0,къар
0,0,0,0,0,0,0,0,0,0,къвар
0,0,0,0,0,0,0,0,0,0,мазу
0,0,0,0,0,0,0,0,0,0,ккукку
0,0,0,0,0,0,0,0,0,0,хъазам
0,0,0,0,0,0,0,0,0,0,тІиму
0,0,0,0,0,0,0,0,0,0,кІисса (ччаннал)
0,0,0,0,0,0,0,0,0,0,ша
0,0,0,0,0,0,0,0,0,0,никъа
1,1,1,1,1,1,1,1,1,0,бакІччан
1,1,1,1,1,1,1,1,1,1,чІанччан
0,0,0,0,0,0,0,0,0,0,ник
1,1,1,1,1,1,1,1,1,1,ччан
0,0,0,0,0,0,0,0,0,0,михь
0,0,0,0,0,0,0,0,0,0,битІянхъ
0,0,0,0,0,0,0,0,0,0,бартка
0,0,0,0,0,0,0,0,0,0,ссюрхъ
0,0,0,0,0,0,0,0,0,0,хъаралалу
0,0,0,0,0,0,0,0,0,0,ка
0,0,0,0,0,0,0,0,0,0,хъаралу-ккуртта
0,0,0,0,0,0,0,0,0,0,къусаличча
0,0,0,0,0,0,0,0,0,0,хъачІ
0,0,0,0,0,0,0,0,0,0,кьакьари
0,0,0,0,0,0,0,0,0,0,къинтта
0,0,0,0,0,0,0,0,0,0,ссурссу
0,0,0,0,0,0,0,0,0,0,ккарччи
0,0,0,0,0,0,0,0,0,0,ххутІи
0,0,0,0,0,0,0,0,0,0,синтту
0,0,0,0,0,0,0,0,0,0,мурччи
0,0,0,0,0,0,0,0,0,0,къеппа
0,0,0,0,0,0,0,0,0,0,кьацІ
0,0,0,0,0,0,0,0,0,0,оьнцІу
0,0,0,0,0,0,0,0,0,0,кьункьуккутІ
1,1,1,0,1,1,1,1,1,1,иттархъен
0,0,0,0,0,0,0,0,0,0,иттацІани
0,0,0,0,0,0,0,0,0,0,чІав
0,0,0,0,0,0,0,0,0,0,лунттубакІ
0,0,0,0,0,0,0,0,0,0,ненттабакІ
0,0,0,0,0,0,0,0,0,0,ххинчу
1,0,1,1,1,1,1,1,1,0,лажин
0,0,0,0,0,0,0,0,0,0,ня
0,0,0,0,0,0,0,0,0,0,пулухалу
0,0,0,0,0,0,0,0,0,0,няракъатта
0,0,0,0,0,0,0,0,0,0,бархІ
0,0,0,0,0,0,0,0,0,0,магъ
0,0,0,0,0,0,0,0,0,0,хъи
0,0,0,0,0,0,0,0,0,0,линс
0,0,0,0,0,0,0,0,0,0,ттаркІ
0,0,0,0,0,0,0,0,0,0,тунну
1,1,1,1,1,1,1,1,0,1,чІачаран
0,0,0,0,0,0,0,0,0,0,чІара
0,0,0,0,0,0,0,0,0,0,чІири
0,0,0,0,0,0,0,0,0,0,кІиз
0,0,0,0,0,0,0,0,0,0,ххячара
0,0,0,0,0,0,0,0,0,0,чурх
0,0,0,0,0,0,0,0,0,0,крокодил
0,0,0,0,0,0,0,0,0,0,кьюрщала
0,0,0,0,0,0,0,0,0,0,оьрватІи
0,0,0,0,0,0,0,0,0,0,чІимучІали
0,0,0,0,0,0,0,0,0,0,чирахъшатта
0,0,0,0,0,0,0,0,0,0,шатта
0,0,0,0,0,0,0,0,0,0,кьакІи
1,1,1,1,1,0,1,1,1,1,жимин
0,0,0,0,0,0,0,0,0,0,мичІак
0,0,0,0,0,0,0,0,0,0,зимиз
0,0,0,0,0,0,0,0,0,0,хъурзилу
1,1,1,1,1,1,1,1,1,1,хъан
0,0,0,0,0,0,0,0,0,0,най
0,0,0,0,0,0,0,0,0,0,ххялцу
0,0,0,0,0,0,0,0,0,0,митІикьукьу
0,0,0,0,0,0,0,0,0,0,гъангъаратІи
0,0,0,0,0,0,0,0,0,0,экьрав
0,0,0,0,0,0,0,0,0,0,чІача
0,0,0,0,0,0,0,0,0,0,тІу
0,0,0,0,0,0,0,0,0,0,нацІ
0,0,0,0,0,0,0,0,0,0,щулгъи
0,0,0,0,0,0,0,0,0,0,варани
0,0,0,0,0,0,0,0,0,0,пил
1,1,1,1,1,1,1,0,1,0,маймун
0,0,0,0,0,0,0,0,0,0,бюрни
0,0,0,0,0,0,0,0,0,0,гьинта
0,0,0,0,0,0,0,0,0,0,цулчІа
0,0,0,0,0,0,0,0,0,0,цуша
1,1,1,1,1,1,1,1,1,1,аслан
0,0,0,0,0,0,0,0,0,0,барцІ
0,0,0,0,0,0,0,0,0,0,кит
0,0,0,0,0,0,0,0,0,0,къуртма
1,1,1,1,1,1,1,1,1,1,дельфин
0,0,0,0,0,0,0,0,0,0,акула
0,0,0,0,0,0,0,0,0,0,чавахъ
0,0,0,0,0,0,0,0,0,0,балугъ
0,0,0,0,0,0,0,0,0,0,хІава
0,0,0,0,0,0,0,0,0,0,ччиту
0,0,0,0,0,0,0,0,0,0,бюрх
0,0,0,0,0,0,0,0,0,0,хьхьи
0,0,0,0,0,0,0,0,0,0,ису
0,0,0,0,0,0,0,0,0,0,ччиккумяв
0,0,0,0,0,0,0,0,0,0,хъатІу
0,0,0,0,0,0,0,0,0,0,тутукъуш
0,0,0,0,0,0,0,0,0,0,барзу
0,0,0,0,0,0,0,0,0,0,къарчигъай
1,1,1,1,1,0,1,1,1,1,лачин
0,0,0,0,0,0,0,0,0,0,чайка
0,0,0,0,0,0,0,0,0,0,лелуххи
0,0,0,0,0,0,0,0,0,0,кюру
0,0,0,0,0,0,0,0,0,0,урдак
0,0,0,0,0,0,0,0,0,0,къаз
0,0,0,0,0,0,0,0,0,0,аьнакІи
0,0,0,0,0,0,0,0,0,0,ажари
1,1,1,1,1,1,1,1,1,1,вилцІун
0,0,0,0,0,0,0,0,0,0,ажари-аьнакІи
0,0,0,0,0,0,0,0,0,0,ттукку
0,0,0,0,0,0,0,0,0,0,тяй
0,0,0,0,0,0,0,0,0,0,ккацца
0,0,0,0,0,0,0,0,0,0,айгъур
0,0,0,0,0,0,0,0,0,0,чу
0,0,0,0,0,0,0,0,0,0,гада
0,0,0,0,0,0,0,0,0,0,кьяца
0,0,0,0,0,0,0,0,0,0,цІуку
0,0,0,0,0,0,0,0,0,0,дунгъуз
1,1,1,1,1,1,1,1,1,1,къаван
0,0,0,0,0,0,0,0,0,0,чІи
0,0,0,0,0,0,0,0,0,0,тта
0,0,0,0,0,0,0,0,0,0,ку
0,0,0,0,0,0,0,0,0,0,йатта
0,0,0,0,0,0,0,0,0,0,бярч
0,0,0,0,0,0,0,0,0,0,оьл
0,0,0,0,0,0,0,0,0,0,бугъа
0,0,0,0,0,0,0,0,0,0,ризкьи
0,0,0,0,0,0,0,0,0,0,тІуну
0,0,0,0,0,0,0,0,0,0,хІухчу
0,0,0,0,0,0,0,0,0,0,гъаттара
1,1,1,1,1,0,1,0,0,1,хІайван
0,0,0,0,0,0,0,0,0,0,кулпат
1,1,1,1,1,1,1,1,1,1,ляхъин
0,0,0,0,0,0,0,0,0,0,курчІучу
0,0,0,0,0,0,0,0,0,0,курчІущар
1,1,1,1,1,1,1,1,1,1,йатин
0,0,0,0,0,0,0,0,0,0,авлад
0,0,0,0,0,0,0,0,0,0,ссурахъу
0,0,0,0,0,0,0,0,0,0,ссурахъулссу
0,0,0,0,0,0,0,0,0,0,уссу
0,0,0,0,0,0,0,0,0,0,буттауссу
0,0,0,0,0,0,0,0,0,0,ниттиуссу
0,0,0,0,0,0,0,0,0,0,къари
0,0,0,0,0,0,0,0,0,0,къужа
0,0,0,0,0,0,0,0,0,0,кІинничалт
0,0,0,0,0,0,0,0,0,0,ссу
0,0,0,0,0,0,0,0,0,0,наслу
0,0,0,0,0,0,0,0,0,0,душ
0,0,0,0,0,0,0,0,0,0,арс
0,0,0,0,0,0,0,0,0,0,нину-ппу
0,0,0,0,0,0,0,0,0,0,нину
0,0,0,0,0,0,0,0,0,0,ппу
0,0,0,0,0,0,0,0,0,0,(магьар) личІибаву
0,0,0,0,0,0,0,0,0,0,хъатІи
0,0,0,0,0,0,0,0,0,0,ташу
0,0,0,0,0,0,0,0,0,0,щарсса
0,0,0,0,0,0,0,0,0,0,лас
0,0,0,0,0,0,0,0,0,0,оьрчІ
0,0,0,0,0,0,0,0,0,0,жагьил
0,0,0,0,0,0,0,0,0,0,адимина
1,1,1,1,1,1,1,1,0,0,инсан
0,0,0,0,0,0,0,0,0,0,тІама
0,0,0,0,0,0,0,0,0,0,кирпит
0,0,0,0,0,0,0,0,0,0,пилта
1,1,1,1,1,1,1,1,1,1,лещан
1,1,1,1,1,1,1,1,1,1,ччучлан
0,0,0,0,0,0,0,0,0,0,лах
0,0,0,0,0,0,0,0,0,0,пуркІу
0,0,0,0,0,0,0,0,0,0,лама
0,0,0,0,0,0,0,0,0,0,гьава
0,0,0,0,0,0,0,0,0,0,пюрунмикІ
0,0,0,0,0,0,0,0,0,0,марххала
0,0,0,0,0,0,0,0,0,0,гъарал
0,0,0,0,0,0,0,0,0,0,шархьттурлу
0,0,0,0,0,0,0,0,0,0,марч
0,0,0,0,0,0,0,0,0,0,ттурлу
0,0,0,0,0,0,0,0,0,0,хьхьем
0,0,0,0,0,0,0,0,0,0,ххют
1,1,1,1,1,1,1,1,1,1,цІан
0,0,0,0,0,0,0,0,0,0,чани
0,0,0,0,0,0,0,0,0,0,къув
0,0,0,0,0,0,0,0,0,0,цІупар
0,0,0,0,0,0,0,0,0,0,барз
0,0,0,0,0,0,0,0,0,0,баргъ
0,0,0,0,0,0,0,0,0,0,ссав
0,0,0,0,0,0,0,0,0,0,зарзала
0,0,0,0,0,0,0,0,0,0,вацІа
0,0,0,0,0,0,0,0,0,0,чйух
0,0,0,0,0,0,0,0,0,0,кунцІа
0,0,0,0,0,0,0,0,0,0,кІурглу
0,0,0,0,0,0,0,0,0,0,нех
0,0,0,0,0,0,0,0,0,0,щатІи
0,0,0,0,0,0,0,0,0,0,бяр
0,0,0,0,0,0,0,0,0,0,кьамус
1,1,1,1,1,1,1,1,1,1,акеан
0,0,0,0,0,0,0,0,0,0,хьама
0,0,0,0,0,0,0,0,0,0,хьхьири
1,1,1,1,1,1,1,1,1,1,щин
0,0,0,0,0,0,0,0,0,0,нух
0,0,0,0,0,0,0,0,0,0,кантинент
0,0,0,0,0,0,0,0,0,0,жазира
0,0,0,0,0,0,0,0,0,0,ар
0,0,0,0,0,0,0,0,0,0,ххяли
0,0,0,0,0,0,0,0,0,0,мурлу
0,0,0,0,0,0,0,0,0,0,кьяркьи
1,0,1,1,1,0,1,0,1,0,къун
0,0,0,0,0,0,0,0,0,0,аьрщи
0,0,0,0,0,0,0,0,0,0,кьири
0,0,0,0,0,0,0,0,0,0,билайат
0,0,0,0,0,0,0,0,0,0,дунийал
0,0,0,0,0,0,0,0,0,0,кьини
0,0,0,0,0,0,0,0,0,0,хьхьу
0,0,0,0,0,0,0,0,0,0,кІюрх
1,1,1,1,1,1,1,1,1,1,маркІачІан
0,0,0,0,0,0,0,0,0,0,ссят
0,0,0,0,0,0,0,0,0,0,нютжмар
0,0,0,0,0,0,0,0,0,0,алхІат (алхІат кьини)
0,0,0,0,0,0,0,0,0,0,итни (кьини)
0,0,0,0,0,0,0,0,0,0,тталат (кьини)
0,0,0,0,0,0,0,0,0,0,арвахІ (кьини)
0,0,0,0,0,0,0,0,0,0,хамис (кьини)
0,0,0,0,0,0,0,0,0,0,нюжмар (кьини)
1,1,0,1,1,1,1,1,1,1,ххуллун (кьини)
0,0,0,0,0,0,0,0,0,0,кІи
0,0,0,0,0,0,0,0,0,0,инт
0,0,0,0,0,0,0,0,0,0,гъи
0,0,0,0,0,0,0,0,0,0,ссут
1,1,1,1,1,1,1,1,1,1,тІин
1,1,1,1,1,1,1,1,1,1,байан
1,1,1,1,1,1,1,1,1,1,чІалан
1,1,1,1,1,1,1,1,1,1,ккаккан
1,1,1,1,1,1,1,1,1,1,буруглан
0,0,0,0,0,0,0,0,0,0,рухІ
0,0,0,0,0,0,0,0,0,0,ссихІ
0,0,0,0,0,0,0,0,0,0,тІайлабацІу
0,0,0,0,0,0,0,0,0,0,мяркьу
1,1,1,1,1,1,1,1,1,1,хъян
0,0,0,0,0,0,0,0,0,0,цІуцІаву
0,0,0,0,0,0,0,0,0,0,пашманшиву
0,0,0,0,0,0,0,0,0,0,дард
1,1,1,1,1,1,1,1,0,1,буруккин
0,0,0,0,0,0,0,0,0,0,ццахханну
0,0,0,0,0,0,0,0,0,0,цІими
0,0,0,0,0,0,0,0,0,0,хІайп
1,1,1,1,1,1,1,1,1,1,аьтІун
0,0,0,0,0,0,0,0,0,0,сси
0,0,0,0,0,0,0,0,0,0,ссибизаву
0,0,0,0,0,0,0,0,0,0,къащи
0,0,0,0,0,0,0,0,0,0,нач
0,0,0,0,0,0,0,0,0,0,хІайа
0,0,0,0,0,0,0,0,0,0,къучагъ
0,0,0,0,0,0,0,0,0,0,ццах
0,0,0,0,0,0,0,0,0,0,нигьачІаву
0,0,0,0,0,0,0,0,0,0,мурад
0,0,0,0,0,0,0,0,0,0,пикри
1,1,1,0,0,0,1,1,1,1,бувчІин
0,0,0,0,0,0,0,0,0,0,хатІа
0,0,0,0,0,0,0,0,0,0,тахсир
0,0,0,0,0,0,0,0,0,0,гъалатІ
0,0,0,0,0,0,0,0,0,0,кІулши
0,0,0,0,0,0,0,0,0,0,аькьлу
1,1,1,1,1,1,1,1,1,1,ххан
0,0,0,0,0,0,0,0,0,0,хІучча
0,0,0,0,0,0,0,0,0,0,мурад
1,1,1,1,1,1,1,1,1,1,дуклан
0,0,0,0,0,0,0,0,0,0,учитель
0,0,0,0,0,0,0,0,0,0,школа
0,0,0,0,0,0,0,0,0,0,кьаст
0,0,0,0,0,0,0,0,0,0,савав
0,0,0,0,0,0,0,0,0,0,багьана
0,0,0,0,0,0,0,0,0,0,щак
1,1,1,1,1,1,1,1,0,1,чарабакъашин
0,0,0,0,0,0,0,0,0,0,кьайда
0,0,0,0,0,0,0,0,0,0,куц
0,0,0,0,0,0,0,0,0,0,гъалгъа
0,0,0,0,0,0,0,0,0,0,ихтилат
1,1,1,1,1,1,1,1,1,1,букъасан
0,0,0,0,0,0,0,0,0,0,цІа
1,1,1,1,1,1,1,1,1,1,цІуххин
1,1,1,1,1,1,1,1,1,0,оьвтІун
1,1,1,1,1,1,1,1,1,1,чичлан
1,1,1,1,1,1,1,1,1,1,ккалан
1,1,1,1,1,1,1,1,1,1,буклан
0,0,0,0,0,0,0,0,0,0,чагъар
0,0,0,0,0,0,0,0,0,0,ручка
0,0,0,0,0,0,0,0,0,0,кьалам
0,0,0,0,0,0,0,0,0,0,лу
0,0,0,0,0,0,0,0,0,0,шаэр
0,0,0,0,0,0,0,0,0,0,дачІу
0,0,0,0,0,0,0,0,0,0,накьара
0,0,0,0,0,0,0,0,0,0,шагьру
0,0,0,0,0,0,0,0,0,0,щар
0,0,0,0,0,0,0,0,0,0,шяравалу
0,0,0,0,0,0,0,0,0,0,дазу
0,0,0,0,0,0,0,0,0,0,халкь
0,0,0,0,0,0,0,0,0,0,тайпа
0,0,0,0,0,0,0,0,0,0,тухум
0,0,0,0,0,0,0,0,0,0,бакІчи
0,0,0,0,0,0,0,0,0,0,ттархь
0,0,0,0,0,0,0,0,0,0,паччахІ
0,0,0,0,0,0,0,0,0,0,паччахІ-щар
0,0,0,0,0,0,0,0,0,0,уздансса
0,0,0,0,0,0,0,0,0,0,агъа
0,0,0,0,0,0,0,0,0,0,заллу
0,0,0,0,0,0,0,0,0,0,лагъ
0,0,0,0,0,0,0,0,0,0,йасир
0,0,0,0,0,0,0,0,0,0,къазахъ
0,0,0,0,0,0,0,0,0,0,нукар
0,0,0,0,0,0,0,0,0,0,дус
1,1,1,1,1,1,1,0,1,1,душман
0,0,0,0,0,0,0,0,0,0,чІаххучу
0,0,0,0,0,0,0,0,0,0,хъамаличу
0,0,0,0,0,0,0,0,0,0,кумаг
1,1,1,1,1,1,1,1,1,1,ахчилан
0,0,0,0,0,0,0,0,0,0,аьдат
0,0,0,0,0,0,0,0,0,0,ххаххаву
0,0,0,0,0,0,0,0,0,0,къалмакъал
1,1,1,0,1,1,1,1,1,1,хьунабакьин
0,0,0,0,0,0,0,0,0,0,къахІва-щарсса
1,1,1,1,1,1,1,1,1,1,биллан
0,0,0,0,0,0,0,0,0,0,дяъви
0,0,0,0,0,0,0,0,0,0,талатаву
0,0,0,0,0,0,0,0,0,0,дакьаву
0,0,0,0,0,0,0,0,0,0,аьрал
0,0,0,0,0,0,0,0,0,0,саллатІ
0,0,0,0,0,0,0,0,0,0,аьскар
1,1,0,1,0,1,1,1,1,0,урун
0,0,0,0,0,0,0,0,0,0,ккуртта
0,0,0,0,0,0,0,0,0,0,чІатІаракІ
0,0,0,0,0,0,0,0,0,0,къазихъ
0,0,0,0,0,0,0,0,0,0,тур
0,0,0,0,0,0,0,0,0,0,ттупанг
0,0,0,0,0,0,0,0,0,0,хІурни
0,0,0,0,0,0,0,0,0,0,хІурни-такьийа
0,0,0,0,0,0,0,0,0,0,такьийа
1,1,1,1,1,0,1,1,1,0,къалхан
0,0,0,0,0,0,0,0,0,0,къала
0,0,0,0,0,0,0,0,0,0,къапу
0,0,0,0,0,0,0,0,0,0,чІюй
0,0,0,0,0,0,0,0,0,0,ххувшаву
1,1,1,1,1,1,1,1,1,1,йабуллан
1,1,1,1,1,1,1,1,1,1,буручлан
1,1,1,1,1,0,1,1,1,0,байщун
0,0,0,0,0,0,0,0,0,0,къарал
0,0,0,0,0,0,0,0,0,0,хъинбала
0,0,0,0,0,0,0,0,0,0,чавахъчи
0,0,0,0,0,0,0,0,0,0,леска
0,0,0,0,0,0,0,0,0,0,къери
1,1,1,1,1,1,1,1,1,1,къащун
1,0,1,1,1,1,1,1,1,1,кьанун
1,1,1,1,0,1,1,1,1,0,диван
0,0,0,0,0,0,0,0,0,0,суд
0,0,0,0,0,0,0,0,0,0,ссудийа
0,0,0,0,0,0,0,0,0,0,жавабчу
0,0,0,0,0,0,0,0,0,0,бара
0,0,0,0,0,0,0,0,0,0,танмихІ
0,0,0,0,0,0,0,0,0,0,жаза
0,0,0,0,0,0,0,0,0,0,аьчІа
0,0,0,0,0,0,0,0,0,0,бугъи
0,0,0,0,0,0,0,0,0,0,дуснакь
0,0,0,0,0,0,0,0,0,0,ивчІаву
0,0,0,0,0,0,0,0,0,0,зуна
0,0,0,0,0,0,0,0,0,0,цурку
1,1,1,1,0,1,1,1,1,1,дин
0,0,0,0,0,0,0,0,0,0,Зал
0,0,0,0,0,0,0,0,0,0,Аллагь
0,0,0,0,0,0,0,0,0,0,килиса
0,0,0,0,0,0,0,0,0,0,михІрав
1,1,1,1,1,1,1,0,1,1,кьурван
0,0,0,0,0,0,0,0,0,0,кашиш
0,0,0,0,0,0,0,0,0,0,ссурувалу
1,1,1,0,1,0,1,1,0,1,алжан
0,0,0,0,0,0,0,0,0,0,дужжагь
1,1,1,0,1,1,1,1,1,1,жин
0,0,0,0,0,0,0,0,0,0,пут
0,0,0,0,0,0,0,0,0,0,буркІ
0,0,0,0,0,0,0,0,0,0,ссихІир
1,1,1,1,1,1,1,1,1,1,тІилисин
0,0,0,0,0,0,0,0,0,0,аьламат
