0,0,0,0,0,0,0,0,0,0,w-a-ʔe
1,1,1,1,1,1,1,1,1,1,y-omat
0,1,0,0,1,0,0,0,0,0,l-ḳodok
0,0,0,0,0,0,0,0,0,0,ʔ-nee-ta-riʔ
1,1,1,1,1,0,1,1,1,1,t-aa-ɲi
1,1,1,0,0,0,0,1,1,0,n-ayalo-ʁon
0,1,0,1,1,1,0,0,0,1,i-yala-tak
0,0,1,0,1,1,1,0,1,1,keʔgen-a-ʔge
0,0,0,1,1,0,0,0,0,0,ni-ɲaaʁa
0,0,0,0,0,0,0,0,0,0,n-alo-ʁowa
1,1,1,1,1,1,1,1,1,1,l-awin-ɲi
0,0,0,0,0,0,0,0,0,0,l-ahi
0,0,1,0,0,0,1,1,1,1,n-alo-ḳočin
1,0,1,1,1,1,0,0,0,1,n-okiig-aʁat
0,1,0,0,0,0,0,1,1,0,le-tan-ek
0,0,0,0,0,0,0,0,0,1,l-awak
0,0,0,0,0,0,0,0,0,0,l-alʸimḳa-ho
0,0,0,0,0,0,0,0,0,0,l-keen-aʁan-aʁat
0,0,0,0,0,0,0,0,0,0,n-aloo-ta-lek
1,0,1,1,0,1,1,1,1,0,n-okiike-ta-šigim
1,1,1,1,1,1,1,1,1,1,ʔgiɲi
1,1,1,1,1,1,1,1,1,1,rapigim
0,1,1,0,1,0,1,1,0,1,lawa-šigim
0,0,0,0,0,0,1,0,0,0,l-ḳodoi-ge
0,0,0,0,0,0,0,0,0,0,le-manaʁa
0,0,0,1,0,0,0,0,0,0,n-ateʔ
0,1,1,1,0,1,1,0,0,1,r-oto
1,1,1,1,1,1,1,1,1,1,y-oʁoh-ɲi
1,1,1,1,1,1,1,1,1,1,y-apo-gi
0,1,0,1,0,1,0,0,1,0,y-apo-lek
1,1,1,1,1,1,1,1,1,1,y-awač-igi
1,1,1,1,1,0,1,1,1,1,y-asekt-aḳč-igi
1,1,1,1,1,1,1,1,1,1,y-oyoot-ek
0,0,0,0,0,1,0,1,1,0,y-awaʁa-yaʁan-taʔ
0,1,1,1,0,0,1,0,1,1,l-apoon-ɲi
1,1,0,1,1,1,1,0,1,0,ne-kon-šigim
0,0,0,0,0,0,0,0,0,0,l-apoo-wo
1,0,1,0,1,0,0,1,0,0,l-apoon
0,0,0,0,1,0,0,0,1,0,l-iʔyoʁ-ot
0,0,0,0,0,0,0,0,0,0,w-a-ʔan-ǰi
1,1,1,1,1,1,1,1,1,1,n-ačah-ɲi
1,1,1,1,1,1,1,1,1,1,ne-nan-ɲi
0,1,1,1,1,1,1,0,1,1,n-ḳaʔʁan-ɲi
1,1,1,1,1,1,1,1,1,1,y-an
0,0,0,0,0,0,0,0,0,0,l-aʔaʔ
0,0,0,0,0,0,0,0,0,0,l-omaʔ
0,0,0,0,0,0,0,1,0,0,i-salʸ-aʁat
1,1,1,1,1,1,1,1,1,1,y-aan-ek
1,1,1,1,1,1,1,1,1,1,y-aan-owgi
0,0,0,0,0,0,0,0,0,0,l-asewete
0,0,0,0,0,0,0,0,0,0,le-meen-aʁan-aʁaki
0,0,0,1,0,0,0,0,0,0,ne-meen-ḳaʔ
0,0,0,0,1,0,0,0,0,0,ne-meen-aʁaik
1,1,1,1,1,0,1,1,1,1,i-men
1,1,0,0,1,1,0,0,1,1,ri-šiwhn-aʁan-a
1,1,1,1,1,1,1,0,0,1,n-awek
0,0,1,0,0,0,1,0,0,0,l-aweg-e
0,1,0,0,0,0,0,1,0,0,ni-šiweʔ
1,1,1,1,1,1,1,1,1,1,y-oʔweenat-aʁan-aʁan
1,1,1,1,1,1,1,1,1,1,i-šiweten
0,0,0,0,0,0,0,0,0,0,l-aʔwal-e
1,0,1,0,1,0,1,0,1,0,r-aʔwal-aʁan
0,1,0,1,0,0,1,0,1,0,y-aʔwal-aʁan-aʁan
0,0,0,0,0,0,0,1,0,0,šiila-ʁan-aʁai
0,0,0,0,0,0,0,0,0,0,[či'rola]
0,1,0,0,1,1,1,1,0,0,l-am
1,1,1,1,1,1,1,1,1,1,y-oso-wek
1,1,1,1,1,1,1,1,0,1,y-aʁan-ek
0,0,1,1,1,1,1,1,0,1,y-oʔwaat-etak
1,0,1,1,1,1,0,1,0,1,y-anat-a
0,0,0,1,0,0,1,0,0,1,i-daan-ake
0,0,0,1,1,1,0,1,0,0,n-aʔa-ʁat
0,1,0,0,0,0,0,1,1,0,n-opoʁo-yaʁah-ɲi
1,1,1,1,1,1,1,1,1,1,y-oden
1,0,0,1,0,0,0,0,0,0,y-opil-aʁat
1,1,1,1,1,1,1,1,1,1,y-aan
0,0,0,0,1,1,0,1,1,0,y-aʔmaʁat
1,1,1,1,1,1,1,1,1,1,y-ačigoʁ-ot-a-wgi
0,0,1,0,1,0,0,0,0,0,l-oʔḳoo-ta-ʔa
1,0,1,0,0,0,1,1,0,0,i-kon-a
1,1,1,1,0,1,1,1,0,1,wee-to-ʔot
1,0,0,1,0,0,1,0,0,0,ʔwe
0,0,0,1,1,1,0,1,0,0,ɲ-ig-aʁasom
0,1,0,0,0,0,1,1,0,1,i-lʸikot
0,0,0,0,0,0,0,0,0,0,li-lʸikot-aʁan-aʁat
0,0,0,0,0,0,0,0,0,0,li-lʸikot-a
0,0,0,0,0,0,0,0,0,0,l-iʔyaaki-oʁolaʔ
0,0,0,0,0,0,0,0,0,0,l-asaʁalon-a
1,1,0,0,0,1,0,0,1,1,l-ahoglen-a
1,0,1,1,1,1,0,1,1,1,ɲ-ik-ta
0,0,0,0,0,1,1,0,1,0,n-aǰik
1,1,1,1,0,0,0,1,0,1,pataḳ
1,1,0,0,1,0,0,0,0,0,n-pataḳ
0,1,0,0,0,1,0,0,1,0,re-noh-lek
0,0,0,1,0,1,0,1,0,1,y-ašaʁan-tak
1,1,1,1,1,1,1,1,1,1,y-awek
0,0,0,0,0,0,0,0,0,0,i-laʔ
0,0,0,0,0,0,0,0,0,0,ne-laʔ
1,0,0,1,1,0,1,0,0,0,n-odo
0,0,0,0,0,0,0,0,1,0,ni-šaʁaki-n-ta
1,0,1,1,1,1,0,0,1,0,n-oto-sen-ta
0,1,0,0,0,0,0,0,1,0,n-alʸak-sen-ta
1,1,1,1,1,1,1,1,1,1,y-odo
1,1,0,0,0,0,1,0,0,0,i-noʁon-o
0,1,0,0,0,0,0,1,0,0,ne-noʁon-o
1,1,1,1,1,1,1,1,1,1,n-okiig-o
1,0,0,1,1,1,1,0,1,1,y-owiʔ
0,0,0,0,0,1,1,0,0,1,n-owiʔ
1,1,1,1,1,1,1,1,1,1,y-okan-ak
1,0,0,0,0,1,0,1,1,0,y-aʔge-lek
0,0,1,1,1,0,0,0,1,1,ʔ-eet
0,0,0,1,0,0,0,0,0,1,pal
1,1,1,1,1,1,1,0,0,1,t-aa-wek
0,0,0,1,0,1,0,0,0,1,r-apil
1,1,1,1,1,1,1,1,1,1,n-anak
1,1,1,1,1,1,1,1,1,1,ki-šigim
1,0,1,1,1,0,1,1,0,1,ee-k
1,1,1,1,1,1,1,1,0,0,t-aa-šigim
1,1,1,0,1,1,0,1,1,1,ne-ʔgen-ta
0,0,0,0,0,0,0,0,0,0,čisḳa-taʔpeg-eʔ
0,0,0,1,1,0,1,0,1,1,ḳawa
1,1,1,1,1,0,1,1,0,1,r-asot
1,0,1,1,1,1,1,1,1,1,y-ačaḳ
1,1,1,1,1,1,1,1,1,1,re-not
0,0,0,0,0,0,0,0,0,0,re-sawlʸi
1,1,1,1,1,1,1,1,1,1,n-ḳaiʔgi-ɲi
0,0,0,0,0,0,0,1,0,0,n-ḳaiʔek
0,1,1,1,1,1,1,0,0,1,peʔet
1,1,0,1,1,1,1,1,1,1,yo
1,1,1,1,1,1,1,1,1,1,r-aḳah-šigim
1,1,1,1,1,1,1,1,0,1,hom-ɲi
0,1,0,1,1,1,1,1,1,1,y-oʔʁon-ta
1,1,1,1,1,1,1,1,1,1,n-ayoʁon-ta-šigim
0,1,1,1,1,0,1,1,1,1,i-ǰin-ɲi
1,1,1,1,1,1,1,1,1,1,y-očigoḳ
1,1,1,1,1,1,1,1,1,1,y-akoɲ-iʔči-git
1,1,1,1,1,0,1,1,0,1,i-naḳ
0,0,1,1,1,0,1,1,1,1,w-aa-ɲi
1,1,1,1,1,1,1,1,1,1,y-aan-šigim
0,1,0,0,0,0,1,0,1,0,ne-ʔlaḳ-šigim
1,1,1,1,1,1,1,1,1,1,i-nan
1,1,1,1,1,1,1,1,1,1,y-it-a-wek
1,0,1,1,1,1,0,0,0,1,y-aʁat-ege
0,0,1,0,0,0,0,0,0,0,pil-eʔt-ot
1,1,1,1,1,1,1,1,1,1,y-aḳalgoʁon-ɲi
0,0,1,1,1,0,0,0,1,1,re-da
1,0,1,1,1,1,1,1,1,1,i-da-ʁan
0,0,0,0,0,0,0,0,0,0,l-ḳoʔl-aʁan-aʁat
0,0,0,0,0,0,0,0,0,0,l-adenḳat-ek
1,0,1,1,1,1,1,1,0,1,i-were-tak
0,0,0,0,0,0,0,0,0,1,n-peʔt-aḳate
0,0,0,0,0,0,0,0,0,0,l-ioʁoki
0,0,0,0,0,0,0,0,0,0,l-ḳotaki
1,0,1,0,0,0,0,0,1,0,l-akan-ek
0,0,0,1,0,0,0,0,0,0,ne-paḳat-a
1,1,1,1,1,1,1,1,1,1,y-oʔʁon
0,0,0,0,0,0,0,0,0,0,l-otogoʁo-soʁon-aʁalaʔ
0,0,0,0,0,0,0,0,0,0,l-eg-aʁasete
0,0,0,0,0,0,0,0,0,0,l-otogoʁo-soʁon-aʁat
0,0,0,0,0,0,0,0,0,0,li-čaʁa-soʁon-aʁat
0,0,1,0,0,0,1,1,1,0,n-oʔla-gi
1,0,1,1,1,0,0,1,1,1,i-pi-wek
1,1,1,1,1,1,0,1,0,0,n-oʔʁon-šigim
0,0,0,0,0,0,0,0,0,0,l-oʔweenat-aʁan-aʁat
0,0,0,0,0,0,0,0,0,0,le-ʔleg-aʁan-ḳate
0,0,0,1,0,1,0,1,0,0,kiyo
0,0,0,0,0,0,0,1,0,0,i-ʔlek
1,1,0,0,0,1,0,0,0,1,y-okoʔ
0,0,0,0,0,0,0,0,0,0,ne-lam
1,0,1,0,1,1,1,0,0,1,pataḳ-a-ɲi
1,1,1,1,1,1,1,1,1,1,i-pegen
1,1,1,1,1,1,1,1,1,1,i-pegen-ek
0,0,0,0,0,0,0,0,0,0,i-šila
0,0,0,0,0,0,0,0,0,0,kola
0,0,0,1,1,0,1,0,1,1,y-asekt-aḳt-a-ʔge
1,0,1,1,1,1,0,1,0,1,r-opoḳo-gi
1,1,1,1,1,1,1,1,1,1,y-aḳagit
1,0,0,1,0,0,0,0,0,0,ḳaiʔpe
0,0,0,0,0,0,0,0,0,0,n-akilek-ḳate-ʔ
0,1,0,0,0,0,1,0,1,0,le-kat
0,0,1,1,1,1,1,1,1,1,y-aʔd-aak
1,0,0,0,0,0,0,0,1,0,y-owaʁan-lek
0,0,0,0,1,1,0,1,0,0,i-čaʁa-wek
1,0,0,0,0,0,0,0,0,1,mote
1,1,1,0,1,0,1,1,0,1,l-aɲik
1,1,0,1,0,1,1,0,0,0,[ka'rena]
1,0,0,0,0,0,0,0,0,1,koɲiʔ
1,1,1,1,1,1,1,1,1,1,r-oʔweenat-aʁan
0,0,0,1,0,0,1,0,0,0,poḳoik
1,0,1,1,1,1,1,1,1,1,['kaɲa]
1,0,0,0,0,0,0,0,1,0,loʔgilʸi
0,0,0,0,0,0,0,0,0,0,ḳaʔpaʁa
0,0,0,0,0,0,0,0,0,0,[ma'ǰoka]
1,1,1,1,1,1,1,1,0,1,[wa'tata]
1,0,1,1,1,1,1,0,0,1,čaawik
1,0,0,0,1,0,0,0,0,1,n-ate
0,0,0,0,0,0,0,0,0,0,le-so
0,0,0,0,0,0,0,0,0,0,l-asote
0,1,0,0,0,0,0,0,1,0,l-oyo
0,0,0,0,0,0,0,0,0,0,l-aseer-aʁan-aʁaki
0,1,0,0,0,1,1,1,0,1,y-aseʔ
1,1,1,1,1,0,1,1,1,0,r-aseer-aʁan
0,0,0,0,0,1,1,0,0,0,n-aseer-ek
0,0,0,0,0,0,0,0,0,0,n-oweela
0,0,0,0,0,0,1,0,0,0,ḳoʔpaḳ
0,0,0,0,0,0,0,0,0,0,le-noy-aʁai
0,0,0,0,0,0,0,0,0,0,la-we
0,0,0,0,0,0,0,0,0,0,l-paʔaʔ
1,1,1,1,1,1,1,1,1,1,y-an-ɲi
0,0,0,0,0,0,0,0,0,0,l-an-eksek
0,0,0,0,0,1,1,0,0,0,ʔwaḳa-pi
0,0,0,0,0,0,0,0,0,0,l-a
0,0,0,0,0,0,0,1,0,0,n-asoolk-al-a
0,0,0,0,0,0,0,1,0,1,l-aḳat-ek
0,0,0,0,0,0,0,0,0,0,potogola
1,0,1,0,1,0,0,1,1,1,i-čaḳ
1,1,1,1,1,1,1,1,1,1,y-owaʁan
0,0,0,0,0,0,0,0,0,0,l-pelog-oʁon-aʁat
0,0,0,0,0,0,0,0,0,0,l-aʔd-aʁan-ḳate
0,0,0,0,0,0,0,0,0,0,l-oleg-aʁan-ḳate
0,0,0,0,0,0,0,0,0,0,le-meet-aʁan-ḳate
0,1,0,0,0,0,0,0,0,0,l-iʔy-aʁan-ḳate
1,0,0,1,0,1,1,1,1,0,n-iʔya
0,1,0,0,0,0,0,1,1,0,n-aḳalgoʁo-šigim
0,0,0,0,0,0,0,0,0,0,l-apo-ʁon-aʁat
0,1,0,1,0,0,1,0,0,0,n-asawek
0,0,0,0,0,0,0,0,0,0,l-an-aʁan-ḳaʔ
0,0,0,0,0,0,0,0,0,0,losok
0,0,0,0,0,0,0,0,0,0,le-laʁa-sek
0,0,0,0,0,0,0,0,0,0,le-laḳ
0,0,0,0,0,0,0,0,0,0,n-eʔt-aʁaki
0,0,0,0,0,0,0,0,0,0,l-koyer-aʁan-aʁat
0,0,0,0,0,0,0,0,0,0,l-kiʔy-aʁalaʔ
0,0,0,0,0,0,0,0,0,0,n-ḳaʔʁan-aʁaki
0,0,0,0,0,0,0,0,0,0,le-ʔlaalek
0,0,0,1,0,0,0,0,0,0,n-aʔʁan-aʁat
0,0,0,0,0,0,0,0,0,0,l-omalaʔ
0,0,0,0,0,0,0,0,0,0,l-awi-aʁalaʔ
0,0,0,0,0,0,0,0,0,0,l-kepaʁa-set
0,0,0,0,0,0,0,0,0,0,l-koʔy-aʁalaʔ
1,0,0,0,0,0,0,0,0,0,n-ḳote
1,0,0,1,0,0,0,0,0,0,n-awat-ḳate
0,0,0,0,0,0,0,0,0,0,l-aʔg-aʁasete
0,0,0,0,0,0,0,0,0,0,l-apo-ʁoki
0,0,0,0,0,0,0,0,0,0,l-asom
0,0,0,0,0,0,0,0,0,0,le-woš-aḳaʔ
0,0,0,0,0,0,0,0,0,0,n-asoʁok
0,0,0,0,0,0,0,0,0,0,l-opeleʔ
1,1,1,1,1,0,0,0,0,1,ʔimek
0,0,0,0,0,0,0,0,0,0,nee-ta-lek
0,0,0,0,0,0,0,0,0,0,l-aʔy-oʁolate
0,0,0,0,0,0,0,0,0,0,l-kiyo-ʁon-aʁat
1,0,1,1,1,1,0,0,1,1,n-okor-aʁat
0,0,1,0,1,1,0,1,0,0,ne-peteg-aʁat
0,0,0,1,0,0,0,1,0,1,i-paʁat
0,0,0,0,0,0,0,0,0,1,ne-tak-ḳate
0,0,0,1,0,1,0,1,0,1,n-ašiwi-aḳat-aʁat
0,0,0,0,0,0,0,0,0,1,n-kolʸigeʔ
0,0,0,0,0,0,0,0,1,1,n-aʔde
0,0,0,0,0,0,0,0,0,0,li-šit-ek
0,0,0,0,0,0,0,0,0,0,l-ḳola
0,0,0,0,0,0,0,0,0,0,l-owaʁa-sek
0,0,0,0,0,0,0,0,0,0,li-čik-šaḳate
0,0,0,0,0,0,0,0,0,1,n-oʔweet-aʁat
1,0,1,0,0,0,1,0,0,0,ʔna
0,0,0,0,0,0,0,0,0,0,l-aǰaʁan-aʁaki
0,0,0,0,0,0,0,0,0,0,n-osaat-aʁaki
0,0,0,0,0,0,0,0,0,0,la-pelaʔ
0,0,0,0,0,0,0,0,0,0,ne-lamaʁaso
0,0,0,0,0,0,0,0,0,0,ne-loʁoki
0,0,0,0,0,0,0,0,0,0,ne-lamaʁaki
0,0,0,1,1,0,0,0,0,0,ne-[saako]
0,0,0,0,0,0,0,0,0,0,l-oʔlaate
0,0,0,0,0,0,0,0,0,0,la-poʔ
0,0,0,0,0,0,0,0,0,0,l-ḳoʔl-aʁan-aʁat
0,0,0,0,0,0,0,0,0,0,l-oʔʁon-aʁan-aʁat
0,1,0,0,0,0,0,0,0,0,l-aʔna
0,0,0,1,0,0,1,0,1,1,ne-wah-taʔ
0,0,0,0,0,0,0,0,0,0,l-oʔʁon-aʁan-aʁalaʔ
0,0,0,0,0,1,0,0,0,0,i-paʁah-taʔ
0,0,0,0,0,0,0,0,0,0,l-aḳaleten-aʁan-ḳate
1,1,1,1,1,1,0,1,1,1,y-aḳaleten
0,0,0,0,0,0,0,0,0,0,l-ošikmaʁa
0,0,1,0,1,0,0,0,0,0,waloḳ
0,0,0,0,0,0,0,0,0,0,le-pat-e
0,0,0,0,0,0,0,0,0,0,ne-waar-aʁan-aʁa
0,0,0,0,0,0,0,0,0,0,l-oho
0,0,0,0,0,0,0,0,0,0,l-ḳoɲo-ʁo
0,0,0,0,0,0,0,0,0,0,l-koʔweʔ
0,0,0,0,0,0,0,0,0,0,lataʁa
0,0,0,0,1,0,0,0,0,0,n-apiise
0,0,1,0,1,0,1,0,0,1,n-eʔt-aʁat
0,0,0,0,1,0,0,0,0,0,[keeso]
0,0,0,1,0,0,1,0,0,1,[kes]
0,0,0,1,0,0,1,1,0,1,['soka]
0,0,0,0,0,0,0,0,0,0,l-oʔiʔ
0,0,0,0,0,0,0,0,0,0,čim-aʁar-ai
0,0,0,1,1,0,1,0,0,0,ʔwe
0,0,0,0,0,0,0,0,0,0,le-ʔwegaʁa
0,0,0,0,0,0,0,0,0,0,l-oʔyo
0,0,0,0,0,0,0,0,0,0,laʁale
1,0,0,0,0,0,0,0,0,1,l-aʔat
0,0,0,0,0,0,0,0,0,0,l-awio
0,0,0,0,0,0,0,0,0,0,l-opoʁo-iḳataʁan-aʁaki
1,1,1,1,1,1,1,1,1,1,y-aʔǰ-igi
1,1,1,1,1,0,1,1,1,1,[ʔa'riɲa]
1,0,0,0,0,1,0,1,1,0,y-aḳawlač-it
0,0,0,0,0,0,0,0,0,0,l-aḳawlat-a
1,1,1,1,1,1,1,1,1,1,[pan]
0,0,0,0,0,0,0,0,0,0,n-oleg-elek
1,1,1,1,1,1,1,1,1,1,y-apiis-en
0,0,0,0,0,0,0,0,0,0,y-osela
0,0,0,0,0,0,0,0,0,0,l-kiʔ-yaʁak
0,0,0,0,0,0,0,0,0,0,le-kon-aʁan-aʁat
1,0,1,1,1,1,1,1,0,1,re-kon-ek
1,1,1,1,1,1,1,0,1,1,n-apeget
1,1,0,0,0,0,0,0,0,0,n-aʔweena
1,1,0,0,1,0,0,0,1,1,n-[a'pawa]
0,0,0,1,0,0,0,0,0,1,ḳatel
0,0,0,0,0,0,0,0,0,0,l-ḳatel-aʁan-aʁaki
1,1,0,0,1,1,1,0,1,0,n-iʔyam
1,1,1,1,1,1,1,1,1,1,y-anaḳ
0,1,0,0,0,0,0,0,1,0,y-atapla
1,1,1,1,1,1,1,1,1,1,y-aḳan
1,1,1,1,1,1,1,1,1,1,i-wag-igi
1,1,1,1,1,1,1,1,1,1,n-ḳoʔgoʁo-git
0,0,0,0,0,0,0,0,0,0,l-ḳopaa-ʁa
1,1,1,1,0,1,0,0,0,1,ḳopat
1,0,1,1,1,1,1,1,0,1,ne-ʔet
1,1,1,0,0,0,1,0,1,1,n-aʔik
0,0,0,0,0,0,0,0,0,0,keʔe
1,1,0,1,0,1,1,0,0,1,y-aʔik
0,0,0,0,0,0,0,0,0,0,n-koʔmat-aʁak
0,0,0,0,0,0,0,0,0,0,le-law-aʁat
0,0,0,0,0,0,0,0,0,0,l-ataʔ
1,1,0,0,1,1,0,0,1,1,n-atar-en-ataʁan-aḳ
1,1,1,1,1,1,1,1,1,1,n-atar-en
0,0,0,0,0,0,0,0,0,0,l-koɲir-aʁa
0,0,1,0,0,0,0,0,0,0,l-iʔi
0,0,0,0,0,0,0,0,0,0,le-ʔneete
0,0,0,0,0,0,0,0,0,0,le-ʔpaloʁo
1,0,0,0,1,1,0,0,0,0,re-šiki
0,0,0,0,0,0,0,0,0,0,l-aʔwaač-aḳaʔ
0,0,0,0,0,0,0,1,0,0,kotelḳata
0,0,0,0,0,0,0,0,0,0,l-keʔm-aʁa
0,1,1,1,1,1,1,1,0,1,r-asahmata
0,0,0,1,0,0,0,0,1,0,n-paʔee-wek
0,0,0,0,0,1,1,0,0,1,ni-šin-ḳaʔ
1,1,1,1,1,1,1,1,1,1,i-šin-ɲi
0,0,0,0,0,0,0,0,0,0,lew-aʁaik
0,1,0,0,1,1,0,1,1,0,y-alawat
0,0,1,1,1,1,1,1,1,1,hom-ak
0,0,0,0,0,0,0,0,0,0,lew-aʁaik
0,0,0,0,0,0,0,0,0,0,n-kaʔl-ewek
1,0,1,1,1,0,1,1,1,1,ʔman
1,1,1,1,1,1,1,1,1,1,ne-ʔḳaa-ɲi
1,0,1,1,1,1,1,1,1,1,koʔo-n
1,1,1,0,0,0,0,1,0,1,n-ačil
0,0,0,0,0,0,0,0,0,0,i-ʔloʁol
1,0,1,1,1,0,1,1,1,1,(a)wok
1,1,1,1,1,1,1,1,1,1,n-ḳoʔʁon
1,1,1,1,1,1,1,1,1,1,r-iɲ-ek
1,0,0,0,0,0,0,0,0,0,ne-lo-wek
0,0,0,0,1,1,1,0,0,1,re-ʔgemata
0,0,0,0,0,0,0,0,0,1,∅-ḳoḳoo
0,0,0,0,0,0,0,0,0,0,∅-laḳ
1,1,1,0,1,1,1,1,1,1,ni-ɲit-eta-ɲi
0,0,0,0,0,0,0,0,0,0,kolʸi
1,1,1,1,1,1,1,1,1,1,y-aʔk-aa-ɲi
0,0,0,1,0,0,0,0,0,0,ne-sal
1,1,1,1,1,1,1,1,0,1,n-atoḳ
0,0,0,0,1,1,0,1,1,1,ne-noḳo-wek
1,1,1,1,1,1,1,1,1,1,r-aḳašin
1,0,1,1,1,1,1,1,0,1,r-sahmata
1,0,1,0,0,1,1,1,0,1,r-atoo
0,0,0,0,1,0,0,0,0,0,l-akat
0,0,0,0,0,0,0,0,0,0,n-koʔweʔ
0,0,0,0,0,0,0,0,0,0,l-ola
0,0,0,0,0,0,0,0,0,0,l-koʔo-ʁoki
0,0,1,0,0,1,0,0,1,1,li-yege
0,0,0,0,1,0,0,0,0,0,l-asot
0,0,0,0,0,0,0,0,0,0,la-wele-seʔ
1,1,1,1,0,1,1,1,0,1,r-akom
1,0,0,0,1,0,0,0,1,0,re-paḳ
0,0,1,0,0,0,0,0,0,0,le-te-gese
0,0,0,0,0,0,0,0,0,0,l-olamek
0,0,0,0,0,0,1,0,0,0,l-ači
0,0,0,0,0,0,0,0,0,0,le-ʔtaʁanata
0,0,0,0,0,0,1,0,1,0,le-dam
0,0,0,0,0,0,0,0,0,0,l-oʔweete
0,0,0,0,1,0,0,0,0,0,l-otoge
0,0,1,0,0,0,0,1,0,0,l-awa
0,0,0,0,0,0,0,0,0,0,l-apiaʁanata
0,0,0,0,0,0,0,0,0,0,l-aʔyaaʁa
0,0,0,0,0,0,1,1,1,0,l-ataw
0,0,0,0,0,0,0,0,0,0,l-apiaʔ
0,0,0,0,0,0,0,0,0,0,le-ʔkoota
0,0,0,0,0,0,0,0,0,0,lʸ-aʔte
0,0,0,0,0,0,0,0,0,0,l-oteletaʔ
0,0,0,0,0,0,0,0,0,0,li-či
1,1,1,0,1,0,1,0,1,1,le-nat
0,0,0,0,0,0,0,0,0,0,l-palaaḳate
0,0,0,0,0,0,0,0,0,0,l-ḳaiʔlaʁat
0,0,0,0,1,0,0,0,0,0,l-ḳoʔge
0,0,0,0,0,0,0,0,0,0,li-šaaḳatčiki
0,0,0,0,0,0,0,0,0,0,l-apalatetaʔ
0,0,0,0,0,0,0,0,0,0,l-alʸaak
0,0,0,0,0,0,0,0,0,0,l-oḳosote
0,0,0,0,0,0,0,0,0,0,l-anaʁaʔ
0,0,1,1,1,0,0,0,1,1,l-ḳosot
0,0,0,0,0,0,0,0,0,0,l-owe
0,0,0,0,0,0,0,0,0,0,l-oʔleg-aʁan-aʁat
1,1,0,1,1,1,0,1,0,1,ni-ɲip
0,0,0,0,0,0,0,0,0,0,l-apiʔ
0,0,0,0,0,0,0,0,0,0,l-ap
1,0,0,0,0,1,0,0,0,0,n-kopi
0,0,0,0,0,0,0,0,1,0,li-mik
0,0,0,0,0,0,0,0,0,0,l-keʔla
1,0,1,0,1,0,0,0,1,1,r-ade
0,0,0,0,0,0,0,0,0,0,n-ḳopaʔ
0,0,0,0,0,0,0,0,0,0,l-ašilge
0,0,0,0,0,0,0,0,0,0,la-ḳaʔ
0,0,0,0,0,0,0,0,0,0,l-atap
0,0,0,0,0,0,0,0,0,0,l-asook
0,0,0,0,0,0,0,0,0,0,l-ašik
0,0,0,0,0,0,0,0,0,0,l-apioʔʁo
1,0,0,1,0,0,0,0,1,0,l-ḳahik
0,0,0,0,0,0,0,0,0,0,l-apalatetari
0,1,0,0,1,0,0,0,0,0,l-ḳaiʔit
1,1,0,1,1,1,1,1,0,0,ne-meenek
0,0,0,0,0,0,0,0,0,0,l-piʔnek
0,0,0,0,0,0,0,0,0,0,l-ewoʔ
0,0,0,1,0,0,1,0,0,0,n-awe
0,0,0,0,0,0,0,0,0,0,l-aḳare-we
1,0,0,1,0,1,0,0,0,0,redaʁak
1,0,1,1,1,0,1,1,1,1,naanok
0,0,0,0,0,0,0,0,0,0,le-kolaʁa-raik
0,0,0,0,0,0,0,0,0,0,piǰi-loʁo-loʁo
1,0,1,1,1,0,1,1,0,1,piɲai
1,0,1,0,1,1,1,1,1,0,nan-aik
1,1,1,1,1,1,1,1,1,1,ʔyat
0,0,0,0,0,0,0,0,0,0,čitole
1,0,1,0,0,0,0,1,0,0,lataʁaɲi
0,0,0,0,0,0,0,0,0,0,palačiregaʁa
1,1,1,0,1,1,1,1,1,1,činaḳ
0,0,0,0,0,0,0,0,0,0,paʔlotoʁoik
0,0,0,0,0,0,0,0,1,0,l-atoʁonata
0,0,0,0,0,0,0,0,0,0,l-apa-ʁat
0,0,0,0,0,0,0,0,0,0,l-adoko-l-owe
0,0,0,0,0,1,0,1,1,0,ḳošiikiaʁawa
0,0,0,0,0,0,0,0,0,0,reʔʁoneʔ
0,0,0,0,0,0,0,0,0,0,nowaʁayaʁa
1,1,1,1,1,0,1,1,1,1,ʔam
0,0,0,0,0,0,0,0,0,0,lelaʁase
1,1,1,1,1,0,1,1,1,1,nalʸin
0,0,0,0,0,0,0,0,0,0,ʔalolek
1,0,0,0,0,1,0,0,0,0,regaat-olek
0,0,0,0,0,0,0,0,0,1,koʔtokoʔ
0,0,0,0,0,0,0,0,0,0,ʔeeleʔ
0,0,0,0,1,0,0,0,0,0,n-aʔg-aʁan-aʁa
1,1,1,1,1,1,1,1,1,1,rateksan
1,0,1,1,1,1,1,1,1,0,ayo
0,0,0,0,0,0,1,0,0,1,ḳoʔo
0,1,0,0,0,0,0,0,0,0,l-pageʔ
0,0,0,0,0,0,0,0,0,0,waḳaʔe
0,0,0,0,0,0,0,0,0,0,keʔla-ik
0,0,0,0,0,0,0,0,0,0,keʔla-i
1,1,1,1,1,1,1,1,1,1,[ʔašin]
1,0,1,1,0,1,1,1,0,1,šipgaḳ
0,0,1,1,1,0,1,1,0,1,ketaḳ
1,0,0,0,1,0,1,0,0,1,kos
1,1,1,1,1,1,1,0,1,1,ḳagreta
0,0,0,0,0,0,0,0,0,0,ɲiiʔ-l-ola
1,0,1,1,0,0,0,1,0,1,[tooro]
0,0,0,0,0,0,0,0,0,0,[waka]-lʸipi
0,0,0,0,0,0,0,0,0,0,la-lo
0,0,1,1,0,1,1,1,1,1,isekyak
0,1,0,0,0,0,0,0,0,0,l-ḳaya-rinkipi
0,1,0,1,1,1,1,0,1,1,paʔyek
0,1,1,0,0,0,0,0,0,0,paʔye
0,0,0,0,0,0,0,0,0,0,naʔpeloḳ
0,0,0,0,0,0,0,0,0,0,naʔpeloʁoʔo
0,0,0,0,0,0,0,0,0,0,lʸ-aḳt-aʁai
0,0,0,0,0,0,0,0,0,0,le-taʔa-lʸipi
0,1,0,0,1,0,0,0,1,0,l-ḳaya
0,0,0,0,0,0,0,0,0,0,le-teese
0,0,0,0,0,0,0,0,0,0,le-teesek
0,0,0,0,0,0,0,0,0,0,l-asooro
0,0,0,0,0,0,0,0,0,0,ne-teesḳoʔ
0,0,0,1,0,0,0,0,0,1,l-awal
0,0,0,0,0,0,0,0,0,0,ḳoʔʁo-i
0,1,0,0,0,0,0,0,0,0,l-komeena
0,0,0,0,0,0,0,0,0,0,ḳoʔʁo-ik
0,0,0,0,0,1,0,0,0,0,waaǰaʔ
0,0,0,0,0,0,0,0,0,0,l-anoʔo
0,0,0,0,0,0,0,0,0,0,l-opilete
1,0,1,0,0,0,0,0,0,1,l-anoḳ
0,0,0,0,0,0,1,0,0,0,l-opiiči
0,0,0,0,0,0,0,0,0,0,lʸ-aal-ḳaipi
0,0,0,0,0,0,0,0,0,0,lʸ-aale
0,0,0,0,0,0,0,0,0,0,lʸ-aale-k
0,0,0,0,0,0,0,0,1,0,le-taʔa-l
0,0,0,0,0,0,0,0,0,0,l-ateʔe
0,0,1,0,1,0,0,0,0,0,le-taʔa
0,0,0,0,0,0,0,0,0,0,l-oʔn-aʁak
1,0,1,1,1,0,1,1,1,1,ʔon
0,0,0,0,0,0,0,0,0,0,l-owa
0,0,0,0,0,0,0,0,0,1,nokt-okiʔ
0,0,1,1,1,1,0,0,0,0,neketegaʁai
0,0,0,0,0,0,0,0,0,0,nokt-oʔlʸiʔ
0,1,1,1,1,1,1,1,1,1,neʔnek
0,0,0,0,0,0,0,0,0,0,ʔaalo
0,0,0,0,0,0,0,0,0,0,yale
0,0,0,0,0,0,0,0,0,0,poḳo
0,0,0,0,0,0,0,0,0,0,n-owook-a-lek
1,1,1,1,1,1,1,1,1,1,y-oʔmat
0,0,0,0,1,1,1,1,0,1,n-awig-aʁat-ek
1,1,1,1,1,1,1,1,1,1,y-awik
1,1,0,1,1,1,1,1,1,1,y-awig-aʁat
0,0,0,0,0,0,0,0,0,0,lo
0,0,0,0,0,0,0,0,0,0,ne-salaʁaʔ
1,1,0,1,1,1,0,0,1,1,norek
0,1,1,1,0,1,1,0,1,1,loɲi
0,0,1,1,1,1,1,1,0,1,yaʁat
0,1,0,0,0,1,0,1,0,0,neweʔ
1,1,1,1,1,1,1,1,1,1,nonot
0,0,0,0,0,1,0,0,0,0,n-awege-lek
0,1,0,1,0,1,0,0,1,0,ʔyaʔ
0,0,0,1,0,0,0,1,0,0,n-aʔal
0,0,0,0,0,0,0,0,0,0,n-apal-aʁa
1,0,0,0,0,1,0,0,1,1,reʔoḳ-oh-lek
1,1,1,1,1,1,1,1,1,1,ḳoɲiʔge
0,0,0,0,0,0,0,0,0,0,n-alat-aʁa
0,0,0,0,0,0,0,0,1,0,n-ḳaiʔleg-aʁa
1,1,1,1,1,1,1,1,1,1,waḳahɲi
1,0,1,1,1,1,1,1,1,1,širaigo
1,0,1,0,1,1,1,0,0,0,raʔaasa
1,0,1,1,1,1,1,1,1,1,pigim
0,0,1,0,1,1,1,0,0,1,ʔooči
1,0,1,0,1,1,1,1,1,0,ḳaiʔim
0,0,0,0,1,0,1,0,1,1,lačiwge
0,0,0,0,0,0,0,0,0,0,loʔpaʁa
1,1,1,1,1,0,1,0,0,1,latogot
0,0,0,0,0,0,0,0,0,0,waaʁai
0,0,0,1,1,1,0,1,0,1,roʔi
0,1,1,1,1,0,0,0,0,0,waʁayaḳ
1,0,0,0,0,0,0,0,0,0,delek
1,0,0,0,1,0,1,0,1,0,n-kaʔme-ge
0,0,0,1,0,0,0,0,0,0,noʔweenaʁa
1,0,1,1,1,1,1,1,0,1,tokot
0,0,0,0,0,0,0,0,1,0,n-šaaʁa
0,0,0,0,0,0,0,0,0,0,l-oʔwaʁan-aʁa
0,0,0,0,0,0,0,0,0,0,n-amoʁo-yaʁa
0,0,0,0,0,0,0,0,0,0,ʔlawa
0,0,0,0,0,0,0,0,0,0,naʔʁaʔa
1,0,1,1,1,0,1,0,0,0,pe
1,1,1,1,1,1,1,1,1,1,ri-či-giɲi
0,0,0,0,0,0,0,0,0,0,neteʔe
1,1,1,1,1,1,1,1,1,1,wit ~ awit ~ lawit
1,1,1,0,0,1,0,1,0,0,lawit
0,0,1,0,1,1,1,0,1,1,['ʔora]
0,0,0,0,1,0,0,0,0,0,ɲaaʁa
0,0,0,0,0,0,0,0,0,0,n-oʔoom-aʁa
0,0,0,0,1,0,0,0,0,0,nosaʁa
1,0,0,0,1,1,0,0,0,1,kotap
1,0,1,1,1,1,1,1,1,1,re-ta-ʁan
0,0,0,0,1,0,0,0,1,0,re-ta-ʁan-egeriʔ
1,1,1,1,1,1,0,1,0,1,i-ta
0,0,1,0,1,0,0,0,0,0,ʔḳaa
0,1,0,0,0,0,1,1,1,0,n-aʔʁa-yaʁan
0,0,0,0,0,0,0,0,0,0,le-lam-aʁa
1,1,1,1,1,1,1,1,1,1,n-awan-či-giɲi
0,1,1,1,1,1,0,1,0,1,i-daan-a-ʔa
1,1,1,0,1,1,1,1,0,1,y-amat-o-ʔot
1,1,1,1,1,1,1,1,1,1,y-ačaʁan
1,1,1,1,1,0,1,1,0,1,n-ačaʁan
0,0,0,0,0,0,0,1,0,0,ḳašilek
1,0,1,1,1,1,0,1,1,1,i-poot-a-w-ʔa
1,1,0,0,0,0,0,0,1,1,r-onapla-ɲi
1,1,1,1,1,1,1,1,1,1,n-awat-a-ʔgit
0,0,0,0,0,0,0,0,0,0,l-aʔal
0,0,0,0,0,0,0,0,0,0,r-ayalegere
0,0,0,1,1,0,1,1,1,1,pit
0,0,0,0,0,0,0,0,0,0,re-walaʁawe
1,0,1,0,0,1,1,0,0,0,ri-šiki
1,0,0,1,1,1,1,0,1,1,y-awot-ege
1,1,1,0,1,1,1,1,1,0,i-ʔʁoren
1,1,1,1,1,1,1,1,0,1,n-ḳoʔgoḳ
0,0,0,0,0,0,0,0,0,0,ḳaʔaal-ege
1,0,1,1,1,1,1,1,1,1,i-wet
1,0,1,1,0,0,1,0,1,0,n-kiʔik
1,0,0,0,1,0,1,0,1,1,r-ačiko-ta
1,0,1,1,1,1,1,1,1,1,ne-togot
1,0,0,0,0,0,1,0,0,1,ne-takoča
1,1,1,1,1,1,1,1,1,1,i-ʔʁoren
1,1,1,1,1,1,1,1,1,1,n-oyen
0,0,0,0,0,0,0,0,0,0,l-ačiʔ
1,1,1,1,1,0,1,1,0,1,čoot
0,0,0,1,1,0,1,0,0,1,n-okii-ʔa
1,0,1,0,0,0,1,0,1,1,r-oʔo
1,1,1,1,1,1,1,1,1,1,paʔgen
0,0,0,0,0,0,0,0,0,0,n-poko-ʁo
0,0,0,0,0,0,0,0,0,0,l-aǰilo-ʁo
1,0,0,0,1,0,1,0,0,1,n-oʔči
0,0,0,0,0,0,0,0,0,0,li-č-ik
1,0,0,0,0,0,1,0,1,0,y-aho-ta-ke
0,0,0,1,0,1,0,0,0,0,ni-šii-ta-ke
0,0,1,1,1,1,1,0,0,0,n-kaʔa
0,0,0,1,0,1,0,0,1,1,n-akit-eta-ke
1,1,1,1,1,1,1,1,1,1,n-aʔmahan
0,0,0,0,0,0,0,0,0,0,l-aǰin-aʁan-aʁak
1,0,0,1,1,0,0,0,0,0,n-ḳowak-a-ʔge
0,0,0,0,0,0,0,0,0,0,l-asaw-aʁaset
1,0,0,0,0,1,1,0,0,1,y-oʔmee-tak
1,0,1,1,1,1,0,1,1,0,k-aapeg-em
0,0,0,0,0,0,0,0,0,0,le-maḳahn-ataʁan-aʁa
1,0,1,1,1,1,1,1,1,1,r-aʔdeen-ataʁan
0,0,0,1,1,0,0,1,0,0,i-peet-eta-ʔa
0,0,0,0,0,0,0,0,0,0,we-lek
1,1,1,1,1,1,1,1,1,1,y-aʔǰiin-či-gi
1,1,1,1,1,1,1,1,1,1,y-aʔden
1,0,1,1,1,0,0,0,1,0,i-peet-a-ʔa
0,1,1,1,0,1,1,1,1,0,y-adenaʁat
1,1,1,0,1,0,0,1,0,1,ʔek
0,0,0,0,0,0,0,0,0,0,l-aʔdeen-ataʁan-aʁak
1,1,1,0,1,1,1,0,1,0,n-apaʁagin
1,1,1,1,1,1,1,1,1,1,y-apaʁagin
1,1,1,0,0,0,0,0,1,0,l-apaʁagin-atek
1,0,0,1,0,0,0,0,1,1,n-apaʁagin-ataʁan-aḳ
0,0,0,0,0,0,0,0,0,0,l-apaʁagin-ataʁan-aʁaki
0,0,1,1,1,1,1,0,1,1,n-oʔwen-ge
0,0,0,1,0,0,0,0,0,0,kowa-ʔe
1,0,0,0,0,1,0,0,1,0,y-aʔlaʁat-e
0,0,0,0,0,1,1,1,1,0,y-aʔʁat-eta
0,0,0,0,0,1,0,0,1,0,n-aʔdeen-aʁak
1,1,1,1,1,1,1,1,1,1,nḳai-ʔ-en
1,1,1,1,0,1,1,1,1,1,y-oḳolʸigit
1,1,0,1,1,1,0,0,0,0,y-aan-o
1,1,1,1,1,1,1,1,1,1,y-owen
0,1,1,1,1,0,1,0,0,1,n-aʔɲ-aʁat
1,0,1,1,1,1,1,1,0,1,ne-wogoḳ
0,0,0,0,0,0,0,0,0,0,n-oʔweenat-aʁak
0,0,0,0,0,0,0,0,0,0,la-wil-šaʁak
1,1,1,1,1,1,1,1,1,1,y-oʔwen
1,0,0,0,1,1,0,1,1,0,y-awalaḳ
1,1,1,0,1,1,1,1,1,1,r-oʔyoʁon
1,0,1,1,0,1,0,0,1,0,r-akiki
0,0,0,0,0,0,0,0,1,0,r-osoʔo
1,1,1,0,1,1,1,1,1,1,r-aʔḳaat-aʁan
0,1,1,1,1,1,1,0,1,1,y-aʔʁat
1,1,1,1,1,1,1,1,1,1,r-aʔḳaat-aʁan
0,0,0,0,0,0,0,0,0,1,i-ʔmaḳa-ta
0,0,0,0,0,0,0,0,0,0,l-aʔḳaat-ek
0,0,0,0,0,0,0,0,0,0,l-eenaʁat
1,1,1,1,1,1,1,1,1,1,i-nat
1,1,1,1,1,1,0,0,0,1,saat
1,0,0,1,0,1,0,1,1,1,n-oḳolʸigit
0,0,0,0,0,1,0,0,1,0,y-ašiila
1,0,0,1,1,1,0,1,0,1,y-ačaʁan-tak
1,1,1,1,1,1,1,1,1,1,y-oʔda-ʔgit
0,0,0,0,0,0,0,0,0,0,ne-laʁ-a
1,0,0,1,0,1,0,1,0,1,r-oyaʁan-a
0,0,1,1,1,1,1,1,1,1,y-an-ege
0,0,0,0,0,1,0,0,0,0,y-aʔʁat-a-lek
1,0,0,0,1,0,0,0,1,0,y-aden-ta-lek
1,1,1,1,1,1,1,1,1,1,ne-maḳahan
1,1,1,0,1,1,1,1,1,1,y-ir-iɲi
1,1,1,1,1,1,1,1,1,1,d-er-aʁan
1,0,0,0,0,0,0,1,0,0,re-taḳa-lek
0,0,0,0,1,0,0,1,0,0,[papel]
0,0,0,0,0,0,0,0,0,0,l-er-aʁan-aʁat
0,0,0,0,0,0,0,0,0,0,ne-lere
0,0,0,0,0,0,0,0,0,0,l-peʔt-e
0,1,0,0,0,0,0,0,0,0,l-owaʁan-a
0,0,0,0,0,0,0,0,0,0,l-asakin-ata
0,0,0,0,0,0,0,0,0,0,na-ʔlawa
0,0,0,0,0,1,0,0,0,0,ne-ʔʁa-yoḳsoḳoʔ
0,0,0,0,0,0,1,0,0,0,n-aʔaʔ
0,0,0,0,0,0,0,0,1,0,ḳom-ǰipi
1,1,0,1,0,1,0,1,0,0,niʔik
0,0,0,0,0,0,0,0,0,0,la-woʔ
0,0,0,0,0,0,0,0,0,0,l-aši
0,0,0,0,0,0,0,0,0,0,l-aʔg-aʁalaʔ
0,0,0,0,0,0,0,0,0,0,l-ašil-ete
1,1,1,1,1,1,1,1,1,1,y-oiken-tak
0,0,0,0,0,0,1,0,0,0,n-aʔkoʔ
0,0,0,0,0,0,0,0,0,0,l-aʔak
0,0,0,0,0,0,0,0,0,0,l-aʔa
0,0,0,0,0,0,0,0,0,0,le-laat-ek
1,1,1,1,1,1,1,1,1,1,y-asen
0,0,0,0,0,0,0,0,0,0,l-iya
0,0,0,1,1,1,1,0,0,0,n-aweg-aʁawa
0,0,0,0,1,0,0,0,1,0,n-paʔgen-aʁawa
0,0,0,0,0,0,0,0,0,0,l-aʔaaǰ-aʁawa
0,0,0,1,1,0,1,0,0,0,n-aʔpiič-aḳ
0,0,0,0,0,0,0,0,0,0,n-aʔpiič-oʁo
0,0,0,0,0,0,0,0,0,0,l-aʔpiič-aʁalaʔ
1,1,1,1,1,1,1,1,1,1,y-otawan
1,1,1,1,0,1,0,0,1,1,y-anaʁat
0,0,0,0,0,0,0,0,0,0,n-koʔwa-ʁak
1,1,1,1,1,1,1,1,1,1,n-aten-a-ʔgit
0,1,1,1,1,1,1,1,1,1,n-owaʁan
0,0,1,0,0,0,0,0,0,1,lawat-aḳ
0,0,0,0,0,0,0,0,0,0,le-wag-aʁa
0,0,0,0,0,0,0,0,1,0,n-alʸi-ripi
0,0,0,0,0,0,0,0,0,0,l-oʔgoʁon-aʁat
1,1,1,1,1,1,1,1,1,1,ne-pon
0,0,0,0,0,0,0,0,0,0,l-oʔʁošik
1,0,0,0,0,0,1,0,0,0,l-owik
0,0,0,0,0,0,0,0,0,0,l-aki
0,0,0,0,0,0,0,0,0,0,l-oʔgoʁon-ḳate
0,0,0,0,0,0,0,0,0,0,l-kepaḳat-aʁan-ḳate
0,0,0,0,0,0,0,0,0,0,le-ʔgen-ḳaʔ
0,0,0,0,0,0,0,0,0,0,l-aʔahn-aʁan-aʁalate
0,0,0,0,0,0,0,0,0,0,l-aweg-aʁan-aʁak
0,0,0,0,0,0,0,0,0,0,l-oʁon-aʁan-aʁak
1,0,1,1,1,0,0,1,0,1,i-to
0,0,0,0,0,1,0,0,1,0,i-ʔgen-ta-lek
0,0,0,0,0,1,0,0,1,1,i-weh-lek
0,0,1,1,0,1,0,0,0,1,∅-ḳoši
1,1,1,1,1,0,1,1,1,1,n-aɲan
1,0,0,0,0,0,1,0,0,0,l-oʁon-ek
1,0,0,1,0,1,0,1,0,0,n-owaat-aʁan-aḳ
0,0,0,0,0,0,0,0,0,0,l-owoot-aʁan-aʁat
1,1,1,1,1,1,1,1,1,1,n-awaan-ta-ʔgit
1,1,0,1,0,1,1,1,0,1,n-oḳoin-aʁan-aḳ
0,0,0,0,0,0,0,0,0,0,l-oḳoin-aʁan-aʁat
0,0,0,0,0,0,0,0,0,1,l-aleg-ek
0,0,0,0,0,0,0,0,0,0,l-oḳoin-a
0,0,0,0,0,0,0,0,0,0,l-aʔaḳ
1,1,1,0,1,1,1,0,1,0,re-par-aʁan
1,1,1,1,1,1,1,1,1,1,y-ayin
1,1,1,1,1,1,1,1,1,1,y-it
1,1,1,1,1,1,1,1,1,1,y-oḳoin
0,0,0,0,0,0,0,0,0,0,le-laat-aʁan-aʁak
0,0,1,1,1,0,0,1,1,0,k-aapeg-em
0,0,0,0,0,0,0,0,0,0,l-owaʁan-aʁan-aʁak
0,0,0,0,0,0,0,0,0,0,l-koɲiit-aʁan-aʁaki
0,0,0,0,0,0,0,0,0,0,l-alawat-aʁan-aʁak
0,0,0,0,0,0,0,0,0,0,l-okogaʁan-ataʁak
0,0,0,0,1,1,0,0,0,1,r-okači
0,0,0,0,1,0,0,0,0,0,kwat-aʁai
1,0,1,1,1,0,1,1,0,1,ḳo-taʔa
0,0,0,0,0,0,0,0,0,0,l-oʔween-aʁan-aʁaki
0,0,0,0,0,0,0,0,0,0,l-kopat-oʁon-aʁalate
1,0,1,1,1,1,1,1,1,1,r-oʔween-aʁan
1,0,1,1,1,1,1,1,1,1,n-ḳowag-aʁain
1,0,1,1,1,1,1,1,1,1,i-šiwen
1,0,1,1,1,1,1,1,1,1,i-ʔen
1,0,0,0,1,0,0,1,0,0,n-ḳopaa-ḳačit
0,0,0,0,0,0,0,0,0,0,l-oiken-ataʁan-aʁak
1,0,0,1,1,1,0,1,0,0,n-kiʔi
0,0,0,0,0,0,0,0,1,0,le-do
