0,0,0,0,0,0,0,0,0,0,-wɔʔm-eš
0,0,1,1,1,1,0,1,1,0,-ɔx
1,1,0,1,0,0,1,0,0,0,-wakɬit
0,0,0,1,0,0,0,0,0,0,yɔx-ʔe
0,0,0,0,0,0,0,0,0,0,-aya-čˀe
1,1,1,1,1,1,1,1,1,1,-ɔyin
1,1,1,1,1,0,0,0,0,0,tɔʔɬeš-šam
1,1,1,1,1,1,1,1,1,1,-ɬuyan
0,0,0,0,0,0,0,0,0,0,-faniš-eš
0,0,0,0,1,1,0,1,0,0,-faklit
0,0,0,1,1,0,1,0,0,0,-ayakčit
0,0,1,1,1,1,0,0,0,0,-yinkɔʔp-eš
1,0,0,0,0,0,0,0,0,0,apɬuʔ
0,0,0,0,0,0,0,0,0,0,kˀapɬuʔ
0,0,0,0,0,0,0,0,0,0,napu-kˀe
1,1,1,1,1,1,1,1,1,1,pačam
0,0,0,0,0,0,0,0,0,0,ɬ-kači-wat
1,1,1,1,0,1,1,1,1,0,tˀ-iya
1,1,1,1,1,0,1,1,1,1,-c̷xuʔɬ
1,1,1,1,1,1,1,1,1,1,-čen
1,1,1,1,1,0,1,1,1,1,-(wat)-woxat-ʔin
1,1,1,1,1,1,1,1,1,1,kamam
0,0,0,0,0,0,0,0,0,0,tin-waʔš
0,0,0,0,0,0,0,0,0,0,tin-xɔkeʔ
0,0,0,0,0,0,0,0,0,0,faɬeč
0,0,0,0,0,0,0,0,0,0,čama-ši
0,0,1,0,1,1,1,1,1,1,čama
0,0,0,0,0,0,0,0,0,0,waničawaš-čˀe
0,0,0,0,0,0,0,0,0,0,ɬako
0,0,0,0,0,0,0,0,0,0,tˀafkatˀo
1,1,1,1,1,1,0,0,1,1,-nawan
0,0,0,0,0,0,0,0,0,0,-wɔʔx
1,1,1,1,1,1,1,1,1,1,tay-čišam
1,1,1,1,1,0,1,1,0,0,fiʔyat
0,0,1,0,1,0,0,1,1,0,fčenax
0,0,0,0,0,0,0,0,0,0,nuʔut-čˀe
0,0,0,0,0,0,0,0,0,0,ɬumʔakfinuk
0,0,0,0,0,0,0,0,0,0,-kači-wat
0,0,0,0,0,0,0,0,0,0,ɬa-wɔʔx
0,0,0,0,0,0,0,0,0,0,-tako
0,0,1,0,0,0,0,0,0,0,ɬ-sipis
0,0,0,0,0,0,0,0,0,0,-fiʔc̷
1,0,0,0,0,0,1,0,0,0,-pˀoʔ
1,0,0,0,0,0,0,0,0,0,kˀuixat-ey
0,0,0,0,0,0,1,0,0,0,-wuʔy
1,0,1,1,0,0,0,0,1,1,pˀoʔ-apee
0,0,1,1,0,1,0,1,0,1,-nkˀaʔt
0,0,1,1,0,1,0,1,0,0,-nu-kˀoya
0,0,1,0,0,0,0,0,1,1,-kˀas
1,1,1,1,1,1,1,1,1,1,-kɔc̷ɔn
0,0,0,0,0,0,0,0,0,0,-ayxat-xop
0,0,0,1,1,0,0,0,0,0,wenčat
0,0,0,0,0,0,0,0,0,0,-ayxat-wane
0,0,0,1,0,1,1,0,1,1,-aklapxu
0,0,1,0,0,0,0,0,0,0,-ntˀɔʔ
0,0,0,1,0,1,1,0,0,0,-tayxat-waʔne
0,0,0,0,0,0,0,0,0,0,-ɬ-čˀaɬuk
0,0,0,0,0,0,0,0,0,0,ɬ-čˀɔɬaxat
0,1,1,0,0,1,1,1,0,1,-manɬa
0,0,0,0,0,0,0,0,0,0,-wac̷ewat
0,0,0,0,0,0,0,0,0,0,-wate
1,1,1,1,1,1,1,1,0,1,xoʔ-xaʔne
1,0,1,1,0,0,0,0,1,1,-ɔʔw-xaʔne
1,1,1,1,1,0,1,1,1,1,-an
0,0,0,0,0,0,0,0,0,0,-kˀo-wat
1,1,1,1,1,0,1,1,1,1,-kaklekl-iyan
0,0,0,0,0,0,0,0,0,0,-kac̷ɔn-xat
0,0,0,0,0,0,0,0,0,0,-šaʔ
0,0,0,0,0,0,0,0,0,0,ka-ša-wat
0,0,0,0,0,0,0,0,0,0,watkašaʔwat
0,0,0,0,0,0,0,0,0,0,ka-ša-nax
0,0,0,0,0,0,0,0,0,0,-t-ka-šaʔyeš
0,0,0,1,0,0,0,0,0,0,-t-ka-šaʔya
1,1,1,1,1,1,1,1,1,1,-c̷ˀɔt-xan
0,0,0,0,0,1,0,0,0,0,-šaʔ-xat
0,0,1,1,1,0,0,1,1,0,-c̷ˀɔʔt
1,1,1,1,1,1,1,0,1,1,tˀaxɔʔx-xam
1,1,1,1,1,1,1,1,1,1,-ša-yan
0,0,0,0,0,0,0,0,0,0,-piʔɔ
0,1,1,1,1,0,0,1,1,0,-t-piʔɔ-y
1,1,1,1,1,1,1,1,1,1,-aʔɬ
0,0,1,0,0,0,1,0,0,0,-tis-kˀoya
0,0,0,0,0,0,0,0,0,0,-aɬ-xanax
0,0,0,0,0,0,0,0,0,0,tinšanxa
0,0,0,0,0,0,0,0,0,0,[peso]
0,0,0,0,0,0,0,0,0,0,-nate
1,1,1,1,1,1,1,1,1,1,-wɔʔm
1,1,1,1,1,1,1,1,1,1,-wan
1,1,1,1,1,0,1,1,1,1,nfom
0,0,0,0,1,1,0,0,0,0,-woʔy
1,1,1,1,1,0,1,1,1,1,-teši-yan
1,1,1,1,1,1,1,1,1,1,-kɔkti-yan
0,0,0,1,0,0,0,0,0,0,-wɔmxat
1,1,1,1,1,1,1,1,1,1,-sklan
0,1,1,0,0,1,1,1,0,0,-ačax
0,1,1,0,1,1,0,1,1,0,-xut
0,0,0,0,0,0,0,0,0,0,-tis
0,0,0,0,0,0,0,0,0,0,-matas
1,1,1,1,1,0,1,1,0,1,-uyit
0,0,0,0,0,0,0,0,0,0,-kaɔwxɔt
0,0,1,0,0,0,0,0,0,0,-am-apeʔ
0,0,0,0,0,0,0,0,0,0,-tˀakum-kˀoya
0,0,1,1,0,0,1,0,0,1,-nčaʔx-šaʔne
1,1,1,1,1,1,1,1,1,1,-amat
0,0,0,0,0,0,0,0,0,0,-c̷ɔtˀax
0,0,0,1,0,0,0,0,0,1,koc̷xaat
0,0,0,0,0,0,0,0,0,0,kakčˀaxanxače
0,0,0,0,0,0,0,0,0,0,-kčaʔ
0,0,0,0,0,0,0,0,0,0,-ka-kča-xan-xat
0,0,0,0,0,0,0,0,0,0,-watɔxatši
0,0,0,0,0,0,0,0,0,0,yikc̷uʔk
0,0,0,0,0,0,0,0,0,0,-ɔxatši
0,0,0,0,0,0,0,0,0,0,-wowo
0,0,0,0,0,0,0,0,0,0,tononotax
0,0,0,1,0,1,1,0,0,0,pˀoʔ-apeʔ
0,0,0,0,0,0,0,0,0,0,nɔyiš
0,0,0,0,0,0,0,1,0,0,-tˀuʔ
1,1,1,1,1,1,1,1,1,1,-toxon
0,0,0,0,0,0,0,0,0,0,ɬawoʔeš
0,0,0,1,0,0,0,0,0,0,-ɔʔyči
0,0,0,0,0,0,0,0,0,0,-n-čaʔx
0,0,0,0,0,1,0,0,0,0,-čaʔx
0,0,0,0,0,0,0,0,0,0,-čaʔx-kˀe-ɬ-šateč
0,0,0,0,0,0,0,0,0,0,-tiɬɔʔx
0,0,0,0,1,0,0,0,0,0,-čaʔx-kˀe-pɔkɔt
0,1,1,0,1,0,1,1,0,1,-ui
0,0,0,0,0,0,0,0,0,0,-nač
1,1,1,1,1,1,1,1,1,1,-nam
0,0,0,0,0,0,0,0,0,0,ɔfiis
1,1,1,1,1,0,1,1,1,1,-am-ey
0,0,0,0,0,0,0,0,0,1,-woʔ-kˀe-kˀoya
0,0,0,0,1,0,0,1,0,1,-xoʔ-kˀe-kˀoya
0,0,0,0,0,0,0,0,0,0,-woʔ-kˀe
0,0,0,1,0,0,0,0,0,0,-xoʔ-kˀe
1,1,1,1,1,1,1,1,0,1,-klɔt
1,1,1,1,1,0,1,1,1,1,-tay
0,0,0,0,0,0,0,0,0,0,-ɔk
0,0,0,0,0,0,0,0,0,0,-tpek
0,0,0,0,0,1,0,0,0,0,-pek
0,0,0,0,0,1,0,0,0,0,-ɔk-fačeʔ
1,1,1,1,1,1,1,1,1,1,-wɔʔɬ
1,0,0,1,0,0,1,1,0,0,-wɔʔɬ-kˀoya
1,1,1,0,1,0,0,1,1,1,-ɔk-kitšam
0,0,1,0,0,0,0,0,0,0,-kumaʔx
1,1,1,1,1,0,1,1,1,1,-fanaʔn-ši-yan
1,1,1,0,1,0,1,1,1,1,-sayak-ši-yan
0,0,0,0,0,0,0,0,0,0,-wakleč
0,0,0,1,0,1,0,0,0,0,-tˀɔs
0,1,1,0,1,0,1,0,1,0,-tklɔʔy
0,1,1,0,1,1,1,1,0,0,-eklet
0,0,1,0,0,0,0,1,0,0,-čˀaʔyaš
1,1,1,1,0,0,1,1,1,0,-klac̷ˀus-xan
0,1,0,1,1,1,0,0,0,1,-nuʔ-xane
1,1,1,0,0,1,1,1,1,0,-akxac̷uy-šičam
0,0,0,0,0,0,0,0,0,0,tˀafkɔs
1,0,0,1,1,1,1,1,1,1,fuyu
1,0,0,0,0,0,0,0,0,0,-fɔʔyɔ
0,0,0,0,0,1,0,0,0,0,-ɔc̷i-apee
1,1,1,1,1,1,1,1,1,1,-uy
1,1,1,1,1,0,1,1,1,1,-nuʔ-xam
0,0,0,1,0,1,1,1,0,0,-ɔʔk-apeʔ
0,0,0,1,0,0,1,1,1,0,yič-ʔapee
1,0,1,1,1,1,1,1,1,1,yit-šičam
0,0,1,1,0,1,0,1,0,0,-nảkxut
0,0,0,0,0,0,0,0,0,0,tkum-kˀe
0,0,1,0,0,1,0,0,1,0,-uʔ
1,1,1,1,1,1,1,1,1,0,-at
0,0,1,1,0,1,0,0,1,1,nkɔʔt-šaʔne
1,1,0,0,0,0,1,1,0,0,xanxat-čišam
1,0,1,0,0,0,1,1,1,0,pɔyxat-čišam
1,1,1,1,1,1,0,1,1,1,-wɔʔɬ-čišam
1,1,1,1,1,1,1,1,1,1,-tiʔɬ
0,0,0,0,0,0,0,0,0,0,-nuʔkaklax
0,0,0,0,0,0,0,0,0,0,-ničˀaklax
1,1,1,1,1,1,1,1,0,1,-nɔt
1,1,1,1,1,1,1,1,1,1,-nat
0,0,0,0,0,0,0,0,0,0,-nɔtif
0,0,0,0,0,0,0,0,0,0,-ɔ̉txat
1,1,1,1,1,1,1,1,1,1,-klɔpxaɬ
0,0,0,0,0,0,1,1,0,0,-načax
0,0,1,0,1,1,0,0,0,0,-čˀiyapop
0,0,0,0,0,0,0,0,0,0,-nkɔčˀaklax
0,0,0,0,0,0,0,0,0,0,-kˀui-xat
0,0,1,0,0,1,0,0,0,0,-n-in-xat
1,1,1,1,1,1,1,1,1,1,-k-af-iyan
1,1,1,0,1,0,1,1,1,1,-k-af
0,1,0,1,1,0,0,1,0,1,-sčaʔt
0,0,0,0,0,0,0,0,0,0,klisaʔ
0,0,0,0,0,0,0,0,0,0,wopowo
1,0,1,0,1,1,1,1,1,1,siseniɬ
1,0,1,1,1,1,1,1,0,1,-tˀiy
1,1,1,1,1,0,1,1,0,1,klesaniɬ
0,0,0,0,0,0,0,0,0,0,klesaniɬc̷ˀayɔʔxi
0,0,0,0,0,0,0,0,0,0,-c̷ˀan-ač
0,0,0,0,0,0,0,0,0,0,-c̷ewtey-čˀe
1,1,1,1,1,1,1,1,1,1,-kamam-iyan
1,1,1,0,1,0,0,0,0,1,-paxo-nat
0,0,0,0,0,0,0,0,0,1,-txuʔ
0,0,0,0,0,0,0,0,0,0,-snateš
0,0,0,0,0,0,0,0,0,0,-faniš ~ -faneš
0,0,0,0,0,0,0,0,0,0,-kum-xawo
0,0,0,0,0,0,0,0,0,0,-fkˀɔklaʔs-xate
0,0,0,0,0,0,0,0,0,0,-kleʔš
0,0,0,0,0,0,0,0,0,0,-fkˀɔklaʔs
0,0,0,0,0,0,0,0,0,0,-ɔc̷i
1,0,1,0,1,0,0,1,0,0,-kɔʔtˀat
0,0,0,1,0,1,1,1,0,0,-ikxut
0,0,0,0,0,0,0,0,0,0,-nukˀaklax
0,0,0,0,0,0,0,0,0,0,-c̷ak
1,1,1,1,1,0,1,1,1,1,-čˀan
0,0,0,0,0,0,1,0,0,0,-nc̷oʔx
1,1,1,1,1,1,1,1,1,1,-pite-yan
0,0,0,0,0,1,0,0,0,0,-eklɔs
0,0,0,0,0,0,0,0,0,0,-ɔxeʔč
1,1,1,1,1,0,1,1,0,0,-namat
0,0,0,0,0,0,0,0,0,0,-kˀas-at
0,1,1,1,1,0,0,0,1,0,-pɔkx-et
0,0,0,0,0,0,0,0,0,0,-namač
0,0,0,0,0,0,0,0,0,0,namčatax
0,0,0,0,0,0,0,0,0,0,-klesa
0,0,1,1,0,0,0,0,0,0,-c̷efex
0,0,0,0,0,0,0,0,1,1,-faʔš
0,0,0,0,0,0,0,0,0,0,-seʔx
0,0,0,0,0,0,0,0,0,0,-kˀumax
1,1,1,1,1,1,1,1,1,1,tfašxan
0,0,0,0,0,0,0,0,0,0,-tˀowos
0,0,0,0,0,0,0,0,0,0,-tɔxɔx
0,0,0,0,0,0,0,0,0,0,ɬ-xuʔ
0,0,0,0,0,0,0,0,0,0,lawxuʔ
0,0,0,0,0,0,0,0,0,0,-niyɔk
0,0,0,0,0,0,0,0,0,0,-wankˀ-ɔkfa-xat
0,0,0,0,1,0,0,0,0,1,-nuku
1,0,0,0,0,0,0,0,0,0,-ɔkfaʔ
0,0,0,0,0,0,0,0,0,0,-nekes
1,0,0,1,1,1,0,0,0,1,-ačax-waʔne
1,1,1,1,1,0,1,1,1,1,-kum
0,0,0,0,0,0,0,0,0,0,-kumxat
0,0,0,0,0,0,0,0,0,0,kumxayaš
0,0,0,0,0,0,0,0,0,0,šta-tax
0,0,0,0,0,0,0,0,0,0,fin-če
0,0,0,0,0,0,0,0,0,0,sise-yuk
0,0,0,0,0,0,0,0,0,0,kˀasus
1,1,1,1,1,0,1,1,1,1,noyan
0,0,0,0,0,0,0,0,0,0,ɬawimxa-yuk
0,0,0,0,0,0,0,0,0,0,nowok
0,0,0,0,0,0,0,0,0,0,nuksič
0,0,0,1,0,1,0,0,0,0,pexaya
0,0,0,0,0,0,0,0,0,0,asakc̷etas
0,0,0,0,0,0,0,0,0,0,fc̷uʔk
1,1,1,1,1,1,1,0,1,1,-iiy
0,0,0,0,0,0,0,0,0,0,-ɔxeče
0,0,0,0,0,0,0,0,0,0,-xpɔyči-te
0,0,0,0,0,0,0,0,0,0,taičiši
0,0,0,0,0,1,0,0,0,0,-tac̷uk
0,0,0,0,0,0,0,0,0,0,tac̷unxa
0,0,0,0,0,0,0,0,0,0,tɔc̷inxa
0,0,0,0,0,0,0,0,0,0,-finkɔ-xi
0,0,0,0,0,0,0,0,0,0,-ɬɔn-ši
1,1,1,1,1,1,1,1,1,1,wankaɬɔn
0,0,0,0,0,0,0,0,0,0,finɔk
0,0,0,0,0,0,0,0,0,0,ɔtxayeta-yuk
0,0,0,0,0,0,0,0,0,0,aʔkxuta-yuk
0,0,0,0,0,0,0,0,0,0,aʔkxi-yuk
0,0,0,0,0,0,0,0,0,0,ɬ-ɔwo
0,0,0,0,0,0,0,0,0,0,ɬ-saʔš
0,0,0,0,0,0,0,0,0,0,ɬ-ɔse
0,0,0,1,0,0,0,0,0,0,-tˀoyča
0,0,0,0,0,0,0,0,0,0,tɔɬeʔx
0,0,0,0,0,0,0,0,0,0,ɬ-fetas
1,1,1,1,1,1,1,1,1,1,-kɔxiyan
0,0,0,0,0,0,0,0,0,0,kɔxiyan-ač
0,0,0,0,0,0,0,0,0,0,watkɔs
0,0,0,0,0,0,0,0,0,0,tˀaklɔʔk
0,0,0,0,0,0,0,0,0,0,itxatax
0,0,0,0,0,0,0,0,0,0,niklɔʔc̷ič
1,1,0,0,0,0,0,0,0,0,klimši-ɬkaklɔy
0,0,0,0,0,0,0,0,0,0,ɬ-tɔsex
0,0,0,0,0,0,0,0,0,0,-kawkaɬ-eč
0,0,0,1,1,0,0,1,0,1,-čexe
0,0,0,0,0,0,0,0,0,0,-n-tɔsx-iɬa-xaʔwat
0,0,0,0,0,0,0,0,0,0,-npɔta-xaʔwat
0,0,0,0,0,0,0,0,0,0,-n-tɔsx-iɬa
0,0,0,0,0,0,0,0,0,0,-pɔta
0,0,0,1,1,0,0,0,1,0,-neʔkfat
0,0,0,0,0,0,0,0,0,0,-tɔsex
0,0,0,0,0,0,0,0,0,0,katɔsxey
0,0,0,0,0,0,0,0,0,0,-c̷ˀamtax
0,0,0,0,0,0,0,0,0,0,-tayčiši
0,0,0,0,0,0,0,0,0,0,tc̷ewtečˀe
0,0,0,0,0,0,0,0,0,0,-xokitax
0,0,0,0,0,0,0,0,0,0,-tiʔš
0,0,0,0,0,0,0,0,0,0,ašklɔfeč
1,1,1,0,1,1,1,1,1,1,tkɔxiyanxan
1,1,1,1,1,0,1,1,1,1,tklɔc̷xan
0,0,0,0,0,0,0,0,0,0,kɔxiyanxaʔwat
0,0,0,0,0,0,0,0,0,0,wat-kɔkˀɔʔwat
1,1,1,1,1,0,1,1,1,1,ayisxan
0,0,0,0,0,0,0,0,0,0,koc̷xaʔt
0,0,0,0,0,0,0,0,0,0,kooc̷xat-is
0,0,0,0,0,0,0,0,0,0,waničawaš
1,0,1,1,1,1,1,1,1,1,tˀ-oy
0,0,0,0,0,0,0,0,0,0,-xiyas-eč
0,0,0,0,0,0,0,0,0,0,-xpekl-ewat
0,0,0,0,0,0,0,0,0,0,-ɔtɔx
0,0,0,0,0,0,0,0,0,0,-wanka-kleš-xatši
0,0,0,0,0,0,0,0,0,0,itɔ-tax
0,0,0,0,0,0,0,0,0,0,-tc̷akkun-xate
0,0,0,0,0,0,0,0,0,0,-tc̷akkun-xawat
0,0,0,0,0,0,0,0,0,0,-ɔw-xawat
1,0,1,1,1,0,1,1,1,1,-feitɔya-niɬ
0,0,0,0,0,0,0,0,0,0,usčˀe
0,0,0,0,0,0,0,0,0,0,-ɔʔsi-wat
0,0,0,0,0,0,0,0,0,0,-wat-mɔʔ-xawat
0,0,0,0,0,0,0,0,0,0,-wata-wɔʔt
0,0,0,0,0,0,0,0,0,0,-feɬeč
0,0,0,0,0,0,0,0,0,0,yukuwesi
0,0,0,0,0,0,0,0,0,0,-itɔ-wat
1,1,1,1,1,0,1,1,1,1,uteniɬ
0,0,0,0,0,0,0,0,0,0,wat-owaɬ-xaʔwat
0,0,0,0,0,0,0,0,0,0,[yawe]
0,0,0,0,0,0,0,0,0,0,-kˀuyxate
0,0,0,0,0,0,0,0,0,0,-aši-woke
0,0,0,0,0,0,0,0,0,0,-kˀɔʔwat
0,0,0,0,0,0,0,0,0,0,-k-aši
0,0,0,0,0,0,0,0,0,0,tataʔwat
0,0,0,0,0,0,0,0,0,0,klɔyɔy-eʔ
0,0,0,0,0,0,0,0,0,0,tšˀnuwo
0,0,1,0,0,0,0,0,0,0,-xpekleʔwat
0,0,0,0,0,0,0,0,0,0,-kɔxiyan-xawat
0,0,0,0,0,0,0,0,0,0,xpɔyič
0,0,0,0,0,0,0,0,0,0,-xoʔ-xawat
0,0,0,0,0,0,0,0,0,0,wataxpekleʔwat
0,0,0,0,0,0,0,0,0,0,-c̷itenax-neʔ
0,0,0,0,0,0,0,0,0,0,-n-owaɬ-xatši
0,1,1,1,1,0,1,1,1,1,[fawon]
0,0,0,0,0,0,0,0,0,0,-pˀaklan-xawo
0,0,0,0,0,0,0,0,0,0,pɔsevo
0,0,0,0,0,0,0,0,0,0,-tanklaɬ-xate
0,0,0,0,0,0,0,0,0,0,-wɔmkɔxat
0,0,0,0,0,0,0,0,0,0,-nxatɔ-wo
0,0,0,0,0,0,0,0,0,0,-ka-nis-kɔte
0,0,0,0,0,0,0,0,0,0,-šatče-wo
0,0,0,0,0,0,0,0,0,0,-niwakle-wo
0,0,0,0,0,0,0,0,0,0,-c̷ačiklɔ
0,0,0,0,0,0,0,0,0,0,-štɔke
0,0,0,0,0,0,0,0,0,0,-kɔyši-nuk
1,0,1,1,1,1,1,1,1,1,-kliʔm-iniɬ
0,0,0,0,0,0,0,0,0,0,-pɔʔklɔ
0,0,0,0,0,0,0,0,0,0,-pasče-ši
0,0,0,0,0,0,0,0,0,0,-klɔy-xawo
1,1,1,1,1,1,1,1,0,1,nuišam
0,0,0,0,0,0,0,0,0,0,-kapo-xoke
1,1,1,0,1,0,1,1,1,0,-nukfat
0,0,0,1,1,1,0,0,0,0,-tinɔx
0,1,1,1,1,1,1,1,0,0,-kfiʔy
0,1,0,0,0,0,0,1,0,0,-xof
0,0,0,0,0,0,0,0,0,0,-ɔs-xatši
0,0,0,0,0,0,0,0,0,0,-kaklɔy-če
0,0,0,0,0,0,0,0,0,0,watˀ-uyxatši
0,0,0,0,0,0,0,0,0,0,-kˀui-yu-woke
0,0,0,0,0,0,0,0,0,0,-ui-xatši
1,1,1,1,1,1,1,1,1,1,-uʔ-xam
0,0,0,0,0,0,0,0,0,0,-kˀui-yu-wo
0,0,0,0,0,0,0,0,0,0,-ɬiʔč
0,0,0,0,0,0,0,0,0,0,-wanka-aštiɬ-xat
1,1,1,1,1,0,1,1,1,1,kˀutxaʔn
0,0,0,0,0,0,0,0,0,0,kˀiʔtxɔxanxat
0,0,0,0,0,0,0,0,0,0,wankačetxɔyxat
1,1,1,1,1,1,1,1,0,1,-aštiɬ
1,1,1,1,1,1,1,1,1,1,c̷epxaɬ
0,0,0,0,0,0,0,0,0,0,-wanka-tiʔy-xat
1,1,1,1,1,0,1,1,0,1,-tiʔy
0,0,0,0,0,0,0,0,0,0,-k-ɔftiɬ-in-xate
1,1,1,1,1,1,1,1,1,1,-ɔftiɬ
0,0,0,0,0,0,0,0,0,0,wɔkxɔkli
0,0,0,0,0,0,0,0,0,0,-saʔš
0,0,0,0,0,0,0,0,0,0,watˀuixatšiyis
0,1,1,0,1,0,0,0,0,0,ɬ-šaykˀu
0,0,0,0,0,0,0,0,0,0,kumxɔ
1,1,1,1,1,1,1,1,1,1,-asxaʔn
0,0,0,0,0,0,0,0,0,0,šinwonɔk
0,1,1,1,1,1,1,1,1,0,-ɔʔt
0,0,0,0,0,0,0,0,0,0,[wɔkɔ]-ɬc̷ˀoʔs
0,0,1,0,0,0,0,0,0,0,-n-c̷ˀoc̷-iɬa
0,0,0,0,0,0,0,0,0,0,čˀiši
0,0,0,0,1,0,0,0,0,0,-c̷ˀoʔs
0,0,0,0,0,0,0,0,0,0,akɔyeč
0,0,0,0,0,0,0,0,0,0,šinwoʔ
0,0,0,0,0,0,0,0,0,0,tˀuxaʔ
0,0,0,0,0,0,0,0,0,0,oyinče-tax
0,0,0,0,0,0,0,1,0,0,oyinče
0,0,0,0,0,0,0,0,0,0,naʔpku-tax
0,0,0,0,0,0,0,0,0,0,ɬa-peʔ-nɔk
0,0,0,0,0,0,0,0,0,0,ɬ-ɔtxei
1,0,1,1,1,1,1,0,0,0,ɬa-peʔ
0,0,0,0,0,0,0,0,0,0,ɔtxaye-tax
0,0,0,0,0,0,0,0,0,0,awayekla
0,0,0,0,0,0,0,0,0,0,oseykla
0,0,0,1,1,0,1,1,1,1,-aʔ
0,0,0,0,0,0,0,0,0,0,kekleyče
0,0,0,0,0,0,0,0,0,0,naway-ex
1,1,1,1,1,0,1,1,1,1,-kˀasxan
0,0,0,0,1,0,1,1,0,1,-xumkˀet
0,0,0,0,0,0,0,0,0,0,-ɬka-kaklɔʔ
1,1,1,1,1,1,1,1,1,1,-amko-yan
0,0,0,1,0,0,1,0,1,0,-kfˀaš
0,0,0,0,0,0,0,0,0,0,ɬa-mɔʔk
0,0,0,0,0,0,0,0,0,0,-ipxɔ
0,0,0,0,0,0,0,0,0,0,yukuwe
0,0,0,0,0,0,0,0,0,0,-nɔxɔs
0,0,0,0,0,0,0,0,0,0,tˀeʔš
1,0,1,1,0,0,0,0,0,0,-tɔsčat
0,1,0,0,0,0,1,1,0,1,-nxeče-ɬa
0,0,0,0,0,0,0,0,0,0,-ataš
0,0,0,0,0,0,0,0,0,0,wat-c̷akkunxayaš
0,0,0,0,0,0,0,0,0,0,ttsewteyče
0,0,0,0,0,0,0,0,0,0,-kaʔt-ši
0,0,0,0,0,0,0,0,0,0,-yɔʔ-xatši
0,0,0,0,0,0,0,0,0,0,-tˀiʔ-yɔʔ-xatši
0,0,0,0,0,0,0,0,0,0,titeč
0,0,0,0,0,0,0,0,0,0,-nɔxke
0,0,0,0,0,0,0,0,0,0,-yakut-ši
0,0,0,0,0,0,0,0,0,0,-tc̷akkun-xatši
0,0,0,0,0,0,0,0,0,0,-kaklɔɬaʔwat
0,1,0,0,0,0,0,0,0,0,-tɔʔɬɔs
0,0,1,0,1,1,1,0,1,0,-t-kaklɔʔy
0,0,0,0,0,0,0,0,0,0,-ta-yukuwe-y
0,0,0,0,0,0,0,0,0,0,-wat-yukuwe-ši
0,0,0,0,0,0,0,0,0,0,-naway-yan-ši
1,1,1,0,1,1,1,1,0,0,-tatay
1,1,1,1,1,0,1,1,1,1,kxon
0,0,0,0,1,1,1,0,1,0,ɔc̷ˀɔklu
1,1,1,1,1,1,1,1,1,1,-tim
0,1,0,1,0,0,0,0,0,0,-xuʔx-xane
1,1,1,1,1,0,1,1,1,1,-tɔn
0,0,0,0,0,0,0,0,0,0,-fin-čˀe
1,1,1,1,1,0,1,1,1,1,-fin-šam
1,0,0,1,0,1,0,1,1,1,-winxayu
0,0,0,0,0,0,0,0,0,0,-yipkuʔ
0,0,0,1,0,0,0,0,0,0,-yɔʔ
0,0,0,0,0,1,0,0,0,0,-ɔk
1,1,1,1,1,0,1,1,1,1,wuun
0,0,0,1,0,0,0,0,0,1,-tux
1,1,1,1,1,0,0,1,1,1,-tc̷akkun
0,0,0,0,0,0,0,0,0,0,-yɔʔ-xi
0,0,1,0,0,1,1,1,0,0,-tˀičay
0,0,0,1,0,1,0,0,1,0,yikawɔm
0,0,0,0,0,0,0,0,0,0,-wat-ka-fetas
0,0,1,0,0,0,0,0,0,0,-tɔyeʔx
1,1,1,1,1,1,1,1,1,1,-feitac̷iyan
0,0,0,1,0,0,1,0,0,0,-wac̷xankat
1,0,1,1,1,1,0,0,1,1,-wac̷xan
0,0,0,0,0,0,0,0,0,0,-pačewxoke
0,0,1,1,1,1,0,1,0,0,-woʔmat
0,0,0,0,0,0,1,0,0,0,-ekkɔʔ
0,0,0,0,0,0,0,0,0,0,naway-ši
0,0,0,0,0,0,0,0,0,0,wooyši
0,0,0,0,0,1,0,0,0,0,-xoc̷eč
0,0,0,0,0,0,0,0,0,0,-sɔʔ
1,1,1,1,1,1,1,1,1,1,ɔfc̷exʔin
0,0,1,0,0,0,1,0,0,0,-ukaʔx
0,0,0,0,1,0,0,0,0,0,-ta-nxatɔy
0,0,1,0,0,0,0,1,0,0,watfaʔmaʔt
0,0,0,0,0,0,1,0,0,0,-klɔxut
0,0,0,0,0,0,0,0,0,0,-niwaɬeč
0,0,0,0,1,0,0,0,0,0,-fos
0,0,1,0,0,1,0,0,0,0,-tiʔš-kˀoya
1,1,1,1,1,0,1,1,1,1,-klɔn
0,0,0,0,0,0,0,0,0,0,-yaɬpˀo
0,0,0,0,0,0,0,0,0,0,-waf
0,0,1,0,1,0,0,1,1,0,-nɔx
1,1,1,1,1,0,1,1,1,1,-manɬa-ʔin
0,0,0,0,0,0,0,0,0,0,waklan-em-ši
0,0,0,0,0,0,0,0,0,0,-ka-watˀax
0,0,0,0,0,0,0,0,0,0,nwatˀax
1,1,1,1,1,0,1,1,1,1,-waklan
0,0,0,0,1,0,0,1,0,0,tumxat
1,1,1,1,1,1,1,1,1,1,-nay
1,1,1,1,1,0,1,1,1,1,-c̷ˀaʔnaʔnan-ʔin
1,1,1,1,1,1,1,1,1,1,-kaktin
1,1,1,1,1,0,1,1,1,1,-ɬɔʔm
0,0,0,0,0,0,0,0,0,0,samuk
1,1,1,1,1,1,1,1,1,1,-uɬ
1,0,1,0,1,1,0,0,1,0,-fuut
1,1,1,1,1,1,1,1,1,1,-ftuɬ
0,0,0,0,0,0,0,0,0,0,-nxatˀoʔ
1,1,1,1,1,0,1,1,1,1,-nxuxɔm
1,0,0,0,0,1,1,1,0,0,-nxɔkat
0,1,0,0,0,0,0,0,0,0,-mɔʔ
0,0,0,0,0,0,0,0,0,0,-kˀɔsxat
1,0,1,0,1,1,1,1,1,1,-napˀu
1,1,1,1,1,1,1,1,1,1,-fin
0,0,0,0,0,0,0,0,0,0,-xuʔx
1,0,1,1,0,0,0,0,0,1,-tˀakue-šaʔne
0,0,0,1,0,1,0,1,0,1,-tˀačˀiy
1,1,1,1,1,0,1,1,1,1,-wkuxun
1,1,1,1,1,1,1,1,1,1,-sašin
0,1,1,1,1,0,1,1,0,1,-takˀi-tim
1,1,1,1,1,0,1,1,1,1,-tˀatˀo-ʔin
1,1,1,1,1,1,1,1,1,1,-yaɬ
1,0,1,0,0,0,0,0,0,1,-ta-yaɬ-i
0,0,0,0,0,0,0,0,0,0,-soʔ
0,0,0,0,0,0,0,0,0,0,-kɔnši
0,0,0,0,0,0,0,0,0,0,-feɬčeyiš
0,0,0,0,0,0,0,0,0,0,-čˀitoʔ
0,0,0,0,0,0,0,0,0,0,-ako
1,1,1,0,1,1,1,1,1,1,-kaklɔʔkˀišam
0,0,0,0,0,0,0,0,0,0,-waʔk
0,0,0,0,0,0,1,0,0,0,-kkˀapoʔ
0,0,0,0,0,0,0,0,0,0,-šanantiyɔ
0,0,0,0,0,0,0,0,0,0,-akɔxɬɔk
0,1,1,0,1,0,1,1,0,0,-kafof
0,0,0,0,0,0,0,0,0,0,-ɬiʔwte
0,0,0,0,0,1,0,0,0,0,-c̷ewxat
0,0,0,0,0,0,0,0,1,0,-axte
0,0,0,1,0,0,0,0,0,0,ka-pɔset
1,1,1,1,1,0,1,1,1,0,-oʔt
1,1,1,1,1,1,1,1,1,1,-af
0,0,0,0,0,1,0,1,0,0,-fxux
0,0,0,0,0,0,0,0,0,0,-foʔ-waš
0,0,0,0,0,0,0,0,0,0,-pˀikˀo
0,0,0,0,0,0,0,0,0,0,-finkayɔ
0,0,0,0,0,0,0,0,0,0,-foʔ
0,0,0,0,0,0,0,0,0,0,-kxuʔs
1,1,1,1,1,1,1,1,1,1,-kɔxɔc̷xan
0,1,1,1,0,0,0,1,0,1,-kɔxɔkc̷ini
0,0,0,0,0,0,0,0,0,0,-kaklɔʔ
0,1,1,1,0,1,1,0,0,0,-pɔʔkɔt
0,0,0,0,0,0,0,0,0,0,-pasče
0,0,0,0,0,0,0,0,0,0,-fakčeʔ
0,0,0,0,0,0,0,0,0,0,-fkatoʔ
0,0,0,0,0,0,0,0,0,0,-kxɔši
0,0,0,0,0,0,0,0,0,0,-tuʔk
0,0,0,0,0,0,0,0,0,0,-kawklɔ
0,0,0,0,0,0,0,0,0,0,-fɔpɔke
0,0,0,0,0,0,0,0,0,0,-fatas
0,0,1,0,0,0,0,0,0,0,-kɔyiš
0,0,0,0,0,0,0,0,0,0,-woʔ
0,0,0,0,0,0,0,0,0,0,-kunšinče
0,0,0,0,0,0,0,0,0,0,-c̷ewte
1,1,1,0,1,1,1,1,1,1,-axusxan
0,0,0,0,0,0,0,0,0,0,-čˀakleč
0,1,1,0,0,0,0,0,0,0,-pɔset
0,0,0,0,0,1,0,0,0,0,-aši
0,0,0,0,0,0,0,0,0,0,-nxatɔʔ
1,0,1,1,1,1,0,1,1,1,-nšay
0,0,0,1,0,0,1,0,0,0,-naʔš
0,0,0,0,0,0,0,0,0,0,ɬ-ic̷ˀi
0,0,0,0,0,0,0,0,0,0,-niʔtxɔ
0,1,1,0,0,0,0,0,0,0,-kfeʔ
1,0,1,1,0,0,0,0,0,1,-c̷ipˀuf
0,0,0,0,0,0,1,0,0,0,-tɔc̷i
0,0,0,0,0,0,0,0,0,0,-tˀipaklɔ
0,1,0,0,0,0,0,0,0,0,-kuʔ
0,1,1,1,1,1,1,1,1,1,-kaʔt
0,0,0,0,0,0,0,0,0,0,-ašiɬɔx
1,1,1,1,1,1,0,1,1,1,-yom-yom
0,0,0,0,0,0,0,0,0,0,-šatič
0,0,0,0,0,0,0,0,0,0,-ɔyiʔš
0,0,0,0,0,0,0,0,0,0,-kˀɔʔs
0,0,0,1,0,0,0,0,0,0,-wɬiʔ
0,1,0,0,0,0,0,1,0,1,-nuʔ
1,0,0,0,0,0,0,1,0,0,-sɔʔt
0,0,1,0,1,0,1,1,0,0,-woyey
0,0,1,0,0,0,0,0,1,0,-kˀufaʔx
0,1,0,0,0,0,0,1,1,0,-c̷ˀɔsey
0,0,0,1,0,0,0,0,1,0,-wosey
0,0,0,0,0,0,0,0,0,0,-pɔse
0,0,0,1,1,0,1,0,0,0,-yeʔ-s
0,1,1,1,1,1,0,1,1,0,-ɔx
1,1,1,1,1,1,1,1,1,1,-sxaʔn
0,0,0,0,0,0,0,0,0,0,-wuʔwat
0,0,1,0,0,0,0,0,1,0,čˀatˀa
0,0,0,0,0,0,0,0,0,0,woʔtˀi
0,0,0,0,0,0,0,0,0,0,aɬu-tax
0,0,0,0,0,0,0,0,0,0,kasposɔx
1,1,1,1,1,0,1,0,0,1,šinwuʔn
0,0,1,1,1,1,1,0,0,1,šniɬˀa
0,0,0,0,0,0,0,0,0,0,fiyɔ
0,1,1,1,0,0,1,0,0,0,maʔ
0,0,0,0,0,0,0,0,0,0,kaxoxo
0,1,1,1,1,0,0,1,0,0,pˀec̷xat
1,1,1,1,1,1,1,1,1,1,ɬeɬ
0,0,0,0,0,0,0,0,0,0,wintɔx
0,0,0,1,1,1,1,1,1,0,klapˀi
0,0,1,0,0,0,0,0,0,0,xpanax
0,0,0,0,0,0,0,0,0,0,wosok
0,0,0,1,0,0,0,0,0,0,tos
0,0,0,0,0,0,0,0,0,0,tin-woʔ
0,0,0,0,0,0,0,0,0,0,yiyaʔ
0,0,0,0,0,0,0,0,0,0,ɬaf-kata-tax
0,0,0,0,0,0,0,0,0,0,ɬaʔc̷ˀiče
0,0,0,0,0,0,0,0,0,0,ɬaf-katax
0,0,0,0,0,0,0,0,0,0,c̷imaxa
0,0,0,0,0,0,0,0,0,0,šnakuwatax
0,0,0,0,0,0,1,1,0,0,yuus
1,0,0,0,0,0,1,0,0,0,ɬ-supˀax
0,0,0,0,0,0,0,0,0,0,siwɔklɔk
0,0,0,0,0,1,1,1,0,0,tukus
0,0,0,0,0,0,0,0,0,0,tansi
0,0,0,0,0,0,0,0,0,0,činči
0,0,0,0,0,0,0,0,0,0,šinwoʔɬawoke
0,1,1,1,1,1,1,1,0,1,ɬa-ɬa
0,0,0,0,0,0,0,0,0,0,ɬa-c̷ˀiče
0,0,0,0,0,0,0,0,0,0,ɬa-woke
0,0,0,0,0,0,0,0,0,0,klayxɔnɔxa
0,0,0,0,0,0,0,0,0,0,tašinša
0,0,0,0,0,0,0,0,0,0,ɔxtinaax
0,0,0,0,0,0,0,0,0,0,tuxinax
0,0,1,0,0,0,0,0,0,0,yoʔnis
0,0,0,0,0,0,0,0,0,0,kaxowonax
0,0,0,0,0,0,0,0,0,0,xumpˀawaɬex
0,0,0,0,0,0,0,0,0,0,wawo
0,0,0,0,0,0,0,0,0,0,uc̷i
0,0,0,0,0,0,0,0,0,0,kˀiyeyki
0,0,0,1,0,0,1,0,0,0,ɬ-nɔc̷ɔklɔy
0,0,0,0,0,0,0,0,0,0,tˀ-ɔxeče
1,1,1,1,1,0,1,0,1,0,ɬ-af
0,0,0,0,0,0,0,0,0,0,saxeč
0,0,0,0,0,0,0,0,0,0,tanuk
0,0,0,0,0,0,0,0,0,0,nanxate
0,0,0,0,1,0,0,0,0,0,puta
0,0,0,0,0,0,0,0,0,0,ofo
0,0,0,0,0,0,0,0,0,0,ofo-tax
0,0,0,0,0,0,0,0,0,0,oftaʔ
0,0,0,0,0,0,0,0,0,0,koʔmi-tax
0,0,0,0,0,0,1,0,0,0,tokox
0,0,0,0,0,1,0,0,0,0,sxec̷ič
0,0,0,0,0,0,0,0,0,0,yuʔwayič
0,0,0,0,0,0,0,1,0,0,kˀafok
0,1,0,1,0,0,0,1,1,1,stawuʔn
0,0,0,1,1,1,0,1,1,0,ekle
0,0,0,1,0,0,0,0,0,0,šeyɔ
0,0,0,0,0,0,0,0,0,0,fakliʔs
0,0,1,0,0,0,0,0,0,0,šeyanɔx
0,0,0,0,0,0,0,0,0,0,wačwač
0,0,0,0,0,0,0,0,0,0,axtitˀa
0,0,0,0,0,0,0,0,0,0,wɔsxɔs
0,0,0,0,0,0,0,0,0,0,ɔxɔklɔ
1,0,1,0,1,1,1,1,0,1,ɬuʔp
0,0,1,0,0,1,0,0,0,0,ano
0,0,0,0,0,0,0,0,0,0,xokxayex
1,0,1,1,0,1,0,0,1,1,sɔʔyi
0,0,0,0,0,0,0,0,0,0,ano-tax
0,0,0,0,0,0,0,0,0,0,wotɔxɔx-ɬɔs
0,0,0,0,0,0,0,0,0,0,wotɔxɔx
0,0,0,0,0,0,0,0,0,0,makliko
0,0,0,0,0,0,0,0,0,0,[kuwɔyu]-tax
0,0,0,0,0,0,0,0,0,0,[kuwɔyu]-ɬaɔs
0,0,0,0,0,0,0,0,0,0,xaʔyanax
1,1,1,0,0,0,1,0,0,1,[kuwɔyu]
0,0,0,0,0,0,0,0,0,0,tašinštay-če
0,0,0,0,0,0,0,0,0,0,woxo-taxɔkxeklɔ
0,0,0,0,0,0,0,0,0,0,woxotax
0,0,0,0,0,0,0,0,0,0,awokc̷ex
0,0,0,0,0,0,0,0,0,0,xokonoxo
0,0,0,0,0,0,0,0,0,0,tašinša-tax
0,0,0,0,0,0,0,0,0,0,[waka]-ɬaɔs
0,0,0,0,0,0,0,0,0,0,[wɔkɔ]
0,0,0,0,0,0,0,0,0,0,[wɔkɔ]k
0,0,0,0,0,0,0,0,0,0,ɬ-woʔ
1,0,0,0,0,1,0,0,1,0,wata-klɔy
0,0,0,0,0,0,0,0,0,0,yakkisit
0,0,0,0,0,0,0,0,0,0,-weɬawot
0,0,0,0,0,0,0,0,0,0,-fteiwot
0,0,0,1,0,0,0,0,0,0,ɔsčˀaklax
0,0,0,0,0,0,0,0,0,0,ɔsčˀak-če
0,0,0,0,0,0,0,0,0,0,ɔfteʔk
0,0,0,0,0,1,0,0,0,0,afte-kle
0,0,0,0,0,0,0,1,0,0,-ac̷an-če
0,0,0,0,0,0,0,0,0,0,-ac̷anač
0,0,0,0,0,0,0,0,0,0,-nxayc̷oʔa
0,0,0,0,0,0,0,0,0,0,-nxayɔsˀa
0,0,0,1,0,0,0,0,0,0,-čˀiniš
0,0,0,0,0,0,0,0,0,0,-čeklaʔ
0,0,0,0,0,0,0,0,0,0,-faklaʔ
1,0,0,1,0,0,0,0,0,0,-tˀox
0,0,0,0,0,0,0,0,0,0,-txoʔk
0,0,0,0,0,0,0,0,0,0,-ntakšičˀa
0,0,0,0,0,0,0,0,0,0,-nɔʔc̷ičˀa
0,0,0,0,0,0,0,0,0,0,-ntakliščˀe
0,0,0,0,0,1,0,0,0,0,-nɔc̷ˀɔxkee
0,0,0,0,0,0,0,0,0,0,kˀuc̷xaʔ
0,0,1,0,1,0,0,1,1,0,-ktˀe
0,0,0,0,0,0,0,0,0,0,kˀuc̷aʔx
0,0,0,0,0,0,0,0,0,0,-ktˀeʔč
0,0,0,0,0,0,0,0,0,0,napuxi
0,0,0,0,0,0,0,0,0,0,-sunxa
0,0,0,0,0,0,0,0,0,0,-čitaʔ
1,0,1,0,1,0,0,1,1,0,-onax
0,1,0,0,0,0,0,0,1,0,-kles
0,0,0,0,0,0,0,0,0,0,-ɔs-e
0,0,1,0,0,0,0,1,0,0,-aɔs
0,0,0,0,0,0,0,0,0,0,wakxay-če
0,0,0,0,0,0,0,0,1,0,wakxaʔy
0,0,0,0,0,0,0,0,0,0,-ftewot
0,0,1,1,1,1,1,1,0,1,-mimi
0,0,0,0,0,0,0,1,0,0,-tata
0,0,1,1,0,0,0,0,0,1,watwɔʔm
0,0,0,0,0,0,0,0,0,0,-wata-čˀakfayaš
0,1,1,1,1,1,1,1,1,1,-tčˀakfay
0,0,0,1,0,0,0,0,0,0,txaʔyaʔi
0,0,0,0,0,0,0,1,1,1,-čˀakfa
0,0,0,1,0,0,0,0,0,0,tanklax
0,0,0,0,0,0,0,0,0,0,taɔklax
0,0,0,0,0,0,0,0,0,0,ɬuc̷xa
1,1,1,1,1,0,1,1,1,1,naʔne
0,0,0,0,0,0,0,0,0,0,nikxɔk-e
0,0,0,0,0,0,0,0,0,0,nɔkteč
0,0,0,0,0,0,0,0,0,0,nikxɔʔk
0,0,0,0,0,0,0,0,0,0,niwak-če
0,0,0,0,0,0,0,0,0,0,niwakle
0,0,0,0,0,0,0,0,0,0,-ɬeč
0,0,0,0,0,0,1,0,0,0,-'waʔča
0,0,0,0,0,0,0,0,0,0,fayxoʔ
0,0,0,0,0,0,0,1,0,1,wat-kaxuy
1,1,1,1,1,1,1,1,0,1,-amkat
0,0,0,0,1,1,0,0,0,0,-makxat
1,1,1,1,1,1,1,1,1,1,-ɬɔn
1,1,1,1,1,0,1,1,1,1,-xa-yapˀaɬxan
1,1,1,1,0,0,1,0,1,1,yi-wutun
1,1,1,1,1,0,1,1,1,1,x-apˀaɬ
1,1,1,1,1,0,1,1,1,1,x-apxun
1,1,1,0,1,0,1,0,1,1,xa-wutuyan
0,0,0,0,0,0,0,0,0,0,fɔyxok
0,0,0,0,0,0,0,1,0,0,šnomax
0,0,0,1,1,0,0,0,0,0,ɬ-axut
0,0,0,0,0,0,0,0,0,0,ɬ-čˀakleč
0,1,0,0,1,0,0,0,1,1,tˀa-
0,0,0,0,0,0,0,0,0,0,itɔx
0,0,0,0,0,0,0,0,0,0,yekleši
0,0,0,0,0,0,0,0,0,0,yekleše
1,1,1,1,1,0,1,1,1,1,tčanu
0,0,0,1,0,0,0,0,1,0,šnakxay
1,1,1,1,1,0,0,0,1,1,ɬawiʔm
0,0,0,0,0,0,0,0,0,0,wɔseʔ
0,0,0,0,0,0,0,0,0,0,wɔsei
1,1,1,1,1,1,1,1,1,1,yaɬ
0,0,0,0,0,0,0,0,0,0,yiyaʔs
0,0,0,0,0,1,0,0,0,0,-xpik
1,1,1,1,1,1,1,1,1,1,tuɬ
0,0,0,0,0,0,0,0,0,0,tuɬitax
0,0,0,0,0,0,0,0,0,0,kxumxes
0,0,0,0,0,0,0,0,0,0,fasc̷ˀaklec̷
1,1,1,1,1,1,0,1,0,0,tačat
1,1,1,1,1,1,1,1,1,1,kuukten
1,1,1,1,1,1,1,1,1,1,tačin
0,0,0,0,0,0,0,0,0,0,katiʔs
0,0,0,0,0,0,0,0,0,0,xiweʔkla
1,0,0,0,0,0,0,1,0,0,xunkuklaʔy
0,0,0,0,0,0,0,0,0,0,wɔʔs
0,0,0,0,0,0,0,0,0,0,na'yuʔy-na'yuʔy-'čˀe
0,1,0,0,0,0,0,0,0,0,yeklɔʔ
0,0,0,0,0,0,0,0,0,0,akxiyuk
0,0,0,1,0,0,1,1,0,0,itˀa
1,1,0,1,1,1,1,1,1,1,tˀɔʔy
0,0,0,0,0,0,0,0,0,0,towok
0,0,0,0,0,0,0,0,0,0,towɔk
0,0,0,0,0,0,0,0,0,0,ɬɔxɔyiš
1,1,0,0,0,0,0,1,0,0,wišini
0,0,0,0,0,0,0,0,0,1,c̷itex
0,0,1,0,0,0,0,0,0,0,ɬkačiʔ
0,0,0,0,0,0,0,0,0,0,towkoyc̷a
0,0,0,0,0,0,0,0,0,0,štutax
0,1,0,0,0,0,0,1,0,0,inɔʔt
0,0,0,0,0,0,0,0,0,0,tin-xokeʔ
0,0,0,0,0,0,0,0,0,0,ɬ-tako
0,0,0,1,0,0,0,0,0,0,tčimčˀe
0,0,0,0,0,0,0,0,0,0,ɔyak
0,0,0,0,0,0,0,0,0,0,xosɔx
1,1,1,1,1,1,1,1,1,1,kˀim
0,0,0,0,0,0,0,0,0,0,kˀok
1,1,1,1,1,1,1,1,1,1,naɬu
1,0,1,0,0,0,0,0,1,1,waswasʔin
0,0,0,0,0,0,0,0,0,0,ɬumʔaši
0,0,0,0,0,0,0,0,0,0,naɬ-kači
1,1,1,1,0,0,1,1,1,1,nuʔut
0,0,0,0,0,0,0,0,0,0,nuʔut-eš
1,0,0,1,0,1,1,1,0,0,yameykˀoya
0,0,0,0,0,0,0,0,0,0,nɔxeš-čˀe
1,0,0,1,1,1,1,1,0,1,yinkɔʔp
1,0,1,0,1,1,0,1,1,0,kloʔp
0,0,0,0,1,0,0,0,0,0,šnɔwɔp
1,1,1,0,0,1,0,0,1,0,ɔnxayep
1,0,0,0,1,0,0,0,0,0,tisxuʔp
0,0,0,0,0,0,0,0,0,0,nsičˀaʔ
1,1,1,1,1,1,1,1,1,1,-nsičˀa-xan
1,1,1,1,1,1,1,1,1,1,-akɔn
0,1,1,1,1,1,0,0,0,0,-peʔya
1,1,1,1,1,1,1,1,1,1,-tčˀan
0,0,0,0,0,0,0,0,0,0,-tˀɔxɔx
1,1,1,1,1,1,0,1,1,1,-ʔwan
0,1,1,1,1,0,1,1,1,1,-owaɬ
0,0,1,1,0,0,1,1,0,1,-klɔwaɬ
0,0,1,0,1,0,1,0,0,0,-nɔklit
0,0,0,0,0,0,0,0,0,0,-nɔkši
0,0,1,1,0,0,1,1,1,0,-axay
0,1,1,0,0,0,1,1,1,0,-otˀat
0,0,0,1,0,0,0,0,0,0,-nifc̷ɔx
1,1,1,1,1,0,1,1,1,1,-ɔʔy
0,0,0,0,0,0,0,0,0,0,-yičaway-čˀe
0,0,0,1,0,0,0,0,0,0,-sɔkˀɔklit
0,1,1,1,1,0,1,1,1,1,-šaykˀu
0,1,0,1,1,1,0,1,0,0,-asčay
1,1,1,1,1,1,1,1,1,1,-ay-ʔin
1,1,1,1,1,1,1,1,1,1,-en
1,1,1,1,0,0,0,1,1,1,-swun
1,1,1,1,1,0,1,1,1,1,-ečepxaɬ
1,0,0,0,1,0,0,0,1,0,-aɔte
0,0,0,0,0,0,0,0,0,0,-takši
0,0,0,0,0,0,0,0,0,0,-čaypa-yaš
0,0,0,0,0,0,0,0,0,0,ɔy-xayaš
0,1,1,1,1,1,1,1,1,0,-ečˀet
1,0,0,0,0,0,0,0,0,0,-ɔy-če
0,0,0,0,0,0,0,0,0,0,-tc̷ˀaklay-xayaš
1,0,1,1,1,1,0,0,0,1,-ap
0,0,0,0,0,0,1,0,0,0,-tˀikle
1,1,1,1,1,1,1,1,1,1,-tˀasin
0,0,0,0,0,0,0,0,0,0,-kɔfa-či
0,0,0,0,0,0,0,0,0,0,kɔnit-ši
0,0,0,0,0,0,0,0,0,0,-kɔfa-yaš
0,0,0,1,0,0,0,0,0,0,-kɔnta
0,0,0,0,0,0,0,0,0,0,-nuc̷xayaš
1,1,1,1,1,1,1,1,1,1,-xukc̷in
0,0,0,0,0,0,0,0,0,0,-wapen-xayaš
0,0,0,0,0,0,0,0,0,0,-fiʔ
0,0,0,1,0,1,0,0,0,0,-xoway-i
0,0,0,0,1,0,0,0,0,0,-xoway
1,1,1,1,1,0,1,1,1,1,-tašan
0,0,0,0,0,0,0,1,0,0,-kuʔ
0,0,0,0,0,0,0,0,0,0,-woʔy-ši
0,0,0,0,0,0,0,0,0,0,-sčiʔ
0,0,0,0,0,0,0,0,0,0,kaklekl-a
1,1,1,1,1,1,1,1,1,1,-ɔʔɬxɔn
0,0,0,0,0,0,0,0,0,0,kuc̷ˀaax
0,0,0,0,0,0,0,0,0,0,-kuc̷ˀaxi
0,0,0,0,0,0,0,0,0,0,-kˀamenxayaš
0,0,0,0,0,0,0,0,0,0,-kuklɔn-xayaš
0,0,0,0,0,0,0,0,0,0,-sas-čˀe
0,0,0,1,0,0,0,0,0,0,-ɔklɔx
0,0,0,0,0,0,0,0,0,0,-ayčawaɬ-xayaš
1,1,1,1,1,0,1,1,1,1,-ayčawaɬʔin
0,0,0,0,0,0,0,0,0,0,-ɬeklɔx-eš
0,0,0,0,0,0,0,0,0,0,-ɬeklɔx
1,1,1,1,1,1,1,1,1,1,-tˀuxan
0,0,1,0,0,1,0,0,0,0,-tɔy-kˀoya
1,0,1,1,0,0,0,1,1,0,-tɔʔ-y-a
1,1,1,1,1,0,1,1,1,1,-xɔn
0,0,0,0,0,0,0,0,0,0,-sanas
1,0,1,0,0,0,1,1,0,0,-t-ka-xunaš-xuɬ
1,1,0,0,0,0,1,0,0,0,-wan-tɔy-it
1,1,1,1,1,0,1,1,1,1,-n-ey-xac̷-xan
1,1,1,1,1,0,1,1,1,1,-ey-xac̷-xan
0,0,0,0,0,0,0,0,0,0,-ey-xac̷-xan-ač
0,0,0,0,0,0,0,0,0,0,wat-ey-xac̷-xan-xawat
0,0,0,0,0,1,0,0,0,0,-tɔyixat
0,0,0,0,0,0,0,0,1,0,-tɔwaklu
0,0,0,0,0,0,0,1,1,0,-tawaklu
0,1,1,0,0,0,1,0,0,1,-nɔʔkɬan-it
0,0,0,0,0,0,0,0,0,0,-načan-xayaš
0,0,0,0,0,0,0,0,0,0,-iyec̷es
0,0,0,0,0,0,0,0,0,0,-kako
1,1,1,1,1,1,1,1,1,1,-fakxan
0,0,0,0,0,0,0,0,0,0,-suyeeš-ši
1,1,1,0,0,0,1,1,1,1,suyeš-ši-yan
1,1,1,1,1,1,1,1,1,1,-načan
1,1,1,1,1,1,1,1,1,1,-kˀaɬtan
0,0,0,0,0,0,0,0,0,0,-xunaš
0,0,0,1,0,0,0,0,0,0,-ɔxɔx
0,0,0,0,0,0,0,0,0,0,-ɔnaš
0,0,0,0,0,0,0,0,0,0,-iši
0,0,0,0,0,0,0,0,0,0,-tˀeyšey
1,1,1,1,0,0,1,1,1,1,tišxan
0,0,0,0,0,1,0,0,0,0,taxuklay
1,1,1,1,1,0,1,1,1,1,-sasči-ʔin
1,1,1,1,0,0,0,1,0,0,-t-asinɔ-y
0,1,1,0,1,0,0,0,0,1,ampaya
0,0,1,0,0,0,0,0,0,0,-tˀeš
0,1,1,1,1,1,1,1,1,0,-čay
1,1,1,1,1,0,1,1,0,1,-t-asinɔ-y
1,1,1,1,1,1,1,1,1,1,-šan
0,0,0,0,0,0,0,0,0,0,-kliʔš
1,1,1,1,1,0,1,1,1,1,-ey
0,0,0,0,0,1,1,0,0,0,-niʔɔs
1,1,1,1,1,1,1,1,1,1,-kuʔɬ
1,1,1,1,1,1,1,1,1,1,-waʔntan
1,1,1,1,1,1,1,1,1,1,-tˀaʔɬ
0,0,1,1,0,1,1,1,0,0,nfakl
1,1,1,1,1,0,1,1,1,1,-xukc̷en
1,1,1,1,1,0,1,1,1,1,-šiyan
1,1,1,1,1,1,1,1,1,1,-kˀaklan
0,0,1,1,1,1,0,1,0,0,-c̷ɔʔya
1,0,1,1,1,1,1,1,0,1,tˀaʔɬ-xuɬ
0,0,1,1,0,1,1,1,1,1,-t-ey-yi
1,1,1,1,1,1,1,1,1,1,-n-etɔn
0,0,0,0,0,0,0,0,0,0,-nfak
1,1,1,1,1,1,1,1,1,1,-afxun
1,0,0,0,0,0,0,0,0,0,-klaf
1,1,1,1,1,1,1,1,1,1,-takuc̷ˀaxiyan
0,0,0,0,1,0,0,0,0,1,-iʔs
0,0,0,0,0,0,0,0,0,0,-eton-čˀe
0,0,0,0,0,0,0,0,0,0,wat-kˀis-xayan-ač
0,0,0,0,0,0,0,0,0,0,-wan-kˀis-xat
0,0,0,0,0,0,0,1,0,0,-ɔnxanče
0,0,0,0,0,0,0,0,0,0,-ɬanɔʔ
0,0,0,0,0,0,0,0,0,0,-ɬanɔ-tax
0,0,0,0,0,0,0,0,0,0,xɔxanxate
0,0,0,0,0,0,0,0,0,0,-koc̷xat-ayiš
0,0,0,0,0,0,0,0,0,0,-c̷itenxa-yiš
0,0,1,0,1,0,0,1,0,1,-yic̷aʔt
0,0,1,0,1,0,0,1,0,0,čifas
0,0,0,0,0,0,0,0,0,0,-yiweɬawot
0,0,0,0,0,0,0,0,0,0,anwakle
0,0,0,0,0,0,0,0,0,0,-wkɔxat
0,0,0,0,0,0,0,0,0,0,-yɔxi
0,0,0,0,0,0,0,0,0,0,ɬkaanwakle
0,0,0,0,0,0,0,0,0,0,ɬkanačaiče
0,0,1,0,1,0,1,1,0,1,tančaʔnxay
0,0,0,0,0,0,0,0,0,0,c̷itenax
0,0,0,0,0,0,0,0,0,0,k-anwakle
1,1,1,0,0,0,1,0,1,1,wankˀeyxatsxan
0,0,0,0,0,0,0,0,0,0,-kawo
0,0,1,1,0,0,0,0,0,1,ɬankumeet
0,0,0,1,0,0,0,0,0,0,-kakumxat
0,0,0,0,0,0,0,0,0,0,k-anwakle-a
0,0,0,0,0,0,0,0,0,0,-yɔxi-xat
0,0,0,0,1,0,0,0,0,1,tančˀanxay
1,1,1,1,1,1,1,1,1,1,-kˀišam
1,1,1,1,1,1,1,1,1,1,-kuɬxan
1,1,1,0,0,1,0,0,1,1,-wašan
0,0,0,1,0,0,0,0,0,0,-kˀuc̷fa
0,0,0,0,0,0,0,0,0,0,-xuixafa
0,0,0,0,0,0,0,0,0,0,-enač
1,0,1,0,0,0,0,0,1,0,-kɔfa
0,0,0,0,0,0,0,0,0,0,-taxuɬ-eč
0,0,0,0,0,0,0,0,0,0,niwakle-y-ča
0,0,0,0,0,0,0,0,0,0,-t-faykut-ey-eč
0,0,0,0,0,0,0,0,0,0,-faykuc̷-xanax
0,0,0,0,0,0,0,0,0,0,weɬinax
1,1,1,1,1,1,1,1,1,1,-efen
0,0,0,0,0,0,0,0,0,0,-stanxat
1,1,1,1,1,0,1,1,1,1,faʔmatan
1,1,1,1,1,1,1,1,1,0,-k-ey
0,0,1,0,1,1,1,0,0,1,-ɬanfunčay
0,0,0,0,0,0,0,0,0,0,-tˀeklec̷-xayaš
0,0,0,1,0,1,0,0,0,0,-tay-wane
0,0,0,0,0,0,0,0,0,0,niwakče-taʔ
0,1,1,0,0,0,0,1,0,0,-fc̷uʔt
0,0,0,0,0,0,0,0,0,0,wat-klɔn-ɔ
1,1,0,1,1,0,1,1,1,1,isis-eɬ-iʔn
0,0,0,0,0,0,0,1,0,0,kˀafokiɬay-čat
1,1,0,0,1,0,0,1,0,1,kˀafokiɬay
0,0,0,0,0,0,0,0,0,0,-kˀu-k
0,0,0,0,0,0,0,0,0,0,-taʔwitɔy
0,0,0,0,0,0,0,0,0,0,-taxɔwoyšič
0,0,0,1,0,1,0,0,0,0,-c̷ɔk
0,0,0,1,0,0,0,0,0,0,-kluc̷eš
0,0,0,0,0,0,0,0,0,0,-c̷anuʔk
0,0,0,0,0,1,0,0,0,0,-pˀok
0,0,1,0,0,0,0,0,0,0,-tapxeʔ
0,0,0,0,0,0,0,0,0,0,klesatax
0,0,0,0,0,0,0,0,0,0,fiyxawte
0,0,1,0,0,0,0,0,0,0,-fiyxat
0,0,0,0,0,0,0,0,0,0,-kawxo-yaš
0,0,0,0,0,0,0,0,0,0,-nkˀɔx-ɔ
0,0,0,0,0,0,0,0,0,0,xoyxayaš
0,0,0,0,0,0,0,0,0,0,-tˀeklet-tax
0,0,0,0,0,0,0,0,0,0,tˀeklet-a
0,0,0,0,1,1,0,0,0,0,-šan-apeʔ
1,1,1,1,1,1,1,1,0,1,-noy-ey
0,1,0,1,0,0,0,0,0,1,ɬankumeʔt
0,0,0,0,0,0,0,0,0,0,-kˀɔxɬa-xat
0,0,0,1,0,0,0,1,0,0,-kuc̷-xat
0,1,1,1,0,0,1,1,0,1,-klɔwaɬ
0,0,0,0,0,0,0,0,0,0,towokinuk
0,0,0,0,0,0,0,0,0,0,-kanasas
0,0,0,0,0,0,0,0,0,0,-wat-saʔs
0,0,0,0,0,0,0,0,0,0,-tkˀɔʔyte
0,0,0,0,0,0,1,0,0,0,-tiyɔx
0,1,1,0,1,0,1,1,0,1,-axut
0,0,0,0,0,1,0,0,0,1,-akɔx
0,0,0,0,0,0,0,0,0,0,-kˀɔʔwte
0,1,1,1,0,1,0,0,0,1,-kɔxɔy
0,0,0,0,0,0,0,0,0,0,wat-yɔxi-xat
1,1,1,1,0,0,1,1,1,1,-t-ka-asklančay-xan
0,0,0,0,0,0,0,0,0,0,t-kaʔ-sklančay-xayaš
0,0,1,0,1,1,0,1,0,0,t-ka-asklančay
0,0,0,0,0,0,0,0,0,0,ka-fi-yan-ax
0,0,0,0,0,0,0,0,0,0,wankˀeʔyxat
0,0,0,0,1,0,0,0,0,0,-ey-tɔn-xop
0,0,0,0,1,0,0,0,0,0,-wat-ey-tɔn-xop
0,0,1,1,0,1,1,0,0,0,nifakl
1,1,1,0,1,1,1,1,1,1,-tawyixay-ʔin
0,0,0,0,0,0,0,0,0,0,taniwaɬčay
1,1,1,1,1,1,1,1,1,1,-t-piʔɔ-y-xan
1,1,1,1,1,1,1,1,1,1,-t-piʔɔ-ɬa-y-xan
0,0,0,0,0,0,0,0,0,0,-n-klɔyyic̷-xan-o
0,0,0,0,0,0,0,0,0,0,c̷xofxi
0,0,0,0,0,0,0,0,0,0,ɬankumeʔ-xawat
0,0,0,0,0,0,0,0,0,0,wat-ɔkɔklɔxi
0,0,1,1,0,0,0,0,0,0,-klɔn-ɔ
0,0,0,0,0,0,0,0,0,0,wankaklɔn-xanax
0,0,0,0,0,0,0,0,0,0,-wanka-wɔm-xayaš
0,0,0,0,0,0,0,0,0,0,-kˀɔxɔx-at
1,1,1,1,1,0,1,0,1,1,tkɔʔxɔxan
1,0,0,0,0,0,0,0,0,0,wat-aɬe-klaʔy
1,1,0,0,0,0,0,0,0,0,wat-ɬɔn-o-klaʔy
0,0,0,0,0,0,0,0,0,0,-kuc̷ˀaxi-klaʔy
1,0,1,0,1,1,0,0,1,0,tˀa-kut
0,0,0,0,0,0,0,0,0,0,kuc̷-xanax
0,0,0,0,0,0,0,0,0,0,fic̷ɔkˀɔyič
0,0,0,0,0,0,0,0,0,0,wat-asinɔ-wat
0,0,0,0,0,0,0,0,0,0,-kufay-xat
0,0,0,0,0,0,0,0,0,0,-ɔklɔx
1,1,0,0,1,0,0,1,1,1,[ele]
0,0,0,0,0,0,0,0,0,0,-tˀasklan-kˀoya
1,1,1,1,1,0,1,1,1,1,-xuxpɔn
1,1,1,1,1,1,1,1,1,1,-pɔfiyu
1,1,1,1,1,1,1,1,1,1,-ni-tc̷akkun
0,0,0,1,0,0,0,0,0,0,c̷ičˀe
0,0,0,0,0,0,0,0,0,0,-kaɬ-xan-o
0,0,0,0,0,0,0,0,0,0,-kaxowo
