1,1,0,1,1,1,1,1,1,1,къутІийа̄йлъʼа
1,1,0,1,1,1,1,1,1,1,бигъа̄йлъʼа
1,1,1,1,1,1,1,1,1,1,булІилъʼа
1,1,1,1,1,1,1,1,1,1,булІа̄йлъʼа
1,1,1,1,1,1,1,1,1,1,даимлъилъʼа
1,1,1,1,1,1,1,1,1,1,байбихьӣлъʼа
1,1,1,1,1,1,1,1,1,1,деччилъʼа
1,1,1,1,1,1,1,1,1,1,ащахха̄йлъʼа
1,1,0,1,1,1,1,1,1,1,цІакьилъʼа
0,0,0,0,0,0,0,0,0,0,ригьи
0,0,0,0,0,0,0,0,0,0,заман
1,0,0,0,0,0,0,0,0,0,гІумру
0,0,0,0,0,0,0,0,0,0,къару
0,0,0,0,0,0,0,0,0,0,бекъана
0,0,0,0,0,0,0,0,0,0,тІуби
0,0,0,0,0,0,0,0,0,0,бала
1,1,0,1,1,1,1,1,1,1,бицциᴴлъʼа
1,1,1,1,1,1,1,1,1,1,беругьиᴴлъʼа
0,0,0,0,0,0,0,0,0,0,кколи
0,0,0,0,0,0,0,0,0,0,нухъи
0,0,0,0,0,0,0,0,0,0,картІи
0,0,0,0,0,0,0,0,0,0,ссвардар
0,0,0,0,0,0,0,0,0,0,бобала
0,0,0,0,0,0,0,0,0,0,хъаᴴчи
0,0,0,0,0,0,0,0,0,0,чиᴴчал
0,0,0,0,0,0,0,0,0,0,кʼетІа
1,1,1,1,1,1,1,1,1,1,басиᴴлъʼа
1,1,0,1,1,1,1,1,1,1,буъиᴴлъʼа
0,0,0,0,0,0,0,0,0,0,магъриб
0,0,0,0,0,0,0,0,0,0,машрикъ
0,0,0,0,0,0,0,0,0,0,бакьи-макІва
0,0,0,0,0,0,0,0,0,0,рахъи
0,0,0,0,0,0,0,0,0,0,ццибар
0,0,0,0,0,0,0,0,0,0,ахир
0,0,0,0,1,0,1,0,0,0,тІагІим
0,0,0,0,0,0,0,0,0,0,гьиᴴллу
0,0,0,0,0,0,0,0,0,0,ццумалъар
0,0,0,0,0,0,0,0,0,0,бетІер
0,0,0,0,0,0,0,0,0,0,эли-бетІар
1,1,0,1,1,1,1,1,1,1,бахъащилъʼа
1,1,0,1,1,1,1,1,1,1,бакъвиᴴлъʼа
1,1,0,1,1,1,1,1,1,1,тІа̄ᴴйлъʼа
1,1,1,1,1,1,1,1,1,1,бахвиᴴлъʼа
1,1,0,1,1,1,1,1,1,1,бикъиᴴлъʼа
1,1,0,1,1,1,1,1,1,1,батІагьилъʼа
1,1,0,1,1,1,1,1,1,1,даᴴдигьилъʼа
1,1,0,1,1,1,1,1,1,1,бугьайлъʼа
1,1,1,1,1,1,1,1,1,1,гьецца̄йлъʼа
1,1,1,1,1,1,1,1,1,1,буххилъʼа
1,1,0,1,1,1,1,1,1,1,битІигъилъʼа
1,1,1,1,1,1,1,1,1,1,гъордилъʼа
1,1,0,1,1,1,1,1,1,1,билъилъʼа
0,0,0,0,0,0,0,0,0,0,макІва
1,1,1,1,1,1,1,1,1,1,гʼа̄ᴴйлъʼа
0,0,0,0,0,0,0,0,0,0,багьа
0,0,0,0,0,0,0,0,0,0,тукан
0,0,0,0,0,0,0,0,0,0,базар
0,0,0,0,0,0,0,0,0,0,базарган
1,1,0,1,1,1,1,1,1,1,гве̄лъʼа
1,1,1,1,1,1,1,1,1,1,бехилъʼа
0,0,0,0,0,0,0,0,0,0,харжи
1,1,0,1,1,1,1,1,1,1,бихьʼилъʼа
0,0,0,0,0,0,0,0,0,0,налуки
0,0,0,0,0,0,0,0,0,0,хІисаб
0,0,0,0,0,0,0,0,0,0,риц̄ама
1,1,1,1,1,1,1,1,1,1,гьецІилъʼа
0,1,0,1,1,1,0,1,1,1,налъи
0,0,0,0,0,0,0,0,0,0,хахачи
0,0,0,0,0,0,0,0,0,0,аси
1,1,1,1,1,1,1,1,1,1,бещдилъʼа
1,1,1,1,1,1,1,1,1,1,бита̄йлъʼа
1,1,1,1,1,1,1,1,1,1,бисиᴴлъʼа
1,1,0,1,1,1,1,1,1,1,цІеххиᴴлъʼа
1,1,1,1,1,1,1,1,1,1,биса̄ᴴйлъʼа
1,1,1,1,1,1,1,1,1,1,цІӣᴴлъʼа
0,0,0,0,0,0,0,0,0,0,эйа̄
1,1,0,1,1,1,1,1,0,1,бе̄лъʼа
1,1,0,1,1,1,1,1,1,1,бӣлъʼа
1,1,1,1,1,1,1,1,1,1,букІилъʼа
1,1,1,1,1,1,1,1,1,1,рештӣлъʼа
0,0,0,0,0,0,0,0,0,0,порт
0,0,0,0,0,0,0,0,0,0,йакорь
0,0,0,0,0,0,0,0,0,0,парис
0,0,0,0,0,0,0,0,0,0,мачта
0,0,0,0,0,0,0,0,0,0,рул
1,1,1,1,1,1,1,1,1,1,кванигьилъʼа
0,0,0,0,0,0,0,0,0,0,раххан
0,0,0,0,0,0,0,0,0,0,плот
0,0,0,0,0,0,0,0,0,0,лъецІа
0,0,0,0,0,0,0,0,0,0,гама
0,0,0,0,0,0,0,0,0,0,рукьа
0,0,0,0,0,0,0,0,0,0,гьума
0,0,0,0,0,0,0,0,0,0,ракви
0,0,0,0,0,0,0,0,0,0,хІока
0,0,0,0,0,0,0,0,0,0,кьеру
0,0,0,0,0,0,0,0,0,0,микъи
1,1,1,1,1,1,1,1,1,1,гвӣᴴлъʼа
1,1,1,1,1,1,1,1,1,1,ӯᴴйлъʼа
1,1,0,1,1,1,1,1,1,1,белъилъʼа
1,1,1,1,1,1,1,1,1,1,бугъилъʼа
1,1,1,1,1,1,1,1,1,1,баччӣлъʼа
1,1,1,1,1,1,0,1,1,1,бацІилъʼа
1,1,0,1,1,1,1,1,1,1,ччве̄лъʼа
1,1,0,1,1,1,1,1,1,1,битилъʼа
1,1,0,1,1,1,1,1,1,1,вугьилъʼа
1,1,1,1,1,1,1,1,1,1,белІилъʼа
1,1,1,1,1,1,1,1,1,1,тІе̄лъʼа
1,1,0,1,1,1,1,1,1,1,къебалъилъʼа
1,1,1,1,1,1,1,1,1,1,сордилъʼа
1,1,1,1,1,1,1,1,1,1,кье̄лъʼа
1,1,0,1,1,1,1,1,1,1,щвардилъʼа
1,1,1,1,1,1,1,1,1,1,зве̄лъʼа
1,1,0,1,1,1,1,1,1,1,кІусӣлъʼа
1,1,1,1,1,1,1,1,1,1,лІабдилъʼа
1,1,0,1,1,1,1,1,1,1,пе̄лъʼа
1,1,0,1,1,1,1,1,1,1,этвилъʼа
1,1,1,1,1,1,1,1,1,1,чварлІӣлъʼа
1,1,1,1,1,1,1,1,1,1,гьиᴴллукъилъʼа
1,1,0,1,1,1,1,1,1,1,гьаᴴкъилъʼа
1,1,1,1,1,1,1,1,1,1,жаркьа̄йлъʼа
1,1,1,1,1,1,1,1,1,1,гигигьилъʼа
1,1,0,1,1,1,1,1,1,1,лъилъа̄йлъʼа
1,1,0,1,1,1,1,1,1,1,хиха̄лъʼа
1,1,1,1,1,1,1,1,1,1,щварщвайлъʼа
1,1,1,1,1,1,1,1,1,1,баха̄йлъʼа
1,1,0,1,1,1,1,1,1,1,бахийа̄йлъʼа
1,1,1,1,1,1,1,1,1,1,гурийа̄йлъʼа
1,1,1,1,1,1,1,1,1,1,щве̄лъʼа
1,1,0,1,1,1,1,1,1,1,тІотІилъʼа
1,1,1,1,1,1,1,1,1,1,ссвара̄йлъʼа
1,1,0,1,1,1,1,1,1,1,беружа̄йлъʼа
1,1,1,1,1,1,1,1,1,1,бачва̄йлъʼа
1,1,0,1,1,1,1,1,1,1,ссвардилъʼа
1,1,0,1,1,1,1,1,1,1,жаркьилъʼа
0,0,0,0,0,0,0,0,0,0,арбаса
0,0,0,0,0,0,0,0,0,0,ражбар
0,0,0,0,0,0,0,0,0,0,рилъама
0,0,0,0,0,0,0,0,0,0,скульптор
1,1,1,1,1,1,1,1,1,1,батІвилъʼа
1,1,1,1,1,1,1,1,1,1,букъилъʼа
0,0,0,0,0,0,0,0,0,0,тускур
0,0,0,0,0,0,0,0,0,0,тІаᴴвсса
0,0,0,0,0,0,0,0,0,0,гʼизу
1,1,1,1,1,1,1,1,1,1,ищилъʼа
0,0,0,0,0,0,0,0,0,0,зе̄
0,0,0,0,0,0,0,0,0,0,гъугъун
0,0,0,0,0,0,0,0,0,0,бахъарав
0,0,0,0,0,0,0,0,0,0,куба
0,0,0,0,0,0,0,0,0,0,тІогьа
0,0,0,0,0,0,0,0,0,0,пахьʼи
0,0,0,0,0,0,0,0,0,0,йези
0,0,0,0,0,0,0,0,0,0,месейи
1,1,1,1,1,1,1,1,1,1,тІӣᴴлъʼа
1,1,1,1,1,1,1,1,1,1,тІинилъʼа
0,0,0,0,0,0,0,0,0,0,раччи
0,0,0,0,0,0,0,0,0,0,эхван
0,0,0,0,0,0,0,0,0,0,сини
0,0,0,0,0,0,0,0,0,0,гьаᴴкІва
0,0,0,0,0,0,0,0,0,0,котІа
0,0,0,0,0,0,0,0,0,0,чІараххун
0,0,0,0,0,0,0,0,0,0,картІи
0,0,0,0,0,0,0,0,0,0,алати
0,0,0,0,0,0,0,0,0,0,хъваᴴтІа
0,0,0,0,0,0,0,0,0,0,эгьу
1,1,1,1,1,1,1,1,1,1,бучиᴴлъʼа
1,1,1,1,1,1,1,1,1,1,ццве̄лъʼа
1,1,1,1,1,1,1,1,1,1,буцца̄йлъʼа
1,1,1,1,1,1,1,1,1,1,беса̄йлъʼа
1,1,1,1,1,1,1,1,1,1,эчва̄йлъʼа
1,1,1,1,1,1,1,1,1,1,диᴴдибийа̄йлъʼа
1,1,0,1,1,1,1,1,1,1,кка̄ᴴйлъʼа
1,1,0,1,1,1,1,1,1,1,ккʼаба̄йлъʼа
1,1,0,1,1,1,1,1,1,1,булиᴴлъʼа
1,1,1,1,1,1,1,1,1,1,хъаба̄йлъʼа
1,1,1,1,1,1,1,1,1,1,хъина̄йлъʼа
1,1,0,1,1,1,1,1,1,1,бичІа̄йлъʼа
0,0,0,0,0,0,0,0,0,0,ижин
0,0,0,0,0,0,0,0,0,0,кІваᴴкьа
0,0,0,0,0,0,0,0,0,0,бесун
1,1,1,1,1,1,1,1,1,1,гванилъʼа
1,1,1,1,1,1,1,1,1,1,бучІа̄ᴴйлъʼа
1,1,1,1,1,1,1,1,1,1,дагьигьилъʼа
0,0,0,0,0,0,0,0,0,0,кІʼару
0,0,0,0,0,0,0,0,0,0,рахасси
1,1,1,1,1,1,1,1,1,1,бута̄йлъʼа
1,1,1,1,1,1,1,1,1,1,чІва̄ᴴйлъʼа
1,1,1,1,1,1,1,1,1,1,балъилъʼа
1,1,1,1,1,1,1,1,1,1,кІʼеккве̄лъʼа
0,0,0,0,0,0,0,0,0,0,хІалтІи
0,0,0,0,0,0,0,0,0,0,хІалтІи-пиша
0,0,0,0,0,0,0,0,0,0,ссекІу
0,0,0,0,0,0,0,0,0,0,мичча
0,0,0,0,0,0,0,0,0,0,бамбук
0,0,0,0,0,0,0,0,0,0,гʼамасу
0,0,0,0,0,0,0,0,0,0,батат
0,0,0,0,0,0,0,0,0,0,пальма
0,0,0,0,0,1,0,0,0,0,лълъе̄ᴴ
0,0,0,0,0,0,0,0,0,0,хъали
0,0,0,0,0,0,0,0,0,0,къечІу
0,0,0,0,0,0,0,0,0,0,гьала
0,0,0,0,0,0,0,0,0,0,кІваᴴчІара
0,0,0,0,0,0,0,0,0,0,муштукІ
0,0,0,0,0,0,0,0,0,0,тамакур
0,0,0,0,0,0,0,0,0,0,ц̄ели
0,0,0,0,0,0,0,0,0,0,ц̄ела
0,0,0,0,0,0,0,0,0,0,михьʼи-цІулакьа
0,0,0,0,0,0,0,0,0,0,йолка
0,0,0,0,0,0,0,0,0,0,чинари
0,0,0,0,0,0,0,0,0,0,рогьа
0,0,0,0,0,0,0,0,0,0,гʼигʼин
0,0,0,0,0,0,0,0,0,0,али
0,0,0,0,0,0,0,0,0,0,гьекьаб-жвала
1,1,0,1,1,1,1,1,1,1,бижа̄ᴴйлъʼа
1,1,0,1,1,1,1,1,1,1,буъа̄ᴴйлъʼа
0,0,0,0,0,0,0,0,0,0,жими
0,0,0,0,0,0,0,0,0,0,гьуᴴчІа
0,0,0,0,0,0,0,0,0,0,пулав
0,0,0,0,0,0,0,0,0,0,чакар
0,0,0,0,0,0,0,0,0,0,ниха
0,0,0,0,0,0,0,0,0,0,гьагʼиб
0,0,0,0,0,0,0,0,0,0,цибакьаб
0,0,0,0,0,0,0,0,0,0,къеру
0,0,0,0,0,0,0,0,0,0,бечІин
0,0,0,0,0,0,0,0,0,0,мугьу
0,0,0,0,1,1,0,0,0,0,бийаб
0,0,0,0,0,0,0,0,0,0,ругьар
0,0,0,0,0,0,0,0,0,0,гьиᴴццу
1,1,1,1,1,1,1,1,1,1,раллилъʼа
1,1,1,1,1,1,1,1,1,1,хха̄ᴴйлъʼа
1,1,0,1,1,1,1,1,1,1,аквилъʼа
0,0,0,0,0,0,0,0,0,0,гьумур
1,1,1,1,1,1,1,1,1,1,ччабдилъʼа
0,0,0,0,0,0,0,0,0,0,мехъи
0,0,0,0,0,0,0,0,0,0,гІучІи
0,0,0,0,0,0,0,0,0,0,бел
0,0,0,0,0,0,0,0,0,0,бехун
0,0,0,0,0,0,0,0,0,0,реххен
0,0,0,0,0,0,0,0,0,0,техъен
0,0,0,0,0,0,0,0,0,0,бекІвакьар
0,0,0,0,0,0,0,0,0,0,къегьен
0,0,0,0,0,0,0,0,0,0,ахи
0,0,0,0,0,1,0,0,0,0,хуйа
0,0,0,0,0,0,0,0,0,0,фермер
0,0,0,0,0,0,0,0,0,0,миса
0,0,0,0,0,0,0,0,0,0,ссугъати
0,0,0,0,0,0,0,0,0,0,кирпич
0,0,0,0,0,0,0,0,0,0,кІамур
0,0,0,0,0,0,0,0,0,0,ччеба
0,0,0,0,0,0,0,0,0,0,айар
0,0,0,0,0,0,0,0,0,0,гъежи
0,0,0,0,0,0,0,0,0,0,ами
0,0,0,0,0,1,0,0,0,0,эхьуб
0,0,0,0,0,0,0,0,0,0,налІу
0,0,0,0,0,0,0,0,0,0,устур
0,0,0,0,0,0,0,0,0,0,ошта
0,0,0,0,0,0,0,0,0,0,адйал
0,0,0,0,0,0,0,0,0,0,каро̄ти
0,0,0,0,0,0,0,0,0,0,тахи
0,0,0,1,0,0,0,0,0,0,милъара
0,0,0,0,0,0,0,0,0,0,мащу
0,0,0,0,0,0,0,0,0,0,печи
0,0,0,0,0,0,0,0,0,0,тавухан
0,0,0,0,0,0,0,0,0,0,къена
0,0,0,0,0,0,0,0,0,0,чІабар
0,0,0,0,0,0,0,0,0,0,рехъим
0,0,0,0,0,0,0,0,0,0,рехъма
0,0,0,0,0,0,0,0,0,0,гьиᴴгвар
0,0,0,0,0,0,0,0,0,0,рикІʼа
0,0,0,0,0,0,0,0,0,0,херкьа
0,0,0,0,0,0,0,0,0,0,ражикІʼа
0,0,0,0,0,0,0,0,0,0,балъалІу
0,0,0,0,0,0,0,0,0,0,каву
0,0,0,0,0,0,0,0,0,0,ригьа
0,0,0,0,0,0,0,0,0,0,кулуб
0,0,0,0,0,0,0,0,0,0,рала
0,0,0,0,0,0,0,0,0,0,азбар
0,0,0,0,0,0,0,0,0,0,къāй
0,0,0,0,0,0,0,0,0,0,чайир
0,0,0,0,0,0,0,0,0,0,гьакъва
0,0,0,0,0,0,0,0,0,0,авал
1,1,0,1,1,1,1,1,1,1,бакІвилъʼа
0,0,0,0,0,0,0,0,0,0,матІу
0,0,0,0,0,0,0,0,0,0,ссапин
0,0,0,0,0,0,0,0,0,0,мази
0,0,0,0,0,0,0,0,0,0,биритва
0,0,0,0,0,0,0,0,0,0,хъариса
0,0,0,0,0,0,0,0,0,0,гьакьу
0,0,0,0,0,0,0,0,0,0,палатиᴴца
0,0,0,0,0,0,0,0,0,0,йавлухъи
0,0,0,0,0,0,0,0,0,0,кІʼиликІʼаби
0,0,0,0,0,0,0,0,0,0,башу
0,0,0,0,0,0,0,0,0,0,бокату
0,0,0,0,0,0,0,0,0,0,жула
0,0,0,0,0,0,0,0,0,0,гьекъуц̄ан
0,0,0,0,0,0,0,0,0,0,квакъан
0,0,0,0,0,0,0,0,0,0,микІʼищал
0,0,0,0,1,0,0,0,0,0,нагІил
0,0,0,0,0,0,0,0,0,0,асилІа (месейилІа) къа̄ (къа̄й)
0,0,0,0,0,0,0,0,0,0,ссурати
0,0,0,0,0,0,0,0,0,0,магъал
0,0,0,0,0,0,0,0,0,0,чаᴴта
0,0,0,0,0,0,0,0,0,0,пардав
0,0,0,0,0,0,0,0,0,0,рижва
0,0,0,0,0,0,0,0,0,0,мачи
0,0,0,0,0,0,0,0,0,0,паттиᴴка
0,0,0,0,0,0,0,0,0,0,насуха
0,0,0,0,0,0,0,0,0,0,щета
0,0,0,0,0,0,0,0,0,0,бата
0,0,0,0,0,0,0,0,0,0,йупка
0,0,0,0,0,0,0,0,0,0,йик̄ва
0,0,0,0,0,0,0,0,0,0,парту
0,0,0,0,0,0,0,0,0,0,ражбар
0,0,0,0,0,0,0,0,0,0,гІаба
0,0,0,0,0,0,0,0,0,0,бежун
0,0,0,0,0,0,0,0,0,0,гьиму
1,1,1,1,1,1,1,1,1,1,къӣᴴлъʼа
1,1,1,1,1,1,1,1,1,1,къинилъʼа
0,0,0,0,0,0,0,0,0,0,нисалІи
1,1,0,1,1,1,1,1,1,1,ащахилъʼа
0,0,0,0,0,0,0,0,0,0,муᴴга
1,1,1,1,1,1,1,1,1,1,гъердилъʼа
0,0,0,0,0,0,0,0,0,0,бакІвал
0,0,0,0,0,0,0,0,0,0,дабагъи
0,0,0,0,0,0,0,0,0,0,к̄ʼали
0,0,0,0,0,0,0,0,0,0,ццок̄а
0,0,0,0,0,0,0,0,0,0,бутуна
0,0,0,0,0,0,0,0,0,0,даре̄
0,0,0,0,0,0,0,0,0,0,катан
0,0,0,0,0,0,0,0,0,0,бози
0,0,0,0,0,0,0,0,0,0,чити
0,0,0,0,0,0,0,0,0,0,хІебети
0,0,0,0,0,0,0,0,0,0,шал
0,0,0,0,0,0,0,0,0,0,эрещун
0,0,0,0,0,0,0,0,0,0,ссугъур
0,0,0,0,0,0,0,0,0,0,исхъали
0,0,0,0,0,0,0,0,0,0,ижу
1,1,1,1,1,1,1,1,1,1,бала̄йлъʼа
0,0,0,0,0,0,0,0,0,0,кІʼекІʼан
0,0,0,0,0,0,0,0,0,0,диᴴди
0,0,0,0,0,0,0,0,0,0,пиво
0,0,0,0,0,0,0,0,0,0,ццо̄бейа̄
0,0,0,0,0,0,0,0,0,0,иᴴса
0,0,0,0,0,0,0,0,0,0,щӯ
0,0,0,0,0,0,0,0,0,0,гьуᴴцци
0,0,0,0,0,0,0,0,0,0,пурчи
0,0,0,0,0,0,0,0,0,0,иштавута
0,0,0,0,0,0,0,0,0,0,цца̄ᴴй
0,0,0,0,0,0,0,0,0,0,алІа
0,0,0,0,0,0,0,0,0,0,заᴴджабир
0,0,0,0,0,0,0,0,0,0,цІулакьа
0,0,0,0,0,0,0,0,0,0,инжир
0,0,0,0,0,0,0,0,0,0,чІванубейа̄
0,0,0,0,0,0,0,0,0,0,кʼикІу
0,0,0,0,0,0,0,0,0,0,мигІмати
0,0,0,0,0,0,0,0,0,0,катушка
0,0,0,0,0,0,0,0,0,0,гьали
0,0,0,0,0,0,0,0,0,0,пихъ-мичІ
0,0,0,0,0,0,0,0,0,0,чурпа
0,0,0,0,0,0,0,0,0,0,чорпа
0,0,0,0,1,1,0,0,0,0,буйаб
0,0,0,0,0,0,0,0,0,0,бакьи
0,0,0,0,0,0,0,0,0,0,рикьи
0,0,0,0,0,0,0,0,0,0,ражихъан
0,0,0,0,0,0,0,0,0,0,гъварта
0,0,0,0,0,0,0,0,0,0,хвабу
1,1,1,1,1,1,1,1,1,1,гъурйлъʼа
0,0,0,0,0,0,0,0,0,0,гьатІа
1,1,1,1,1,1,1,1,1,1,бегъигьилъʼа
0,0,0,0,0,0,0,0,0,0,тата
1,1,1,1,1,1,1,1,1,1,гъа̄ᴴйлъʼа
1,1,1,1,1,1,1,1,1,1,лІилІа̄лъʼа
1,1,1,1,1,1,1,1,1,1,сусукІилъʼа
1,1,1,1,1,1,1,1,1,1,буццилъʼа
1,1,0,1,1,1,1,1,1,1,хъе̄лъʼа
0,0,0,0,0,0,0,0,0,0,экуна
0,0,0,0,0,0,0,0,0,0,экваᴴр
0,0,0,0,0,0,0,0,0,0,боги
0,0,0,0,0,0,0,0,0,0,кʼицІу
0,0,0,0,0,0,0,0,0,0,абикІʼа
0,0,0,0,0,0,0,0,0,0,квагьа
0,0,0,0,0,0,0,0,0,0,гʼигʼар
0,0,0,0,0,0,0,0,0,0,чайдан
0,0,0,0,0,0,0,0,0,0,чІету
0,0,0,0,0,0,1,0,0,0,гъора
0,0,0,0,0,0,0,0,0,0,чагʼи
0,0,0,0,0,0,0,0,0,0,чайникІ
1,1,1,1,1,1,1,1,1,1,бежилъʼа
1,1,0,1,1,1,1,1,1,1,гъвабда̄йлъʼа
1,1,1,1,1,1,1,1,1,1,гъваᴴща̄йлъʼа
1,1,0,1,1,1,1,1,1,1,чІачІа̄ᴴйлъʼа
1,1,1,1,1,1,1,1,1,1,ццӯᴴйлъʼа
0,0,0,0,0,0,0,0,0,0,гьаᴴкъажар
0,0,0,0,0,0,0,0,0,0,маквасар
1,1,1,1,1,1,1,1,1,1,эквиᴴлъʼа
0,0,0,0,0,0,0,0,0,0,загьру
0,0,0,0,0,0,0,0,0,0,дару
0,0,0,0,0,0,0,0,0,0,дарман
0,0,0,0,0,0,0,0,0,0,сабаб
0,0,0,0,0,0,0,0,0,0,тохтур
0,0,0,0,0,0,0,0,0,0,врач
1,1,0,1,1,1,1,1,1,1,битІигьилъʼа
0,0,0,0,0,0,0,0,0,0,гьачча
0,0,0,0,0,0,0,0,0,0,гьаᴴцци
0,0,0,0,0,0,0,0,0,0,ххва̄р
0,0,0,0,0,0,0,0,0,0,бато̄бейа̄
0,0,0,0,0,0,0,0,1,0,лълъеᴴквара
0,0,0,0,0,0,0,0,0,0,цциццинар
0,0,0,0,0,0,0,0,0,0,абахвар
1,1,1,1,1,1,1,1,1,1,аᴴлълъа
0,0,0,0,0,1,0,0,0,0,салъар
0,0,0,0,0,0,0,0,0,0,деччалар
0,0,0,0,0,0,0,0,0,0,кІору
0,0,0,0,0,0,0,0,0,0,гьоба
0,0,0,0,0,0,0,0,0,0,джаназа
1,1,1,1,1,1,1,1,1,1,ккве̄лъʼа
1,1,1,1,1,1,1,1,1,1,ичІилъʼа
0,0,0,0,0,0,0,0,0,0,бичІаб
0,0,0,0,0,0,0,0,0,0,гІумру
1,1,1,1,1,1,1,1,1,1,игьилъʼа
0,0,0,0,0,0,0,0,0,0,белъа̄ла
1,1,1,1,1,1,1,1,1,1,белъа̄йлъʼа
1,1,1,1,1,1,1,1,1,1,биллилъʼа
1,1,1,1,1,1,1,1,1,1,хъаᴴхъарӣлъʼа
1,1,1,1,1,1,1,1,1,1,кьихиᴴлъʼа
1,1,1,1,1,1,1,1,1,1,даᴴдилъʼа
1,1,1,1,1,1,1,1,1,1,чІуᴴйлъʼа
1,1,1,1,1,1,1,1,1,1,баллайлъʼа
0,0,0,0,0,0,0,0,0,0,тва̄р
1,1,1,1,1,1,1,1,1,1,эчуйилъʼа
1,1,1,1,1,1,1,1,1,1,эхІуйилъʼа
1,1,0,1,1,1,1,1,1,1,гьиÏкІӣйлъʼа
1,1,1,1,1,1,1,1,1,1,гьайилъʼа
0,0,0,0,0,0,0,0,0,0,гъатІа
0,0,0,0,0,0,0,0,0,0,рекʼа
0,0,0,0,0,0,0,0,0,0,беххи
0,0,0,0,0,0,0,0,0,0,бегван
0,0,0,0,0,0,0,0,0,0,бакьаби
0,0,0,0,0,0,0,0,0,0,ццаᴴкІʼар
0,0,0,0,0,0,0,0,0,0,чІикъи
0,0,0,0,0,0,0,0,0,0,ккӯᴴ
0,0,0,0,0,0,0,0,0,0,релалІи
0,0,0,0,0,0,0,0,0,0,хвиᴴссар
0,0,0,0,0,0,0,0,0,0,хуᴴссар
0,0,0,0,0,0,0,0,0,0,ракІва
0,0,0,0,0,0,0,0,0,0,ццӯᴴ
0,0,0,0,0,0,0,0,0,0,игьу
0,0,0,0,0,0,0,0,0,0,кʼекʼа
0,0,0,0,0,0,0,0,0,0,нихи
0,0,0,0,0,0,0,0,0,0,лъиру
0,0,0,0,0,0,0,0,0,0,микІʼа
0,0,0,0,0,0,0,0,0,0,лъали
0,0,0,0,0,0,0,0,0,0,мижа
0,0,0,0,0,0,0,0,0,0,муᴴгищал
0,0,0,0,0,0,0,0,0,0,гьикьи-кваᴴща
0,0,0,0,0,0,0,0,0,0,нику
0,0,0,0,0,0,0,0,0,0,щуби
0,0,0,0,0,0,0,0,0,0,кваᴴща
0,0,0,0,0,0,0,0,0,0,бегвалІи
1,1,0,1,0,1,1,0,0,1,милъу
0,0,0,0,0,0,0,0,0,0,рела
0,0,0,0,0,0,0,0,0,0,гьаᴴщал
0,0,0,0,0,0,0,0,0,0,гъажу
0,0,1,0,0,0,0,0,0,0,макъала
0,0,0,0,0,0,0,0,0,0,холу
0,0,0,0,0,0,0,0,0,0,гʼару
0,0,0,0,0,0,0,0,0,0,салу
0,0,0,0,0,0,0,0,0,0,хамалаби
0,0,0,0,0,0,0,0,0,0,мицци
0,0,0,0,0,0,0,0,0,0,симу
0,0,0,0,0,0,0,0,0,0,ссуᴴкІʼа
0,0,0,0,0,0,0,0,0,0,маши
0,0,0,0,0,0,0,0,0,0,катІи
0,0,0,0,0,0,0,0,0,0,мийар
0,0,0,0,0,0,0,0,0,0,гьаᴴкІʼитІа
0,0,0,0,0,0,0,0,0,0,арахун
0,0,0,0,0,0,0,0,0,0,эсаб
0,0,0,0,0,0,0,0,0,0,баса
0,0,0,0,0,0,0,0,0,0,жиналІу
0,0,0,0,0,0,0,0,0,0,гьакьа
0,0,0,0,0,0,0,0,0,0,элІу
0,0,0,0,0,0,0,0,0,0,мигьакІʼа
0,0,0,0,0,0,0,0,0,0,мийакІʼа
0,0,0,0,0,0,0,0,0,0,кІʼата
0,0,0,0,0,0,0,0,0,0,гваᴴгвара
0,0,0,0,0,0,0,0,0,0,ъвани
0,0,0,0,0,0,0,0,0,0,бехума
0,0,0,0,0,0,0,0,0,0,мигъа
0,0,0,0,0,0,0,0,0,0,кІʼама
0,0,0,0,0,0,0,0,0,0,эсаб-жвала
0,0,0,0,0,0,0,0,0,0,ракьи
0,0,0,0,0,0,0,0,0,0,пула-щекІʼа
0,0,0,0,0,0,0,0,0,0,гьери
0,0,0,0,0,0,0,0,0,0,бекъватІа
0,0,0,0,0,0,0,0,0,0,кʼара
0,0,0,0,0,0,0,0,0,0,хвахва
0,0,0,0,0,0,0,0,0,0,мижату
0,0,0,0,0,0,0,0,0,0,гъоча
0,0,0,0,0,0,0,0,0,0,кʼеба
0,0,0,0,0,0,0,0,0,0,къаркъала
0,0,0,0,0,0,0,0,0,0,лага
0,0,0,0,0,0,0,0,0,0,кракадил
0,0,0,0,0,0,0,0,0,0,кІʼаᴴччи
0,0,0,0,0,0,0,0,0,0,къокъу
0,0,0,0,0,0,0,0,0,0,ццарабаххал
0,0,0,0,0,0,0,0,0,0,гъарцІа
0,0,0,0,0,0,0,0,0,0,кІуркІула
0,0,0,0,0,0,0,0,0,0,бекʼа
0,0,0,0,0,0,0,0,0,0,чІаᴴкъу
0,0,0,0,0,0,0,0,0,0,тІуᴴтІу
0,0,0,0,0,0,0,0,0,0,мишта-пера
0,0,0,0,0,0,0,0,0,0,отал
0,0,0,0,0,0,0,0,0,0,щиру
0,0,0,0,0,0,0,0,0,0,пера
0,0,0,0,0,0,0,0,0,0,ниси
0,0,0,0,0,0,0,0,0,0,гьакІʼатІан
0,0,0,0,0,0,0,0,0,0,жуᴴжу
0,0,0,0,0,0,0,0,0,0,таракан
0,0,0,0,0,0,0,0,0,0,гьачІакІвар
0,0,0,0,0,0,0,0,0,0,гьачІакІвал
0,0,0,0,0,0,0,0,0,1,жва̄ᴴ
0,0,0,0,0,0,0,0,0,0,чІаᴴди
0,0,0,0,0,0,0,0,0,0,тІана
0,0,0,0,0,0,0,0,0,0,нацци
0,0,0,0,0,1,0,0,0,0,рухІчІаголъар
0,0,0,0,0,0,0,0,0,0,варан
0,0,0,0,0,0,0,0,0,0,пил
0,0,0,0,0,0,0,0,0,0,мамалака
0,0,0,0,0,0,0,0,0,0,гъварчІчІа
0,0,0,0,0,0,0,0,0,0,сари
0,0,0,0,0,0,0,0,0,0,сӣᴴ
0,0,0,0,0,0,0,0,0,0,гъалбацІи
0,0,0,0,0,0,0,0,0,0,бацІа
0,0,0,0,0,0,0,0,0,0,кит
0,0,0,0,0,0,0,0,0,0,дельфин
0,0,0,0,0,0,0,0,0,0,акула
0,0,0,0,0,0,0,0,0,0,гьвару
0,0,0,0,0,0,0,0,0,0,ххва̄ᴴй
0,0,0,0,0,0,0,0,0,0,гʼиву
0,0,0,0,0,0,0,0,0,0,кьаᴴкІʼал
0,0,0,0,0,0,0,0,0,0,гъуᴴгъу
0,0,0,0,0,0,0,0,0,0,бугьу
0,0,0,0,0,0,0,0,0,0,хъоба
0,0,0,0,0,0,0,0,0,0,папугай
0,0,0,0,0,0,0,0,0,0,ххубуча
0,0,0,0,0,0,0,0,0,0,хъащигъа
0,0,0,0,0,0,0,0,0,0,чайка
0,0,0,0,0,0,0,0,0,0,хІажилакълакъ
0,0,0,0,0,0,0,0,0,0,щакʼиб
0,0,0,0,0,0,0,0,0,0,бехван
0,0,0,0,0,0,0,0,0,0,лъес̄а-о̄ча
0,0,0,0,0,0,0,0,0,0,хъази-о̄ча
1,1,0,1,1,1,1,1,0,1,балъа
0,0,0,0,0,0,0,0,0,0,о̄ча
0,0,0,0,0,0,0,0,0,0,гъорцІин
0,0,0,0,0,0,0,0,0,0,амаха
0,0,0,0,0,0,0,0,0,0,та̄й
0,0,0,0,0,0,0,0,0,0,ичва
0,0,0,0,0,0,0,0,0,0,барти
0,0,0,0,0,0,0,0,0,0,кІʼату
0,0,0,0,0,0,0,0,0,0,цІикІʼар
0,0,0,0,0,0,0,0,0,0,тІукʼа
0,0,0,0,0,0,0,0,0,0,цценалІи
0,0,0,0,0,0,0,0,0,0,болъон
0,0,0,0,0,0,0,0,0,0,кье̄р
0,0,0,0,0,0,0,0,0,0,риха
0,0,0,0,0,0,0,0,0,0,квӣᴴ
0,0,0,0,0,0,0,0,0,0,биччалІи
0,0,0,0,0,0,0,0,0,0,лъе̄р
0,0,0,0,0,0,0,0,0,0,лъеъер
0,0,0,0,0,0,0,0,0,0,зини
0,0,0,0,0,0,0,0,0,0,муса
0,0,0,0,0,0,0,0,0,0,бечІуха
0,0,0,0,0,0,0,0,0,0,игьва
0,0,0,0,0,0,0,0,0,0,алаха
0,0,0,0,0,0,0,0,0,0,бечІуха-боццар
0,0,0,0,0,0,0,0,0,0,хІаван
0,0,0,0,0,0,0,0,0,0,хъизан
0,0,0,0,0,1,0,0,0,0,ъваналІалъар
0,0,0,0,0,0,0,0,0,0,къоролав
0,0,0,0,0,0,0,0,0,0,къоролай
0,0,0,0,0,0,0,0,0,0,наслу
0,0,0,0,0,0,0,0,0,0,умумади
0,0,0,0,0,0,0,0,0,0,вацца̄б
0,0,0,0,0,0,0,0,0,0,йацца̄б
0,0,0,0,0,0,0,0,0,0,йацци
0,0,0,0,0,0,0,0,0,0,вацци
0,0,0,0,0,0,0,0,0,0,гьиᴴкІʼе̄ла
0,0,0,0,0,0,0,0,0,0,гьиᴴкІʼе̄ма
0,0,0,0,0,0,0,0,0,0,вацци-йацци
0,0,0,0,0,0,0,0,0,0,макІʼи
0,0,0,0,0,0,0,0,0,0,йагьа
0,0,0,0,0,0,0,0,0,0,вагьа
0,0,0,0,0,0,0,0,0,0,ила-има
0,0,0,0,0,0,0,0,0,0,ила
0,0,0,0,0,0,0,0,0,0,има
0,0,0,0,0,0,0,0,0,0,батІалъар
0,0,0,0,0,0,0,0,0,0,бертин
0,0,0,0,0,0,0,0,0,0,регьен
0,0,0,0,0,0,0,0,0,0,гьаккуй
0,0,0,0,0,0,0,0,0,0,ъванекІва
0,0,0,0,0,0,0,0,0,0,онгьекІва
0,0,0,0,0,0,0,0,0,0,гьекІва
0,0,0,0,0,0,0,0,0,0,гьайам
0,0,0,0,0,0,0,0,0,0,гьа̄м
0,0,0,0,0,0,0,0,0,0,гьабу
0,0,0,0,0,0,0,0,0,0,лъуйи
0,0,1,0,0,0,0,0,0,0,цІа̄й-хъо̄б
1,1,1,1,1,1,1,1,1,1,буща̄йлъʼа
1,1,1,1,1,1,1,1,1,1,бука̄йлъʼа
1,1,1,1,1,1,1,1,1,1,пирхийа̄йлъʼа
1,1,1,1,1,1,1,1,1,1,цІагьилъʼа
0,0,0,0,0,0,0,0,0,0,гвейар
0,0,0,0,0,0,0,0,0,0,ккӯᴴй
0,0,0,0,0,0,0,0,0,0,цІа̄
0,0,0,0,0,0,0,0,0,0,дуне̄л
0,0,0,0,0,0,0,0,0,0,зариххар
0,0,0,0,0,0,0,0,0,0,зари
0,0,0,0,0,0,0,0,0,0,аᴴзи
0,0,0,0,0,0,0,0,0,0,гьинаву
0,0,0,0,0,0,0,0,0,0,мучу
0,0,0,0,0,0,0,0,0,0,гьава
0,0,0,0,0,0,0,0,0,0,щиби
0,0,0,0,0,0,0,0,0,0,аᴴччу
0,0,0,0,0,1,0,0,0,0,беццулъар
0,0,0,0,0,0,0,0,0,0,квана
0,0,0,0,0,0,0,0,0,0,цІабацІиᴴгьу
0,0,0,0,0,0,0,0,0,0,ххупуча
0,0,0,0,0,0,0,0,0,0,гъва̄р
0,0,0,0,0,0,0,0,0,0,гІашти
0,0,0,0,0,0,0,0,0,0,ццару
0,0,0,0,0,0,0,0,0,0,боц̄у
1,1,0,0,1,1,0,0,1,1,милъи
0,0,0,0,0,0,0,0,0,0,регьан
0,0,0,0,0,0,0,0,0,0,хихин
0,0,0,0,0,0,0,0,0,0,чвачва
0,0,0,0,0,0,0,0,0,0,тиццу
0,0,0,0,0,0,0,0,0,0,к’ита
0,0,0,0,0,0,0,0,0,0,лъесса
0,0,0,0,0,0,0,0,0,0,бегьа
0,0,0,0,0,0,0,0,0,0,гъайа
0,0,0,0,0,0,0,0,0,0,чаракван
0,0,0,0,0,0,0,0,0,0,игьура
0,0,0,0,0,0,0,0,0,0,акиан
0,0,0,0,0,0,0,0,0,0,кьиба
1,1,1,1,1,1,1,1,1,1,релъа
0,0,0,0,0,0,0,0,0,0,нухъа
0,0,0,0,0,0,0,0,0,0,ручча
0,0,0,0,0,1,0,0,0,0,ракъдаллъар
1,0,0,0,1,1,0,1,1,0,чІинкІиллъи
0,0,0,0,0,0,0,0,0,0,гІатІиракьи
0,0,0,0,0,0,0,0,0,0,байдан
0,0,0,0,0,0,0,0,0,0,гьакъи
0,0,0,0,0,0,0,0,0,0,кьва̄
0,0,0,0,0,0,0,0,0,0,чІаба
0,0,0,0,0,0,0,0,0,0,хъупи
0,0,0,0,0,0,0,0,0,0,селу
0,0,0,0,0,0,0,0,0,0,кьеххва
0,0,0,0,0,0,0,0,0,0,уᴴщи
0,0,0,0,0,0,0,0,0,0,хІукумат
0,0,0,0,0,0,0,0,0,0,улка
0,0,0,0,0,1,0,0,0,0,дунийал
0,0,0,0,0,0,0,0,0,0,зебу
0,1,0,0,1,0,0,1,0,0,хъахІлъи
0,0,0,0,0,0,0,0,0,0,кьебу
0,0,0,0,0,0,0,0,0,0,релъа̄хъа
0,0,0,0,0,0,0,0,0,0,ссагІати
0,0,0,0,0,0,0,0,0,0,цІабай
0,0,0,0,0,0,0,0,0,0,гьакьуххиᴴдал
0,0,0,0,0,0,0,0,0,0,гьо̄йзебу
1,0,0,0,0,0,0,0,0,0,арбагІ
0,0,0,0,0,0,0,0,0,0,ссеризебу
0,0,0,0,0,0,0,0,0,0,рузмай
0,0,0,0,0,0,0,0,0,0,шамати
0,0,0,0,0,0,0,0,0,0,ре̄б
0,0,0,0,0,0,0,0,0,0,къину
0,0,0,0,0,0,0,0,0,0,гьинибагьар
1,1,1,1,1,1,1,1,1,1,гьӯᴴйлъʼа
1,1,0,1,1,1,1,1,1,1,лълъвӣᴴлъʼа
0,0,0,0,0,0,0,0,0,0,тІагІам
1,1,1,1,1,1,1,1,1,1,аᴴлъилъʼа
1,1,1,1,1,1,1,1,1,1,анихьʼилъʼа
0,0,0,0,0,0,0,0,0,0,лъаччу
0,0,0,0,0,0,0,0,0,0,лъаччу-ккола
1,1,1,1,1,1,1,1,1,1,гье̄ᴴлъʼа
1,1,0,1,1,1,1,1,1,1,раччиᴴлъʼа
1,1,0,1,1,1,1,1,1,1,багьиᴴлъʼа
1,1,1,1,1,1,1,1,1,1,багьа̄ᴴйлъʼа
1,1,1,1,1,1,1,1,1,1,гьа̄ᴴйлъʼа
1,1,0,1,1,1,1,1,1,1,гваᴴгъӣлъʼа
0,0,0,0,0,0,0,0,0,0,кьери
1,1,1,1,1,1,1,1,1,1,киддилъʼа
1,1,0,1,1,1,1,1,1,1,ццаба̄йлъʼа
0,0,0,0,0,0,0,0,0,0,рухІил
0,0,0,0,0,0,0,0,0,0,икъибал
0,0,0,0,0,0,0,0,0,0,тал̄игьи
1,1,1,1,1,1,1,1,1,1,гьагьа̄йлъʼа
1,1,0,1,1,1,1,1,1,1,багьакІвилъʼа
1,1,0,1,1,1,1,1,1,1,гьелулъилъʼа
0,0,0,0,0,0,0,0,0,0,жалар
0,0,0,0,0,0,0,0,0,0,жа̄р
0,0,0,0,0,0,0,0,0,0,угъал
0,0,0,0,0,0,0,0,0,0,эчи
0,0,0,0,0,0,0,0,0,0,гурхІийар
1,1,1,1,1,1,1,1,1,1,хъа̄йлъʼа
1,1,0,1,1,1,1,1,1,1,гьикІийлъʼа
0,0,0,0,0,0,0,0,0,0,ма̄
1,1,1,1,1,1,1,1,1,1,зигарийлъʼа
1,1,1,1,1,1,1,1,1,1,хъалалъилъʼа
0,0,0,0,0,0,0,0,0,0,ссими
0,0,0,0,0,0,0,0,0,0,жахІийалъар
0,0,0,0,0,0,0,0,0,0,щакийар
0,0,0,0,0,0,0,0,0,0,сули
0,0,0,0,0,0,0,0,0,0,лъа̄р
0,0,0,0,0,0,0,0,0,0,гъира
0,0,0,0,0,0,0,0,0,0,мурайи
0,0,0,0,0,0,0,0,0,0,хийал
0,0,0,0,0,0,0,0,0,0,хьул
1,1,1,1,1,1,1,1,1,1,бахъайлъʼа
1,1,1,1,1,1,1,1,1,1,баᴴйилъʼа
0,0,0,0,0,0,0,0,0,0,такъсир
0,0,0,0,0,0,0,0,0,0,гъалатІи
1,1,0,1,1,1,1,1,1,1,беццицциᴴлъʼа
0,0,0,0,0,0,0,0,0,0,акъило
0,0,0,0,0,0,0,0,0,0,акъилу
1,1,0,1,1,1,1,1,1,1,ургъӣлъʼа
1,1,0,1,1,1,1,1,1,1,бужилъʼа
1,1,1,1,1,1,1,1,1,1,булъиᴴлъʼа
1,1,1,1,1,1,1,1,1,1,балълъиᴴгьилъʼа
0,0,0,0,0,0,0,0,0,0,магІана
1,1,1,1,1,1,1,1,1,1,бийа̄йлъʼа
1,1,0,1,1,1,1,1,1,1,ццалӣлъʼа
1,1,1,1,1,1,1,1,1,1,ццалийа̄йлъʼа
0,0,0,0,0,0,0,0,0,0,учитир
0,0,0,0,0,0,0,0,0,0,ишкул
0,0,0,0,0,0,0,0,0,0,мадрас
1,1,1,1,1,1,1,1,1,1,бечучилъʼа
1,1,1,1,1,1,1,1,1,1,булъа̄ᴴйлъʼа
0,0,0,0,0,0,0,0,0,0,къасси
0,0,0,0,0,0,0,0,0,0,нигʼата
0,0,0,0,1,0,0,0,0,0,хийал
0,0,0,0,0,0,0,0,0,0,мурайи
0,0,0,0,0,0,0,0,0,0,гІилла
0,0,0,0,0,0,0,0,0,0,вас-васи
0,0,0,0,0,0,0,0,0,0,ишкал
1,1,1,1,1,1,1,1,1,1,шакӣлъʼа
0,0,0,0,0,0,0,0,0,0,къочаᴴр
0,0,0,0,0,0,0,0,0,0,къочан
0,0,0,0,0,0,0,0,0,0,хІажалъар
0,0,0,0,0,0,0,0,0,0,гьала-гьаᴴкІʼагьар
0,0,0,0,0,0,0,0,0,0,къайа
1,1,1,1,1,1,1,1,1,1,бибӣлъʼа
1,1,1,1,1,1,1,1,1,1,шуршурӣлъʼа
1,1,1,1,1,1,1,1,1,1,барбарӣалъʼа
1,1,1,1,1,1,1,1,1,1,щущуйлъʼа
1,1,0,1,1,1,1,1,1,1,чІичІирӣлъʼа
1,1,1,1,1,1,1,1,1,1,ваᴴдилъʼа
1,1,1,1,1,1,1,1,1,1,унилъʼа
1,1,1,1,1,1,1,1,1,1,бакъатІилъилъʼа
1,1,0,1,1,1,1,1,1,1,бабарӣлъʼа
1,1,0,1,1,1,1,1,1,1,гьикьилъʼа
0,0,0,0,0,0,0,0,0,0,букІаб
0,0,0,0,0,0,0,0,0,0,унар
0,0,0,0,0,0,0,0,0,0,калам
0,0,0,0,0,0,0,0,0,0,ццера
1,1,1,1,1,1,1,1,1,1,хе̄лъʼа
1,1,1,1,1,1,1,1,1,1,букъа̄йлъʼа
1,1,1,1,1,1,1,1,1,1,балилъʼа
1,1,1,1,1,1,1,1,1,1,аᴴлъа̄йлъʼа
1,1,1,1,1,1,1,1,1,1,пударӣлъʼа
0,0,0,0,0,0,0,0,0,0,кагъати
0,0,0,0,0,0,0,0,0,0,ручка
0,0,0,0,0,0,0,0,0,0,кечІухъан
0,0,0,0,0,0,0,0,0,0,зурма
0,0,0,0,0,0,1,0,0,0,два̄ᴴ
0,0,0,0,0,0,0,0,0,0,ватІан
0,0,0,0,0,0,0,0,0,0,гьана
0,0,0,0,0,0,0,0,0,0,гІорхъи
0,0,0,0,0,0,0,0,0,0,дарзу
0,0,0,0,0,0,0,0,0,0,халкъи
0,0,0,0,0,0,0,0,0,0,агьилу
0,0,0,0,0,0,0,0,0,0,умата
0,0,0,0,0,0,0,0,0,0,къам
0,0,0,0,0,0,0,0,0,0,цевехъан
0,0,0,0,0,0,0,0,0,0,цІули
0,0,0,0,0,0,0,0,0,0,къирал
0,0,0,0,0,0,0,0,0,0,парчахІи
0,0,0,0,0,0,0,0,0,0,хважаин
0,0,0,0,0,0,0,0,0,0,лагъи
0,0,0,0,0,0,0,0,0,0,чапар
1,1,1,1,1,1,1,1,1,1,мутІигІилъилъʼа
1,1,0,1,1,1,1,1,1,1,къагьаÏрлъилъʼа
0,0,0,0,0,0,0,0,0,0,гьудул-гьамагъа
0,0,0,0,0,0,0,0,0,0,гьамагъа
0,0,0,0,0,0,0,0,0,0,тушман
0,0,0,0,0,0,0,0,0,0,мадугьал
0,0,0,0,0,0,0,0,0,0,цце̄
0,0,0,0,0,0,0,0,0,0,кумаки
0,0,0,0,0,0,0,0,0,0,тоххола
0,0,0,0,0,0,0,0,0,0,квербакъийар
0,0,0,0,0,0,0,0,0,0,гІайати
0,0,0,0,0,0,0,0,0,0,кьал
1,1,1,1,1,1,1,1,1,1,даᴴдилъилъʼа
0,0,0,0,0,0,0,0,0,0,хъахІба
1,1,0,1,1,1,1,1,1,1,рагъӣлъʼа
0,0,0,0,0,0,0,0,0,0,рагъи
0,0,0,0,0,0,0,0,0,0,ракъар
0,0,0,0,0,0,0,0,0,0,арми
0,0,0,0,0,0,0,0,0,0,салдати
0,0,0,0,0,0,0,0,0,0,рагъухъан
0,0,0,0,0,0,0,0,0,0,йарагъи
0,0,0,0,0,0,0,0,0,0,могора
0,0,0,0,0,0,0,0,0,0,чалта
0,0,0,0,0,0,0,0,0,0,цІиᴴгьу
0,0,0,0,0,0,0,0,0,0,лъегъан
0,0,0,0,0,0,0,0,0,0,эхъва
0,0,0,0,0,0,0,0,0,0,ххачан
0,0,0,0,0,0,0,0,0,0,тупи
0,0,0,0,0,0,0,0,0,0,гІарайа
0,0,0,0,0,0,0,0,0,0,йарагъи-матахІи
0,0,0,0,0,0,0,0,0,0,такъийа
0,0,0,0,0,0,0,0,0,0,талкъан
0,0,0,0,0,0,0,0,0,0,хъала
0,0,0,0,0,0,0,0,0,0,щеба
0,0,0,0,0,1,0,0,0,0,бигьалъар
0,0,0,0,0,0,0,0,0,0,битар
0,0,0,0,0,0,0,0,0,0,хъараву
0,0,0,0,0,0,0,0,0,0,давула
0,0,0,0,0,0,0,0,0,0,гъаᴴцІа
0,0,0,0,0,0,0,0,0,0,леска
0,0,0,0,0,0,0,0,0,0,сетка
0,0,0,0,0,0,0,0,0,0,къор
1,1,1,1,1,1,1,1,1,1,кьвагьийа̄йлъʼа
0,0,0,0,0,0,0,0,0,0,закун
0,0,0,0,0,0,0,0,0,0,диван
0,0,0,0,0,0,0,0,0,0,ссуди
0,0,0,0,0,0,0,0,0,0,ссудийав
0,0,0,0,0,0,0,0,0,0,диваᴴбег
0,0,0,0,0,0,0,0,0,0,нугІи
0,0,0,0,0,0,0,0,0,0,наква
1,1,1,1,1,1,1,1,1,1,какӣлъʼа
0,0,0,0,0,0,0,0,0,0,джаза
0,0,0,0,0,0,0,0,0,0,тамихІ
0,0,0,0,0,0,0,0,0,0,гІакІа
0,0,0,0,0,0,0,0,0,0,туснахъи
0,0,0,0,0,0,0,0,0,0,бичІалар
0,0,0,0,0,0,0,0,0,0,кква̄р
0,0,0,0,0,0,0,0,0,0,зина
0,0,0,0,0,0,0,0,0,0,гʼала
0,0,0,0,0,0,0,0,0,0,дин
0,0,0,0,0,0,0,0,0,0,Аллагьав
0,0,0,0,0,0,0,0,0,0,килиса
0,0,0,0,0,0,0,0,0,0,гьатІан
0,0,0,0,1,0,0,0,0,0,михІраб
0,0,0,0,0,0,0,0,0,0,къулма
0,0,0,0,0,0,0,0,0,0,къулмайихъвар
1,1,0,1,1,1,1,1,1,1,къулӣлъʼа
0,0,0,0,0,0,0,0,0,0,качичи
1,1,1,1,1,1,1,1,1,1,разилъилъʼа
0,0,0,0,0,0,0,0,0,0,гІалжан
0,0,0,0,0,0,0,0,0,0,жужахІи
0,0,0,0,0,0,0,0,0,0,гІиприт
0,0,0,0,0,0,0,0,0,0,илбиси
0,0,0,0,0,0,0,0,0,0,ссихІуру
0,0,0,0,0,0,0,0,0,0,гІаламати
