1,1,1,1,1,1,1,1,1,1,речІра
1,1,1,1,1,1,1,0,1,1,лъийра
0,0,0,0,1,0,0,0,0,1,лъийа
1,1,1,1,1,1,1,1,1,1,рехорилъа
0,0,0,0,0,0,0,0,0,0,башла
1,1,1,1,1,1,1,0,1,1,кукулІа
0,0,0,0,0,0,0,0,0,0,мих
0,0,0,0,0,0,0,0,0,0,гІасру
0,0,0,0,0,0,0,0,0,0,заман
0,0,0,0,0,0,0,0,0,0,къІано
0,0,0,0,0,0,0,0,0,0,ролІикІу
0,0,0,0,0,0,0,0,0,0,къІицІи
1,1,1,1,1,1,1,1,1,1,тІетІра
1,1,1,1,1,1,1,1,1,1,хІажа
0,0,0,0,0,0,0,0,0,0,мухъ
0,0,0,0,0,0,0,0,0,0,гонду
0,0,0,0,0,0,0,0,0,0,шар
0,0,0,0,0,0,0,0,0,0,гор
0,0,0,0,0,0,0,0,0,0,агъІур
0,0,0,0,0,0,0,0,0,0,хъанчи
0,0,0,0,0,0,0,0,0,0,чІиму
0,0,0,0,0,0,0,0,0,0,окІо
0,0,0,0,0,0,0,0,0,0,тІом
1,1,1,1,1,1,1,0,1,1,расада
1,1,1,1,1,1,1,0,1,1,ракъІилъа
0,1,0,1,0,0,0,0,0,0,риза
0,0,0,0,0,0,0,0,0,0,къилма
0,0,0,0,0,0,0,0,0,0,север
0,0,0,0,0,0,0,0,0,0,магъриб
0,0,0,0,0,0,0,0,0,0,машрикъ
0,0,0,0,0,0,0,0,0,0,ролІоси
0,0,0,0,0,0,0,0,0,0,пу
0,0,0,0,0,0,0,0,0,0,ахир
0,0,0,0,0,0,0,0,0,0,икьу
0,0,0,0,0,0,0,0,0,0,кичу
0,1,1,1,1,1,1,0,1,1,рухъІа
1,1,1,1,1,0,0,0,1,1,цуцикІа
0,1,1,1,1,1,1,1,1,1,кьихъа
1,1,1,1,1,1,1,0,1,1,рагъІа
0,1,0,1,0,0,0,0,1,1,гьокІа
0,1,0,0,1,0,0,0,1,0,тІахІа
1,1,1,1,1,1,1,0,1,1,эжулъа
1,1,1,1,1,1,1,1,1,1,ризира
1,1,1,1,1,1,1,1,1,1,рутира
0,0,0,0,0,0,0,0,0,0,лІеху-раьчиру
1,1,1,1,1,1,1,0,1,1,лІеха
1,1,1,0,1,1,1,0,1,1,кеца
1,1,1,1,1,1,1,0,1,1,эхъра
0,0,0,0,0,0,0,0,0,0,мочи
1,1,1,1,1,1,1,1,1,1,рулъира
1,1,0,1,0,1,0,0,1,1,багьа
0,0,0,0,0,0,0,0,0,0,магазин
0,0,0,0,0,0,0,0,0,0,базар
0,0,0,0,0,0,0,0,0,0,базарган
1,1,1,1,1,1,1,1,1,1,телІа
1,1,1,1,1,1,1,1,1,1,риса
0,0,0,0,0,0,0,0,0,0,харж
0,0,0,0,0,0,0,0,0,0,магъал
0,0,0,0,0,0,0,0,0,0,налуг
0,0,0,0,0,0,0,0,0,0,тІетІерни
0,0,0,0,0,0,0,0,0,0,хІисаб
0,0,0,0,0,0,0,0,0,0,налъи
0,0,0,0,0,0,0,0,0,0,къарз
0,0,0,0,0,0,0,0,0,0,налъулав
0,0,0,0,0,0,0,0,0,0,эсирнакІу
0,0,0,0,0,0,0,0,0,0,гІабаси
0,0,0,0,0,0,0,0,0,0,мицхир
1,1,1,1,1,1,1,1,1,1,регира
1,1,1,1,1,1,1,1,1,1,гугира
1,1,1,1,1,1,1,1,1,1,ресура
1,1,1,1,1,1,1,1,1,1,кІеда
1,1,1,1,1,1,1,0,1,1,рехура
0,0,0,0,0,0,0,0,0,0,шебин
0,0,0,0,0,0,0,0,1,0,байа
1,1,1,0,1,1,1,0,1,1,биса
1,1,1,1,1,1,1,0,1,1,рохъа
1,1,1,1,0,0,1,1,1,1,рича
0,0,0,0,0,0,0,0,0,0,порт
0,0,0,0,0,0,0,0,0,0,йакор
0,0,0,0,0,0,0,0,0,0,парус
0,1,0,0,0,1,0,0,0,0,мачта
0,0,0,0,0,0,0,0,0,0,плот
1,1,0,0,1,1,1,0,0,1,лодка
1,1,0,0,1,0,0,0,0,0,гама
0,0,0,0,0,0,0,0,0,0,рекьу
0,0,0,0,0,0,0,0,0,0,им
0,0,0,0,0,0,0,0,0,0,гьоко
0,0,0,1,0,0,0,0,1,0,лІе
0,0,0,0,0,0,0,0,0,0,гьуни
1,1,1,1,1,1,1,1,1,1,къІилІа
1,1,1,1,1,1,1,1,1,1,рижа
1,1,1,1,1,1,1,1,1,1,ретра
1,1,0,0,1,1,0,0,1,0,рова
1,1,1,1,1,1,1,0,1,1,игоха
1,1,0,1,1,1,0,1,0,0,айа
1,1,1,1,1,1,1,1,1,1,боха
0,1,0,0,1,0,0,1,1,0,гуга
1,0,0,1,1,1,1,0,1,0,икІа
1,1,1,1,1,1,1,1,1,1,оха
1,1,1,0,1,1,1,1,1,1,охъа
1,1,1,1,1,1,0,1,1,1,шихъІонйада
1,1,1,1,1,1,1,0,1,1,ахІнада
1,1,1,1,1,1,1,0,1,1,паІлІира
1,1,1,1,1,1,1,1,1,1,паІлІа
1,1,1,1,1,1,1,1,1,1,швахІлІира
1,1,1,1,1,1,1,1,1,1,шешроха
1,1,1,1,1,1,1,1,1,1,бихъира (бурти)
1,1,1,1,1,1,1,1,1,1,кура
1,1,1,1,1,1,1,1,1,1,бІокьа
1,1,1,1,1,1,1,0,1,1,бизира
1,1,1,1,1,1,1,0,1,1,болІиха
1,1,1,1,1,1,1,1,1,1,шетІура
1,1,1,1,1,1,1,0,1,1,решнада
0,0,0,0,0,1,1,0,0,0,пураьй
1,0,0,0,0,0,0,0,0,0,пураьр
1,1,0,1,1,0,1,0,1,0,кІекІ-икІа
0,0,0,0,0,0,0,0,0,0,тІахъІ
0,0,0,0,0,0,0,0,0,0,эшудори
0,0,1,1,0,0,0,0,0,0,лак
0,0,0,0,0,0,0,0,0,0,лажбар
0,0,0,0,0,0,0,0,0,0,статуйа
0,0,0,0,0,0,0,0,0,0,скулптор
1,1,1,1,0,1,1,0,1,1,речІа
0,0,0,0,0,0,0,0,0,0,лъацирахъу
0,0,0,0,0,1,0,0,1,0,чанта
0,1,1,0,1,1,1,0,1,1,рутІуга
0,0,0,0,0,0,0,0,0,0,куд
1,1,1,1,1,1,1,1,1,1,риша
0,0,0,0,0,0,0,0,0,0,чІикай
0,0,0,0,0,0,0,0,0,0,чІедо
0,0,0,0,0,0,0,0,0,0,кебу
0,0,0,0,0,0,0,0,0,0,гер
0,0,0,0,0,0,0,0,0,0,гьироцІ
0,0,0,0,0,0,0,0,0,0,месед
0,0,0,0,0,0,0,0,0,0,цІигъо
0,0,0,0,0,0,0,0,0,0,цІигъорахъу
0,0,0,0,0,0,0,0,0,0,къони
1,0,0,0,1,1,0,1,1,1,квартІа
0,0,0,0,0,0,0,0,0,0,хирих
1,1,1,1,1,1,1,1,1,1,гегра
0,0,0,0,0,0,0,0,0,0,хъІод
0,0,0,0,0,0,0,0,0,0,гонду
1,1,1,1,1,1,1,1,1,1,рода
0,0,0,0,0,0,0,0,0,0,алат
0,0,0,0,0,0,0,0,0,0,цІарагІ
0,0,0,0,0,0,0,0,0,0,меш
1,1,1,1,1,1,1,0,1,1,эсада
1,1,1,1,1,1,1,1,1,1,ралІаІ
1,0,0,1,0,0,1,1,1,0,этІа
1,1,1,0,1,1,1,0,1,1,цеца
1,1,1,1,1,1,1,1,1,1,рикъІира
1,1,1,1,1,1,1,0,1,1,риха
1,1,1,1,1,1,1,1,1,1,райтехра
1,1,1,1,1,1,1,1,1,1,райтеха
1,1,1,1,1,1,1,1,1,1,лІиса
1,1,1,1,1,1,1,1,1,1,чІодира
1,1,1,1,1,1,1,0,1,1,хослІа
1,1,1,1,1,1,1,0,1,1,хвалІа
1,1,1,1,1,1,1,0,1,1,лІахІира
1,1,1,1,1,1,1,1,1,1,чІалІаІ
1,1,1,1,1,1,1,0,1,1,рекура
0,0,0,0,0,0,0,0,0,0,гІо
0,0,0,0,0,0,0,0,0,0,эшин
0,0,0,0,0,0,0,0,0,0,хъІиричІ
1,1,0,0,0,0,0,0,0,0,тІитІа
0,1,1,1,1,1,1,0,1,1,кІотІоникІа
0,0,0,0,0,0,0,0,0,0,тІахІу
0,0,0,0,0,0,0,0,0,0,роч
0,0,0,0,0,0,0,0,0,0,мохо
0,0,0,0,0,0,0,0,0,0,гъугъуди
1,1,1,1,1,1,1,1,1,1,рогъа
1,1,1,1,0,1,1,1,1,1,куша
0,1,1,1,1,1,0,1,1,1,рица
0,0,0,0,0,0,0,0,0,0,бейни
0,0,0,0,0,0,0,0,0,0,хІалтІи
0,0,0,0,0,0,0,0,0,0,зикІу
1,0,1,1,1,1,1,1,1,1,меча
0,0,0,0,0,0,0,0,0,0,бамбук
0,0,0,0,0,0,0,0,0,0,хъабахъ
0,0,0,0,0,0,0,0,0,0,батат
0,0,0,0,0,0,0,0,0,0,кокос
0,0,0,0,0,0,0,0,0,0,палма
0,0,0,0,0,0,0,0,0,0,къІул
0,0,0,0,0,0,0,0,0,0,зуди
0,0,0,0,0,0,0,0,0,0,машу
0,0,0,0,0,0,0,0,0,0,таммаку
0,0,0,0,0,0,0,0,0,0,нахІукІла
0,1,0,0,1,1,1,0,1,0,йолка
0,0,0,0,0,0,0,0,0,0,ачитІ
0,0,0,0,0,0,0,0,0,0,мей
0,0,0,0,0,0,0,0,0,0,пеІпиІ
0,0,0,0,0,0,0,0,0,0,нахІу
0,0,0,0,0,0,0,0,0,0,гъун
0,0,0,0,0,0,0,0,0,0,гагали
0,0,0,0,0,0,0,0,0,0,лІеІб
1,1,1,1,1,1,1,0,1,1,ара
0,0,0,0,0,0,0,0,0,0,гІаркьел
1,1,1,1,1,1,1,1,1,1,рилІа
0,0,0,0,0,0,0,0,0,0,бих
0,0,0,0,0,0,0,0,0,0,пулав
0,0,0,0,0,0,0,0,0,0,симилди
0,0,0,0,0,0,0,0,0,0,тІево
1,1,1,0,1,1,0,0,0,1,махъа
0,0,0,0,0,0,0,0,0,0,эжи
0,0,0,0,0,0,0,0,0,0,мугьуби
0,0,0,0,0,0,0,0,0,0,хъІичи
0,0,0,0,0,0,0,0,0,0,оцу
1,1,1,1,1,1,1,0,1,1,гъигъа
1,1,1,1,1,1,1,0,1,1,коса
0,0,0,0,0,0,0,0,0,0,мугьу
0,0,0,0,0,0,0,0,0,0,хослІакІу
0,0,0,0,0,0,0,0,0,0,къІулІу
0,0,0,0,0,0,0,0,0,0,тохъІи
0,0,0,0,0,0,0,0,0,0,аку
0,0,0,0,0,0,0,0,0,0,рилІу
0,0,0,0,0,0,0,0,0,0,рох
0,0,0,0,0,0,0,0,0,0,куро
0,0,0,0,0,0,0,0,0,0,багъ
0,0,0,0,0,0,0,0,0,0,фермер
0,0,0,0,0,0,0,0,0,0,гач
0,0,0,0,0,0,0,0,0,0,агури
0,0,0,0,0,0,0,0,0,0,кирпич
1,1,1,1,1,1,1,1,1,1,ака
0,0,0,0,0,0,0,0,0,0,хъидохъу
0,0,0,0,0,0,0,0,0,0,къІир
1,1,1,1,1,0,0,0,1,0,къвІачІа
0,0,0,0,0,0,0,0,0,0,истарапил
0,0,0,0,0,0,0,0,0,0,кьІу
1,1,1,1,1,1,1,0,1,1,тара
0,0,0,0,0,0,0,0,0,0,лъилъиро
0,0,0,0,0,0,0,0,0,0,ицо
0,0,0,0,0,0,0,0,0,0,чарахІ
0,0,0,0,0,0,0,0,0,0,истІовли
0,0,0,0,0,0,0,0,0,0,къІури
0,0,0,0,0,0,0,0,0,0,сабани
0,0,0,0,0,0,0,0,0,0,хъІилІци
0,0,0,0,0,0,0,0,0,0,карават
0,0,0,0,0,0,0,0,0,0,хъІилІури
0,0,0,0,0,0,0,0,0,0,бухари
0,0,0,0,0,0,0,0,0,0,хІо
0,0,0,0,0,0,0,0,0,0,хъидо
0,0,0,0,0,0,0,0,0,0,аки
1,0,1,1,1,1,1,0,1,1,река
0,0,0,0,0,0,0,0,0,0,гъІами
0,0,0,0,0,0,0,0,0,0,буркІули
0,1,0,0,0,0,0,0,1,0,ма
0,0,0,0,0,0,0,0,0,0,гъІутку
0,0,0,0,0,0,0,0,0,0,отахи
0,0,0,0,0,0,0,0,0,0,ац
0,0,0,0,0,0,0,0,0,0,каву
0,0,0,0,0,0,0,0,0,0,кулуб
0,0,0,0,0,0,0,0,0,0,кухни
0,0,0,0,0,0,0,0,0,0,азбар
1,1,1,0,1,1,1,0,0,1,палатка
0,0,0,0,0,0,0,0,0,0,охъру
0,0,1,1,0,0,0,0,1,1,ича
0,0,0,0,0,0,0,0,0,0,сопІон
0,0,0,0,0,0,0,0,0,0,маз
0,0,0,0,0,0,0,0,0,0,жежу
0,0,0,0,0,0,0,0,0,0,гьилІу
0,0,0,0,0,0,0,0,0,0,эшу
0,0,0,0,0,0,0,0,0,0,хІухІрекьахъу
0,0,0,0,0,0,0,0,0,0,хІикьохъу
0,0,0,0,0,0,0,0,0,0,къІимкьоси
0,0,0,0,0,0,0,0,0,0,ахІйахоси
0,0,0,0,0,0,0,0,0,0,кІечІ
0,0,0,0,0,0,0,0,0,0,кІечІреби
0,0,0,0,0,0,0,0,0,0,башихъІой
0,0,0,0,0,0,0,0,0,0,жавгьар
0,0,0,0,0,0,0,0,0,0,накъиш
0,0,0,0,0,0,0,0,0,0,хъІиричІ-мури
0,0,0,0,0,0,0,0,0,0,цетІо
0,0,0,0,0,0,0,0,0,0,жини
0,0,1,0,0,1,0,0,0,0,пардав
0,0,0,0,0,0,0,0,0,0,рекьихъой
0,0,0,0,0,0,0,0,0,0,ашуни
0,0,0,0,0,0,0,0,0,0,хотІохъоси
1,1,0,0,0,1,0,0,1,1,патинка
0,0,0,0,0,0,0,0,0,0,цІинтІай
0,0,0,0,0,0,0,0,0,0,пигъІу
0,0,0,0,0,0,0,0,0,0,гъелІу
1,1,1,1,1,1,1,0,1,1,йупка
0,0,0,0,0,0,0,0,0,0,гед
0,0,0,0,0,0,0,0,0,0,палту
1,0,1,0,1,1,0,0,0,1,кунта
0,0,0,1,0,0,0,0,0,0,лак
0,0,0,0,0,0,0,0,0,0,лажбар
1,1,1,1,0,1,1,1,1,1,чухъІа
0,0,0,0,0,0,0,0,0,0,плаш
0,0,0,0,0,0,0,0,0,0,мури
0,0,0,0,0,0,0,0,0,0,иму
1,0,1,0,1,1,1,0,1,1,рахъІа
0,0,0,0,0,0,0,0,0,0,станок
0,0,0,0,0,0,0,0,0,0,гІокь
0,0,0,0,0,0,0,0,0,0,дабагъ
0,0,0,0,0,0,0,0,0,0,хъолІу
0,0,0,0,0,0,0,0,0,0,бутни
0,0,0,0,0,0,0,0,0,0,дарай
0,0,0,0,1,0,0,0,0,0,бамба
0,0,0,0,0,0,0,0,0,0,бамбази
1,0,0,0,0,0,0,1,1,0,сатІина
0,0,0,0,0,0,0,0,0,0,гьис
0,0,0,0,0,0,0,0,0,0,нигагъІичІи
0,0,0,0,0,0,0,0,0,0,шекьурхъу
0,0,0,0,0,0,0,0,0,0,шекьу
1,1,1,1,1,1,1,0,1,1,шекьа
0,0,0,0,0,0,0,0,0,0,гуди
0,0,0,0,0,0,0,0,0,0,кІенечІ
0,0,0,0,0,0,0,0,0,0,зеру
0,0,0,0,0,0,0,0,0,0,пиво
1,1,1,1,1,1,1,1,0,1,ша
0,0,0,0,0,0,0,0,0,0,лъи
0,0,0,0,0,0,0,0,0,0,нок
0,0,0,0,0,0,0,0,0,0,изу
0,0,0,0,0,0,0,0,0,0,акри
0,0,0,0,0,1,0,0,0,1,тІетІа
0,0,0,0,0,0,0,0,0,0,чакар
0,0,0,0,0,0,0,0,0,0,гъІай
0,0,0,0,0,0,0,0,0,0,нуци
0,0,0,0,0,0,0,0,0,0,цІицІакІи
0,0,0,0,0,0,0,0,0,0,цийо
0,0,0,0,0,0,0,0,0,0,мо
0,0,0,0,0,0,0,0,0,0,махІи
0,0,0,0,0,0,0,0,0,0,зети
0,0,0,0,0,0,0,0,0,0,зайтун
0,0,0,0,0,0,0,0,0,0,кІуди
0,0,0,0,0,0,0,0,0,0,вахъІар
0,0,0,0,0,0,0,0,0,0,лигъуІ
0,0,0,0,0,0,0,0,0,0,гилу
0,0,0,0,0,0,0,0,0,0,битІо
0,0,0,0,0,0,0,0,0,0,чІихІо
0,0,0,0,0,0,0,0,0,0,гьекІу
0,0,0,0,0,0,0,0,0,0,гьил
1,1,0,0,0,0,0,1,1,0,чорпа
0,0,0,0,0,0,0,0,0,0,чІагъІир
0,0,0,0,0,0,0,0,0,0,релІ
0,0,0,0,0,0,0,0,0,0,тІилухІ
0,0,0,0,0,0,0,0,0,0,агъІу
0,0,0,0,0,0,0,0,0,0,атІ
0,0,0,0,0,0,0,0,0,0,гегму
1,1,1,0,1,1,1,0,1,1,(атІ) къукъа
0,0,0,0,0,0,0,0,0,0,магалу
1,1,1,1,1,1,1,0,1,1,гъирлІа
0,1,1,0,1,1,1,0,1,1,реца
0,1,1,1,1,1,1,1,1,1,цІега
1,1,1,1,1,1,1,1,0,1,биша
0,0,0,0,0,0,0,0,0,0,баьшрулъи
0,0,0,0,0,0,0,0,0,0,хоцІу
0,0,0,0,0,0,0,0,0,0,къІилъи
0,0,0,0,0,0,0,0,0,0,кІовзи
0,0,0,0,0,0,0,0,0,0,зокІи
0,0,0,0,0,0,0,0,0,0,тунги
0,0,0,0,0,0,0,0,0,0,шитІу
0,0,0,0,0,0,0,0,0,0,лІохІо
0,0,0,0,0,0,0,0,0,0,муш
0,0,0,0,0,0,0,0,0,0,чайникІ
1,1,1,1,1,1,1,0,1,1,рахІира
1,1,1,1,1,1,1,1,1,1,хъІарада
1,1,1,1,1,1,1,0,1,1,шитІра
0,1,1,1,1,1,1,0,1,0,рига
1,1,1,1,1,1,1,1,1,1,жожонада
1,1,1,1,1,1,1,1,1,1,цІоцІолІа
1,1,1,1,1,1,0,0,1,0,ачхъІа
0,0,0,0,0,0,0,0,0,0,меко
0,0,0,0,0,0,0,0,0,0,мекайрулъи
1,1,1,1,1,1,1,1,1,1,хІалІа
1,1,1,1,1,1,1,0,1,1,иша
0,1,1,1,1,1,1,1,1,1,рацІа
1,1,1,1,1,1,1,1,1,1,бихира
0,0,0,0,0,0,0,0,0,0,загьру
0,0,0,0,0,0,0,0,0,0,дару
0,0,0,0,0,0,0,0,0,0,дарман
0,0,0,0,0,0,0,0,0,0,сабаб
0,0,0,0,0,0,0,0,0,0,дохтур
0,0,0,0,0,0,0,0,0,0,врач
1,1,1,1,1,1,1,0,1,1,ричира
0,0,0,0,0,0,0,0,0,0,рахъІ
0,0,0,0,0,0,0,0,0,0,ругъен
0,0,0,0,0,0,0,0,0,0,лъачІи
0,0,0,0,0,0,0,0,0,0,чІикдори
0,0,0,0,0,0,0,0,0,0,борйо
1,1,1,1,1,1,1,0,1,1,лІалІа
0,0,0,0,0,0,0,0,0,0,къІут
0,0,0,0,0,0,0,0,0,0,раькъІирулъи
0,0,0,0,0,0,0,0,0,0,хІамора-къІимес
0,0,0,0,0,0,0,0,0,0,хъехъ
0,0,0,0,0,0,0,0,0,0,титино
0,0,0,0,0,0,0,0,0,0,бухІи
0,0,0,0,0,0,1,0,0,0,шуд
1,1,1,1,0,0,1,1,0,1,шуша
0,0,0,0,0,0,0,0,0,0,цуди
1,1,0,1,1,1,0,1,1,0,жаназа
1,1,1,1,1,1,1,1,1,1,эхура
1,1,1,1,1,1,1,0,1,1,эха
1,1,0,1,1,1,0,0,1,1,окІлъа
0,0,0,0,0,0,0,0,0,0,эхаси
0,0,0,0,0,0,0,0,0,0,чІагуйав
0,0,0,0,0,0,0,0,0,0,гІумру
1,1,1,1,1,1,1,1,1,1,ода
1,1,1,1,1,1,1,1,1,1,эсанада
1,1,1,1,1,1,1,1,1,1,шеша
1,1,1,1,1,1,1,1,1,1,йигъІира
1,1,1,1,1,1,1,1,1,1,чІарилъа
1,1,1,1,1,1,0,1,1,1,хІарлІа
0,1,0,1,1,1,1,0,1,1,рага
0,0,0,0,1,0,0,0,1,0,хана
1,1,1,1,1,1,1,1,1,0,эчнада
1,1,1,1,1,1,1,1,1,1,къахІлІа
1,1,1,1,1,1,0,1,1,1,гьекІлІа
1,1,1,1,1,1,1,1,1,1,гьамакІрада
0,0,0,0,0,0,0,0,0,0,пучули
0,0,0,0,0,0,0,0,0,0,къІондоли
0,0,0,0,0,0,0,0,0,0,атору
0,0,0,0,0,0,0,0,0,0,кІецІ-махІи
0,0,0,0,0,0,0,0,0,0,кІончІу
0,0,0,0,0,0,0,0,0,0,цотІ
0,0,0,0,0,0,0,0,0,0,гьомой
0,0,0,0,0,0,0,0,0,0,бишахъу
0,0,0,0,0,0,0,0,0,0,боцкори
0,0,0,0,0,0,0,0,0,0,гендори
0,0,0,0,0,0,0,0,0,0,жуби
0,0,0,0,0,0,0,0,0,0,хІаморокІу
0,0,0,0,0,0,0,0,0,0,рокІу
0,0,0,0,0,0,0,0,0,0,цотІори
0,0,0,0,0,0,0,0,0,0,мегъу
0,0,0,0,0,0,0,0,0,0,кики
0,0,0,0,0,0,0,0,0,0,кикиби (гъаназас)
0,0,0,0,0,0,0,0,0,0,лела
0,0,0,0,0,0,0,0,0,0,лел
1,1,1,1,1,1,1,1,0,1,баша (хотІос)
0,0,0,0,0,0,0,0,0,0,ругъу (хотІос)
1,1,0,0,1,1,1,1,1,0,хаза
0,0,0,0,0,0,0,0,0,0,хотІо
0,0,0,0,0,0,0,0,0,0,бечни
0,0,0,0,0,0,0,0,0,0,мІолъу
0,0,0,0,0,0,0,0,0,0,бІовла
0,0,0,0,0,0,0,0,0,0,къІиду
1,1,1,1,1,1,1,1,1,1,рекьа
0,0,0,0,0,0,0,0,0,0,рукь
0,0,0,1,1,0,1,1,1,1,гедина
0,0,0,0,0,0,0,0,0,0,мецу
0,0,0,0,0,0,0,0,0,0,рекъу
0,0,0,0,0,0,0,0,0,0,цІигъу
0,0,0,0,0,0,0,0,0,0,хІиро
0,0,0,0,0,0,0,0,0,0,рес
1,1,0,0,0,0,0,0,0,0,бІайа
0,0,0,0,0,0,0,0,0,0,ачІу
0,0,0,0,0,0,0,0,0,0,мечІ
0,0,0,0,0,0,0,0,0,0,кІицу
0,0,0,0,0,0,0,0,0,0,цемори
0,0,0,0,0,0,0,0,0,0,мец
0,0,0,0,0,0,0,0,0,0,кьепу
0,0,0,0,0,0,0,0,0,0,бІукьи
0,0,0,0,0,0,0,0,0,0,гьахъу
0,0,0,0,0,0,0,0,0,0,лъетІру
0,0,0,0,0,0,0,0,0,0,хІикь
0,0,0,0,0,0,0,0,0,0,мІали
0,0,0,0,0,0,0,0,0,0,ахІйа
1,1,1,1,1,1,1,0,1,1,цІилІа
0,0,0,0,0,0,0,0,0,0,цІецІ
0,0,0,0,0,0,0,0,0,0,озури
0,0,0,0,0,0,0,0,0,0,хІухІ
0,0,0,0,0,0,0,0,0,0,чІичІин
0,0,0,0,0,0,0,0,0,0,кьокъІо
0,0,0,0,0,0,0,0,0,0,гьутІмІали
0,1,0,1,1,1,0,0,1,1,ата
0,0,0,0,0,0,0,0,0,0,къІим
0,0,0,0,0,0,0,0,0,0,гугу
0,0,0,0,0,0,0,0,0,0,шилу
1,1,1,1,1,1,1,0,1,1,жибра
0,0,0,1,1,0,0,0,1,1,лІуза
0,0,0,0,0,0,0,0,0,0,ийо
0,0,0,0,0,0,0,0,0,0,хезу
0,0,0,0,0,0,0,0,0,0,мус
0,0,0,0,0,0,0,0,0,0,котІу
0,0,0,0,0,0,0,0,0,0,коди
0,0,0,0,0,0,0,0,0,0,кочори
0,0,0,0,0,0,0,0,0,0,бик
0,0,0,0,0,0,0,0,0,0,хІоши
1,1,1,1,1,1,1,0,0,1,лага
0,0,0,0,1,0,0,0,0,0,къаркъала
0,0,0,0,0,0,0,0,0,0,аждахІ
0,0,0,0,0,0,0,0,0,0,кракадил
0,0,0,0,0,0,0,0,0,0,шетро
0,0,0,0,0,0,0,0,0,0,лъохІро
0,0,0,0,0,0,0,0,0,0,амурйо
0,0,0,0,0,0,0,0,0,0,хоцІи
0,0,0,0,0,0,0,0,0,0,кьандиру
0,0,0,0,0,0,0,0,0,0,кидиллей
0,0,0,0,0,0,0,0,0,0,билІохъІу
0,0,0,0,0,0,0,0,0,0,бикори
0,0,0,0,0,0,0,0,0,0,ацурйо
0,0,0,0,0,0,0,0,0,0,бико
0,0,0,0,0,0,0,0,0,0,хІай
1,1,1,1,1,1,1,1,1,1,кІара
0,0,0,0,0,0,0,0,0,0,тІутІ
0,0,0,0,0,0,0,0,0,0,лІит
0,0,0,0,0,0,0,0,0,0,хІе
0,0,0,0,0,0,0,0,0,0,тормужи
0,0,0,0,0,0,0,0,0,0,бозогъу
0,0,0,0,0,0,0,0,0,0,реценйо
0,0,0,0,0,0,0,0,0,0,таракан
0,0,0,0,0,0,0,0,0,0,акърав
0,0,0,0,0,0,0,0,0,0,чІики
0,0,0,0,0,0,0,0,0,0,ноци
0,0,0,0,0,0,0,0,0,0,хІутІхъумур
0,0,0,0,0,0,0,0,0,0,хІумукули
0,0,0,0,0,0,0,0,0,0,пил
0,0,1,0,0,0,0,0,0,0,маймалак
0,0,0,0,0,0,0,0,0,0,белъи
0,0,0,0,0,0,0,0,0,0,зиру
0,0,0,0,0,0,0,0,0,0,зей
0,0,0,0,0,0,0,0,0,0,цІиркъ
0,0,0,0,0,0,0,0,0,0,боцІи
0,0,0,0,0,0,0,0,0,0,кит
0,0,0,0,0,0,0,0,0,0,делфин
0,0,0,0,0,0,0,0,0,0,акула
0,0,0,0,0,0,0,0,0,0,бесуро
0,0,0,0,0,0,0,0,0,0,кІетІу
0,0,0,0,0,0,0,0,0,0,хъІай
0,0,0,0,0,0,0,0,0,0,тІуми
0,0,0,0,0,0,0,0,0,0,элбо
0,0,0,0,0,0,0,0,0,0,къІадо
0,0,0,0,0,0,0,0,0,0,къІвади
0,0,0,0,0,0,0,0,0,0,гъІвади
0,0,0,0,0,0,0,0,0,0,папугай
0,0,0,0,0,0,0,0,0,0,лалІухъІи
0,0,0,0,0,0,0,0,0,0,цей
0,0,0,0,0,0,0,0,0,0,курзакІу
0,1,1,1,1,0,1,0,1,0,чайка
0,0,0,0,0,0,0,0,0,0,гьажилакълакъ
0,0,0,0,0,0,0,0,0,0,агъи
0,0,0,0,0,0,0,0,0,0,мужи
0,0,0,0,0,0,0,0,0,0,матІи
0,0,0,0,0,0,0,0,0,0,хъаз
0,0,0,0,0,0,0,0,0,0,оночу
0,0,0,0,0,0,0,0,0,0,мамалай
0,0,0,0,0,0,0,0,0,0,къурецІни
0,0,0,0,0,0,0,0,0,0,гІомой
0,0,0,0,0,0,0,0,0,0,сирйо
0,0,0,0,0,0,0,0,0,0,барти
0,0,0,0,0,0,0,0,0,0,гулу (сиршагъІва)
0,0,0,0,0,0,0,0,0,0,цекІи
1,1,1,1,1,0,1,0,1,1,тІека
0,0,0,0,1,0,0,0,1,0,чанйа
0,0,0,0,0,0,0,0,0,0,бІелІо
0,0,0,0,0,0,0,0,0,0,лІели
0,0,0,0,0,0,0,0,0,0,бекькъІу
0,0,0,0,0,0,0,0,0,0,микьи
0,0,0,0,0,0,0,0,0,0,меши
0,0,0,0,0,0,0,0,1,1,зийа
0,0,0,0,0,0,0,0,0,0,ис
0,0,0,0,0,0,0,0,0,0,гани
0,0,0,0,0,0,0,0,0,0,гъуро
0,0,0,0,0,0,0,0,0,0,речу
0,0,0,0,0,0,0,0,0,0,агъІни
0,0,0,0,0,0,0,0,0,0,ахІо
0,0,0,0,0,0,0,0,0,0,ахІози
0,0,0,0,0,0,0,0,0,0,гІалах
0,0,0,0,0,0,0,0,0,0,(идуси) посу
0,0,0,0,0,0,0,0,0,0,гІагарлъи
0,0,0,0,0,0,0,0,0,0,къоролав
0,0,0,0,0,0,0,0,0,0,къоролай
0,0,0,0,0,0,0,0,0,0,бестІал
0,0,0,0,0,0,0,0,0,0,хинзорси
0,0,0,0,0,0,0,0,0,0,адерси
0,0,0,0,0,0,0,0,0,0,вацгІал
0,0,0,0,0,0,0,0,0,0,йацгІал
0,0,0,0,0,0,0,0,0,0,эчула
1,1,1,1,1,1,1,1,1,1,къІулІа
0,0,0,0,0,0,0,0,0,0,эснаби
0,0,0,0,0,0,0,0,0,0,эсий
0,0,0,0,0,0,0,0,0,0,эсив
0,0,0,0,0,0,0,0,0,0,хехби
0,0,0,0,0,0,0,0,0,0,хизорси
0,0,0,0,0,0,0,0,0,0,кид
0,0,0,0,0,0,0,0,0,0,ужи
0,0,0,0,0,0,0,0,0,0,обу-бабив
0,0,0,0,0,0,0,0,0,0,энив
0,0,0,0,0,0,0,0,0,0,обув
0,0,0,0,0,0,0,0,0,0,бабив
0,0,0,0,0,0,0,0,0,0,йохаьрулъи
0,0,0,0,0,0,0,0,0,0,бертен
0,0,0,0,0,0,0,0,0,0,магьар
0,0,0,0,0,0,0,0,0,0,бару
0,0,0,0,0,0,0,0,0,0,хедив
0,0,0,0,0,0,0,0,0,0,кІакІили
0,0,0,0,0,0,0,0,0,0,къІимаку
0,0,0,0,0,0,0,0,0,0,гъаІнаби
0,0,0,0,0,0,0,0,0,0,жекІу
0,0,0,0,0,0,0,0,0,0,бахІарчи
0,0,0,0,0,0,0,0,0,0,инсан
0,0,0,0,0,0,1,0,1,0,гІам
1,1,1,0,0,1,1,0,1,0,хъаца
0,0,0,0,0,0,0,0,0,0,цІикъалІу
1,1,1,1,1,1,1,1,1,1,ритІра
1,0,0,1,1,1,0,1,1,0,рикІа
1,1,1,1,1,1,1,0,1,1,рикІура
0,0,0,0,0,0,0,0,0,0,нІолІу
0,0,0,0,0,0,0,0,0,0,гутІ
0,0,0,0,0,0,0,0,0,0,лапи
0,0,0,0,0,0,0,0,0,0,цІи
0,0,0,0,0,0,0,0,0,0,гьава-бакъ
0,0,0,0,0,0,0,0,0,0,беро
0,0,0,0,0,0,0,0,0,0,азирому
0,0,0,0,0,0,0,0,0,0,иси
0,0,0,0,0,0,1,0,0,0,хъема
0,0,0,0,0,0,0,0,0,0,ас
0,0,0,0,0,0,0,0,0,0,лъаци
1,1,0,1,1,1,1,1,1,1,гьава
0,0,0,0,0,0,0,0,0,0,муши
0,0,0,0,0,0,0,0,0,0,хеби
0,0,0,0,0,0,0,0,0,0,гъеду
0,0,0,0,0,0,0,0,0,0,сасилъи
1,1,1,1,1,1,1,0,1,1,чІура
0,0,0,0,0,0,0,0,0,0,хухудори
0,0,0,0,0,0,0,0,0,0,макълІу
1,1,1,1,1,1,0,0,1,1,ца
0,0,0,0,0,0,0,0,0,0,буци
0,0,0,0,0,0,0,0,0,0,бухъ
0,0,0,0,0,0,0,0,0,0,кичуричу
0,0,0,0,0,0,0,0,0,0,цихъ
0,0,0,0,0,0,0,0,0,0,чок
0,0,0,0,0,0,0,0,0,0,къец
0,0,0,0,0,0,0,0,0,0,кьотІу
0,0,0,0,0,0,0,0,0,0,бІон
0,0,0,0,0,0,0,0,0,0,маду
0,0,0,0,0,0,0,0,0,0,ихІу
0,0,0,0,0,0,0,0,0,0,лабу
0,0,0,0,0,0,0,0,0,0,карачел
0,0,0,0,0,0,0,0,0,0,йерезни
0,0,0,0,0,0,0,0,0,0,гІалазан
0,0,0,0,0,0,0,0,0,0,ралъад
0,0,0,0,0,0,0,0,0,0,муж
0,0,0,0,0,0,0,0,0,0,имху
0,0,0,0,0,0,0,0,0,0,рагІал
0,0,0,0,0,0,0,0,0,0,лилйо
0,0,0,0,0,0,0,0,0,0,кантинет
0,0,0,0,0,0,0,0,0,0,чІинкІиллъи
1,1,0,0,1,1,1,0,1,1,гога
0,0,0,0,0,0,0,0,0,0,майдан
0,0,0,0,0,0,0,0,0,0,лъад
0,0,0,0,0,0,0,0,0,0,хъохъ
0,0,0,0,0,0,0,0,0,0,беки
0,0,0,0,0,0,0,0,0,0,тутурлъи
0,0,0,0,0,0,0,0,0,0,гибу
0,0,0,0,0,0,0,0,0,0,кьиди
0,0,0,0,0,0,0,0,0,0,ракь
0,0,0,0,0,0,0,0,0,0,хІукмат
0,0,0,0,0,0,0,0,0,0,дунйал
0,0,0,0,0,0,0,0,0,0,гІалам
0,0,0,0,0,0,0,0,0,0,хъІахІлъи
0,0,0,0,0,0,1,0,0,0,хъІишод
0,0,0,0,0,0,0,0,0,0,сагІат
0,0,0,0,0,0,0,0,0,0,анкь
0,0,0,0,0,0,0,0,0,0,хІатІан
0,0,0,0,0,0,0,0,0,0,итни
0,0,0,0,0,0,0,0,0,0,талат
0,0,0,0,0,0,0,0,0,0,арбагІ
0,0,0,0,0,0,0,0,0,0,хамиз
0,0,0,0,0,0,0,0,0,0,рузман
0,0,0,0,0,0,0,0,0,0,шамат
0,0,0,0,0,0,0,0,0,0,элІни
0,0,0,0,0,0,0,0,0,0,их
0,0,0,0,0,0,0,0,0,0,атІони
0,0,0,0,0,0,0,0,0,0,себи
0,0,0,0,0,0,0,0,0,0,тІагІам
0,1,1,0,1,1,1,1,1,1,техъа
1,1,1,1,1,1,1,1,1,1,техъра
0,0,0,0,0,0,0,0,0,0,гьаракь
0,0,0,0,0,0,0,0,0,0,хъІалІу-хъуй
1,1,1,1,1,1,1,1,1,1,рукада
0,0,0,1,1,0,1,0,0,1,эза
1,1,1,1,1,1,1,0,1,1,рукара
1,1,1,1,1,1,0,0,0,1,меша
0,0,0,0,0,0,0,0,0,0,кьер
1,1,1,1,1,1,1,1,1,1,ритира
0,0,0,0,1,0,0,1,0,0,цІена
0,0,0,0,0,0,0,0,1,0,рийа
1,1,1,0,0,1,1,0,0,0,чухъІа
0,0,0,0,0,0,0,0,0,0,талихІ
0,0,0,0,0,0,0,0,0,0,талихІкъей
1,1,1,1,1,1,1,0,1,1,хъохъолІа
1,1,1,1,1,1,1,1,1,1,элІа
0,1,0,0,0,0,0,0,1,0,йета
0,0,0,0,0,0,0,0,0,0,ролІни
0,0,0,0,0,0,0,0,0,0,къварилъи
0,0,0,0,0,0,0,0,0,0,ахІи
1,1,1,1,1,1,1,1,1,1,гІийада
0,0,0,0,0,0,0,0,0,0,мов
0,1,1,1,1,1,0,1,1,1,аца
0,0,0,0,0,0,0,0,0,0,цим
0,0,0,0,0,0,0,0,0,0,нич
0,0,0,0,0,0,0,0,0,0,ламус
0,0,0,0,0,0,0,0,0,0,запІури
0,0,0,0,0,0,0,0,0,0,бахІарчи
0,0,0,0,0,0,0,0,0,0,хІинкъи
0,0,0,0,0,0,0,0,0,0,гІукьни
1,1,1,1,1,1,1,0,1,1,гъира
0,0,0,0,0,0,0,0,0,0,хьул
0,1,1,0,1,1,1,0,0,0,лъетІа
1,1,1,1,1,1,1,1,1,1,бакьира
0,0,0,0,0,0,0,0,0,0,мекълъи
0,0,0,0,0,0,0,0,0,0,тІекълъи
0,0,0,0,0,0,0,0,0,0,гІакълу
0,0,0,0,0,0,0,0,0,0,пикру
1,1,1,1,1,1,1,1,1,1,рийра
0,0,0,0,0,0,0,0,0,0,мутагІил
0,0,0,0,0,0,0,0,0,0,цІалдухъан
0,0,0,0,0,0,0,0,0,0,ученик
0,0,0,0,0,0,0,0,0,0,мугІалим
0,0,0,0,0,0,0,0,0,0,учител
0,0,0,0,0,0,0,0,0,0,ишкІола
1,1,1,1,1,1,1,1,1,1,шукьира
1,1,1,1,1,1,1,1,1,1,эса
1,0,0,0,0,0,0,0,0,0,мурад
0,0,1,0,1,0,0,1,1,1,багьана
0,0,0,0,1,0,0,0,0,0,гІилла
0,0,0,0,0,0,0,0,0,0,шаклъи
0,0,0,0,0,0,0,0,0,0,хІажалъи
0,0,0,0,0,0,0,0,0,0,хІалбики
1,1,1,1,1,1,1,1,1,1,къагІида
0,0,0,0,0,0,0,0,0,0,хъІалІу
1,1,1,1,1,1,1,1,1,1,хъІалІа
1,1,1,1,1,1,0,1,1,1,пушипешлІа
1,1,1,1,1,1,1,1,1,1,шушулІа
1,1,1,1,1,1,0,1,1,0,чІачІалІа
1,1,1,1,1,1,1,1,1,1,гуралІа
1,1,1,1,1,1,1,0,1,1,хабарйада
1,1,1,1,1,1,1,1,1,1,уулІа
0,0,0,0,0,0,0,0,0,0,хабар
0,0,0,0,0,0,0,0,0,0,калам
0,0,0,0,0,0,0,0,0,0,рожи
1,1,1,1,1,1,1,1,1,1,эсира
1,1,1,1,1,1,1,1,1,1,акьа
1,1,1,1,1,1,1,1,1,1,гокьа
1,1,1,1,1,1,1,0,1,1,эра
1,1,1,0,1,1,1,1,1,1,гІукьра
1,1,1,1,1,1,1,1,1,1,паІлІукІиха
1,1,1,1,1,1,1,1,1,1,цаха
0,0,0,0,0,0,0,0,0,0,кагъат
0,0,0,0,0,0,0,0,0,0,рекьихъу
0,0,0,0,0,0,0,0,0,0,тІек
0,0,0,0,0,0,0,0,0,0,шагІир
1,0,0,0,0,0,0,0,1,0,зурма
0,0,0,0,0,0,0,0,0,0,къили
0,0,0,0,0,0,0,0,0,0,ватІан
0,0,0,0,0,0,0,0,0,0,шагьар
0,0,0,0,0,0,0,0,0,0,гІалІ
0,0,0,0,0,0,0,0,0,0,гІурхъи
0,0,0,0,0,0,0,0,0,0,халкъи
1,1,1,1,1,1,1,0,1,1,къокъа
0,0,0,0,0,0,0,0,0,0,агьлу
0,0,0,0,0,0,0,0,0,0,одоман
1,1,1,1,1,1,1,1,1,1,гІанса
0,0,0,0,0,0,0,0,0,0,игу
0,0,0,0,0,0,0,0,0,0,бетІергьан
0,0,0,0,0,0,0,0,0,0,хазаин
0,0,0,0,0,0,0,0,0,0,рекьихІибакьоси
0,0,0,0,0,0,0,0,0,0,лагъ
0,0,0,0,0,0,0,0,0,0,гъарабаш
0,0,0,0,0,0,0,0,0,0,гьалмагъ
0,0,0,0,0,0,0,0,0,0,гьудул
0,0,0,0,0,0,0,0,0,0,тушман
0,0,0,0,0,0,0,0,0,0,мадугьал
0,0,0,0,0,0,0,0,0,0,ийхануси
0,0,0,0,0,0,0,0,0,0,лІирба
0,0,0,0,0,0,0,0,0,0,кумак
0,0,0,0,0,0,0,0,0,0,гІадат
0,0,0,0,0,0,0,0,0,0,дагІба
0,0,0,0,0,0,0,0,0,0,хъахІба
1,1,1,1,1,1,1,1,1,1,ихІада
1,1,1,1,1,1,1,0,1,1,бихІанада
0,0,0,0,0,0,0,0,0,0,лъІоІри
0,0,0,0,0,0,0,0,0,0,рекъел
0,0,0,0,0,0,0,0,0,0,оз
0,0,0,0,0,0,0,0,0,0,салдат
0,0,0,0,0,0,0,0,0,0,йарагъ
0,0,0,0,0,0,0,0,0,0,кІитІи
0,0,0,0,0,0,0,0,0,0,чоклІу
1,1,1,1,1,1,1,1,1,1,цІеруцІа
0,0,0,0,0,0,0,0,0,0,рези
1,1,1,0,0,1,0,0,1,1,мачІа
0,0,0,0,0,0,0,0,0,0,тупи
1,1,1,1,1,1,1,1,1,1,гІарада
0,0,0,0,0,0,0,0,0,0,талкъан
0,0,0,0,0,0,0,0,0,0,эз
0,0,0,0,0,0,0,0,0,0,хъала
0,0,0,0,0,0,0,0,0,0,зиндо
0,0,0,0,0,0,0,0,0,0,цили
0,0,0,0,0,0,0,0,0,0,баьжирулъи
0,0,0,0,0,0,0,0,0,0,бергьенлъи
0,0,0,0,0,0,0,0,0,0,баьгъурулъи
1,1,1,1,1,1,0,0,1,1,бухъІлъа
1,1,1,1,1,1,1,1,1,1,хизоха
0,0,0,0,0,0,0,0,0,0,бесурозахъу
0,0,0,0,0,0,0,0,0,0,цихъби
1,1,1,1,1,1,1,0,1,1,цалІа
1,1,1,1,1,1,1,0,1,1,чІакъІаьчІиниха
0,0,0,0,0,0,0,0,0,0,бихъирнокІу
0,0,0,0,0,0,0,0,0,0,шаргІи
0,0,0,0,0,0,0,0,0,0,закон
0,0,0,0,0,0,0,0,0,0,диван
0,0,0,0,0,0,1,0,0,0,суд
0,0,0,0,0,0,0,0,0,0,диванбег
0,0,0,0,0,0,1,0,1,0,судийа
0,0,0,0,0,0,0,0,0,0,нугІ
0,0,0,0,0,0,0,0,0,0,тамбихІ
0,0,0,0,0,0,0,0,0,0,туснакъ
0,0,0,0,0,0,0,0,0,0,эхарулъи
0,0,0,0,0,0,0,0,0,0,бигъІирнайрулъи
1,1,1,1,1,1,1,0,1,1,рокІекІа
0,0,0,0,0,0,0,0,0,0,цІогьор
0,0,0,0,0,0,0,0,0,0,дин
0,0,0,0,0,0,0,0,0,0,Аллагь
0,0,0,0,0,0,0,0,0,0,сакъдар
0,0,0,0,0,0,0,0,0,0,мигьмар
0,0,0,0,0,0,0,0,0,0,къурбан
0,0,0,0,0,0,0,0,0,0,кашиш
0,0,0,0,0,0,0,0,0,0,алжан
0,0,0,0,0,0,0,0,0,0,журжахІ
0,0,0,0,0,0,0,0,0,0,илбис
0,0,0,0,0,0,0,0,0,0,шайтІан
0,0,0,0,0,0,0,0,0,0,макрулъи
0,0,0,0,0,0,0,0,0,0,сихІрулъи
0,1,0,0,0,0,0,0,0,0,има
0,0,0,0,0,0,0,0,0,0,карамалъи
0,0,0,0,0,0,0,0,0,0,гІаламат
